[2026-05-04T02:42:22.955+0000] {manager.py:469} INFO - Processing files using up to 2 processes at a time 
[2026-05-04T02:42:22.956+0000] {manager.py:470} INFO - Process each file at most once every 30 seconds
[2026-05-04T02:42:22.957+0000] {manager.py:471} INFO - Checking for new files in /opt/airflow/dags every 300 seconds
[2026-05-04T02:42:22.958+0000] {manager.py:738} INFO - Searching for files in /opt/airflow/dags
[2026-05-04T02:42:22.963+0000] {manager.py:741} INFO - There are 0 files in /opt/airflow/dags
[2026-05-04T02:44:16.849+0000] {manager.py:451} INFO - Exiting gracefully upon receiving signal 15
[2026-05-04T02:44:38.811+0000] {manager.py:469} INFO - Processing files using up to 2 processes at a time 
[2026-05-04T02:44:38.812+0000] {manager.py:470} INFO - Process each file at most once every 30 seconds
[2026-05-04T02:44:38.813+0000] {manager.py:471} INFO - Checking for new files in /opt/airflow/dags every 300 seconds
[2026-05-04T02:44:38.813+0000] {manager.py:738} INFO - Searching for files in /opt/airflow/dags
[2026-05-04T02:44:38.817+0000] {manager.py:741} INFO - There are 0 files in /opt/airflow/dags
[2026-05-04T02:49:38.992+0000] {manager.py:738} INFO - Searching for files in /opt/airflow/dags
[2026-05-04T02:49:38.998+0000] {manager.py:741} INFO - There are 0 files in /opt/airflow/dags
[2026-05-04T02:54:39.045+0000] {manager.py:738} INFO - Searching for files in /opt/airflow/dags
[2026-05-04T02:54:39.067+0000] {manager.py:741} INFO - There are 1 files in /opt/airflow/dags
[2026-05-04T02:54:47.171+0000] {manager.py:879} INFO - 
================================================================================
DAG File Processing Stats

File Path                           PID    Runtime      # DAGs    # Errors  Last Runtime    Last Run
----------------------------------  -----  ---------  --------  ----------  --------------  -------------------
/opt/airflow/dags/etl_ecommerce.py                           1           0  0.41s           2026-05-04T02:54:39
================================================================================
[2026-05-04T02:55:17.731+0000] {manager.py:879} INFO - 
================================================================================
DAG File Processing Stats

File Path                           PID    Runtime      # DAGs    # Errors  Last Runtime    Last Run
----------------------------------  -----  ---------  --------  ----------  --------------  -------------------
/opt/airflow/dags/etl_ecommerce.py                           1           0  1.16s           2026-05-04T02:55:10
================================================================================
[2026-05-04T02:55:47.943+0000] {manager.py:879} INFO - 
================================================================================
DAG File Processing Stats

File Path                           PID    Runtime      # DAGs    # Errors  Last Runtime    Last Run
----------------------------------  -----  ---------  --------  ----------  --------------  -------------------
/opt/airflow/dags/etl_ecommerce.py                           1           0  0.79s           2026-05-04T02:55:41
================================================================================
[2026-05-04T02:56:18.373+0000] {manager.py:879} INFO - 
================================================================================
DAG File Processing Stats

File Path                           PID    Runtime      # DAGs    # Errors  Last Runtime    Last Run
----------------------------------  -----  ---------  --------  ----------  --------------  -------------------
/opt/airflow/dags/etl_ecommerce.py                           1           0  0.27s           2026-05-04T02:56:12
================================================================================
[2026-05-04T02:56:48.771+0000] {manager.py:879} INFO - 
================================================================================
DAG File Processing Stats

File Path                           PID    Runtime      # DAGs    # Errors  Last Runtime    Last Run
----------------------------------  -----  ---------  --------  ----------  --------------  -------------------
/opt/airflow/dags/etl_ecommerce.py                           1           0  0.18s           2026-05-04T02:56:42
================================================================================
[2026-05-04T02:57:19.233+0000] {manager.py:879} INFO - 
================================================================================
DAG File Processing Stats

File Path                           PID    Runtime      # DAGs    # Errors  Last Runtime    Last Run
----------------------------------  -----  ---------  --------  ----------  --------------  -------------------
/opt/airflow/dags/etl_ecommerce.py                           1           0  0.15s           2026-05-04T02:57:13
================================================================================
[2026-05-04T02:57:49.742+0000] {manager.py:879} INFO - 
================================================================================
DAG File Processing Stats

File Path                           PID    Runtime      # DAGs    # Errors  Last Runtime    Last Run
----------------------------------  -----  ---------  --------  ----------  --------------  -------------------
/opt/airflow/dags/etl_ecommerce.py                           1           0  0.15s           2026-05-04T02:57:43
================================================================================
[2026-05-04T02:58:20.161+0000] {manager.py:879} INFO - 
================================================================================
DAG File Processing Stats

File Path                           PID    Runtime      # DAGs    # Errors  Last Runtime    Last Run
----------------------------------  -----  ---------  --------  ----------  --------------  -------------------
/opt/airflow/dags/etl_ecommerce.py                           1           0  0.34s           2026-05-04T02:58:05
================================================================================
[2026-05-04T02:58:50.614+0000] {manager.py:879} INFO - 
================================================================================
DAG File Processing Stats

File Path                           PID    Runtime      # DAGs    # Errors  Last Runtime    Last Run
----------------------------------  -----  ---------  --------  ----------  --------------  -------------------
/opt/airflow/dags/etl_ecommerce.py                           1           0  0.18s           2026-05-04T02:58:35
================================================================================
[2026-05-04T02:59:21.168+0000] {manager.py:879} INFO - 
================================================================================
DAG File Processing Stats

File Path                           PID    Runtime      # DAGs    # Errors  Last Runtime    Last Run
----------------------------------  -----  ---------  --------  ----------  --------------  -------------------
/opt/airflow/dags/etl_ecommerce.py                           1           0  0.16s           2026-05-04T02:59:06
================================================================================
[2026-05-04T02:59:39.528+0000] {manager.py:738} INFO - Searching for files in /opt/airflow/dags
[2026-05-04T02:59:39.554+0000] {manager.py:741} INFO - There are 1 files in /opt/airflow/dags
[2026-05-04T02:59:51.641+0000] {manager.py:879} INFO - 
================================================================================
DAG File Processing Stats

File Path                           PID    Runtime      # DAGs    # Errors  Last Runtime    Last Run
----------------------------------  -----  ---------  --------  ----------  --------------  -------------------
/opt/airflow/dags/etl_ecommerce.py                           1           0  0.17s           2026-05-04T02:59:36
================================================================================
[2026-05-04T03:00:22.120+0000] {manager.py:879} INFO - 
================================================================================
DAG File Processing Stats

File Path                           PID    Runtime      # DAGs    # Errors  Last Runtime    Last Run
----------------------------------  -----  ---------  --------  ----------  --------------  -------------------
/opt/airflow/dags/etl_ecommerce.py                           1           0  0.18s           2026-05-04T03:00:07
================================================================================
[2026-05-04T03:00:52.701+0000] {manager.py:879} INFO - 
================================================================================
DAG File Processing Stats

File Path                           PID    Runtime      # DAGs    # Errors  Last Runtime    Last Run
----------------------------------  -----  ---------  --------  ----------  --------------  -------------------
/opt/airflow/dags/etl_ecommerce.py                           1           0  0.15s           2026-05-04T03:00:37
================================================================================
[2026-05-04T03:01:23.144+0000] {manager.py:879} INFO - 
================================================================================
DAG File Processing Stats

File Path                           PID    Runtime      # DAGs    # Errors  Last Runtime    Last Run
----------------------------------  -----  ---------  --------  ----------  --------------  -------------------
/opt/airflow/dags/etl_ecommerce.py                           1           0  0.15s           2026-05-04T03:01:08
================================================================================
[2026-05-04T03:01:53.730+0000] {manager.py:879} INFO - 
================================================================================
DAG File Processing Stats

File Path                           PID    Runtime      # DAGs    # Errors  Last Runtime    Last Run
----------------------------------  -----  ---------  --------  ----------  --------------  -------------------
/opt/airflow/dags/etl_ecommerce.py                           1           0  0.15s           2026-05-04T03:01:38
================================================================================
[2026-05-04T03:02:24.163+0000] {manager.py:879} INFO - 
================================================================================
DAG File Processing Stats

File Path                           PID    Runtime      # DAGs    # Errors  Last Runtime    Last Run
----------------------------------  -----  ---------  --------  ----------  --------------  -------------------
/opt/airflow/dags/etl_ecommerce.py                           1           0  0.15s           2026-05-04T03:02:09
================================================================================
[2026-05-04T03:02:54.687+0000] {manager.py:879} INFO - 
================================================================================
DAG File Processing Stats

File Path                           PID    Runtime      # DAGs    # Errors  Last Runtime    Last Run
----------------------------------  -----  ---------  --------  ----------  --------------  -------------------
/opt/airflow/dags/etl_ecommerce.py                           1           0  0.17s           2026-05-04T03:02:39
================================================================================
[2026-05-04T03:03:25.137+0000] {manager.py:879} INFO - 
================================================================================
DAG File Processing Stats

File Path                           PID    Runtime      # DAGs    # Errors  Last Runtime    Last Run
----------------------------------  -----  ---------  --------  ----------  --------------  -------------------
/opt/airflow/dags/etl_ecommerce.py                           1           0  0.28s           2026-05-04T03:03:10
================================================================================
[2026-05-04T03:03:55.588+0000] {manager.py:879} INFO - 
================================================================================
DAG File Processing Stats

File Path                           PID    Runtime      # DAGs    # Errors  Last Runtime    Last Run
----------------------------------  -----  ---------  --------  ----------  --------------  -------------------
/opt/airflow/dags/etl_ecommerce.py                           1           0  0.16s           2026-05-04T03:03:40
================================================================================
[2026-05-04T03:04:26.122+0000] {manager.py:879} INFO - 
================================================================================
DAG File Processing Stats

File Path                           PID    Runtime      # DAGs    # Errors  Last Runtime    Last Run
----------------------------------  -----  ---------  --------  ----------  --------------  -------------------
/opt/airflow/dags/etl_ecommerce.py                           1           0  0.16s           2026-05-04T03:04:11
================================================================================
[2026-05-04T03:04:40.438+0000] {manager.py:738} INFO - Searching for files in /opt/airflow/dags
[2026-05-04T03:04:40.460+0000] {manager.py:741} INFO - There are 1 files in /opt/airflow/dags
[2026-05-04T03:04:56.608+0000] {manager.py:879} INFO - 
================================================================================
DAG File Processing Stats

File Path                           PID    Runtime      # DAGs    # Errors  Last Runtime    Last Run
----------------------------------  -----  ---------  --------  ----------  --------------  -------------------
/opt/airflow/dags/etl_ecommerce.py                           1           0  0.15s           2026-05-04T03:04:41
================================================================================
[2026-05-04T03:05:27.141+0000] {manager.py:879} INFO - 
================================================================================
DAG File Processing Stats

File Path                           PID    Runtime      # DAGs    # Errors  Last Runtime    Last Run
----------------------------------  -----  ---------  --------  ----------  --------------  -------------------
/opt/airflow/dags/etl_ecommerce.py                           1           0  0.16s           2026-05-04T03:05:12
================================================================================
[2026-05-04T23:49:38.540+0000] {manager.py:469} INFO - Processing files using up to 2 processes at a time 
[2026-05-04T23:49:38.541+0000] {manager.py:470} INFO - Process each file at most once every 30 seconds
[2026-05-04T23:49:38.542+0000] {manager.py:471} INFO - Checking for new files in /opt/airflow/dags every 300 seconds
[2026-05-04T23:49:38.542+0000] {manager.py:738} INFO - Searching for files in /opt/airflow/dags
[2026-05-04T23:49:38.562+0000] {manager.py:741} INFO - There are 1 files in /opt/airflow/dags
[2026-05-04T23:49:38.668+0000] {manager.py:879} INFO - 
================================================================================
DAG File Processing Stats

File Path                             PID  Runtime      # DAGs    # Errors  Last Runtime    Last Run
----------------------------------  -----  ---------  --------  ----------  --------------  ----------
/opt/airflow/dags/etl_ecommerce.py    171  0.05s             0           0
================================================================================
[2026-05-04T23:50:08.927+0000] {manager.py:879} INFO - 
================================================================================
DAG File Processing Stats

File Path                             PID  Runtime      # DAGs    # Errors  Last Runtime    Last Run
----------------------------------  -----  ---------  --------  ----------  --------------  -------------------
/opt/airflow/dags/etl_ecommerce.py    176  0.00s             1           0  0.28s           2026-05-04T23:49:38
================================================================================
[2026-05-04T23:50:39.195+0000] {manager.py:879} INFO - 
================================================================================
DAG File Processing Stats

File Path                             PID  Runtime      # DAGs    # Errors  Last Runtime    Last Run
----------------------------------  -----  ---------  --------  ----------  --------------  -------------------
/opt/airflow/dags/etl_ecommerce.py    181  0.01s             1           0  0.14s           2026-05-04T23:50:09
================================================================================
[2026-05-04T23:51:09.700+0000] {manager.py:879} INFO - 
================================================================================
DAG File Processing Stats

File Path                             PID  Runtime      # DAGs    # Errors  Last Runtime    Last Run
----------------------------------  -----  ---------  --------  ----------  --------------  -------------------
/opt/airflow/dags/etl_ecommerce.py    186  0.01s             1           0  0.32s           2026-05-04T23:50:39
================================================================================
[2026-05-04T23:51:40.065+0000] {manager.py:879} INFO - 
================================================================================
DAG File Processing Stats

File Path                             PID  Runtime      # DAGs    # Errors  Last Runtime    Last Run
----------------------------------  -----  ---------  --------  ----------  --------------  -------------------
/opt/airflow/dags/etl_ecommerce.py    201  0.01s             1           0  0.20s           2026-05-04T23:51:09
================================================================================
[2026-05-04T23:52:10.443+0000] {manager.py:879} INFO - 
================================================================================
DAG File Processing Stats

File Path                             PID  Runtime      # DAGs    # Errors  Last Runtime    Last Run
----------------------------------  -----  ---------  --------  ----------  --------------  -------------------
/opt/airflow/dags/etl_ecommerce.py    206  0.01s             1           0  0.18s           2026-05-04T23:51:40
================================================================================
[2026-05-04T23:52:40.798+0000] {manager.py:879} INFO - 
================================================================================
DAG File Processing Stats

File Path                             PID  Runtime      # DAGs    # Errors  Last Runtime    Last Run
----------------------------------  -----  ---------  --------  ----------  --------------  -------------------
/opt/airflow/dags/etl_ecommerce.py    211  0.00s             1           0  0.17s           2026-05-04T23:52:10
================================================================================
[2026-05-04T23:53:11.080+0000] {manager.py:879} INFO - 
================================================================================
DAG File Processing Stats

File Path                             PID  Runtime      # DAGs    # Errors  Last Runtime    Last Run
----------------------------------  -----  ---------  --------  ----------  --------------  -------------------
/opt/airflow/dags/etl_ecommerce.py    216  0.00s             1           0  0.15s           2026-05-04T23:52:40
================================================================================
[2026-05-04T23:53:41.428+0000] {manager.py:879} INFO - 
================================================================================
DAG File Processing Stats

File Path                             PID  Runtime      # DAGs    # Errors  Last Runtime    Last Run
----------------------------------  -----  ---------  --------  ----------  --------------  -------------------
/opt/airflow/dags/etl_ecommerce.py    221  0.00s             1           0  0.15s           2026-05-04T23:53:11
================================================================================
[2026-05-04T23:54:11.749+0000] {manager.py:879} INFO - 
================================================================================
DAG File Processing Stats

File Path                             PID  Runtime      # DAGs    # Errors  Last Runtime    Last Run
----------------------------------  -----  ---------  --------  ----------  --------------  -------------------
/opt/airflow/dags/etl_ecommerce.py    226  0.00s             1           0  0.14s           2026-05-04T23:53:41
================================================================================
[2026-05-04T23:54:39.065+0000] {manager.py:738} INFO - Searching for files in /opt/airflow/dags
[2026-05-04T23:54:39.090+0000] {manager.py:741} INFO - There are 1 files in /opt/airflow/dags
[2026-05-04T23:54:42.136+0000] {manager.py:879} INFO - 
================================================================================
DAG File Processing Stats

File Path                             PID  Runtime      # DAGs    # Errors  Last Runtime    Last Run
----------------------------------  -----  ---------  --------  ----------  --------------  -------------------
/opt/airflow/dags/etl_ecommerce.py    231  0.00s             1           0  0.16s           2026-05-04T23:54:11
================================================================================
[2026-05-04T23:55:12.434+0000] {manager.py:879} INFO - 
================================================================================
DAG File Processing Stats

File Path                             PID  Runtime      # DAGs    # Errors  Last Runtime    Last Run
----------------------------------  -----  ---------  --------  ----------  --------------  -------------------
/opt/airflow/dags/etl_ecommerce.py    236  0.01s             1           0  0.17s           2026-05-04T23:54:42
================================================================================
[2026-05-04T23:55:42.866+0000] {manager.py:879} INFO - 
================================================================================
DAG File Processing Stats

File Path                             PID  Runtime      # DAGs    # Errors  Last Runtime    Last Run
----------------------------------  -----  ---------  --------  ----------  --------------  -------------------
/opt/airflow/dags/etl_ecommerce.py    241  0.00s             1           0  0.19s           2026-05-04T23:55:12
================================================================================
[2026-05-04T23:56:13.150+0000] {manager.py:879} INFO - 
================================================================================
DAG File Processing Stats

File Path                             PID  Runtime      # DAGs    # Errors  Last Runtime    Last Run
----------------------------------  -----  ---------  --------  ----------  --------------  -------------------
/opt/airflow/dags/etl_ecommerce.py    246  0.00s             1           0  0.16s           2026-05-04T23:55:43
================================================================================
[2026-05-04T23:56:43.553+0000] {manager.py:879} INFO - 
================================================================================
DAG File Processing Stats

File Path                             PID  Runtime      # DAGs    # Errors  Last Runtime    Last Run
----------------------------------  -----  ---------  --------  ----------  --------------  -------------------
/opt/airflow/dags/etl_ecommerce.py    257  0.00s             1           0  0.16s           2026-05-04T23:56:13
================================================================================
[2026-05-04T23:57:13.861+0000] {manager.py:879} INFO - 
================================================================================
DAG File Processing Stats

File Path                             PID  Runtime      # DAGs    # Errors  Last Runtime    Last Run
----------------------------------  -----  ---------  --------  ----------  --------------  -------------------
/opt/airflow/dags/etl_ecommerce.py    262  0.01s             1           0  0.16s           2026-05-04T23:56:43
================================================================================
[2026-05-04T23:57:44.272+0000] {manager.py:879} INFO - 
================================================================================
DAG File Processing Stats

File Path                             PID  Runtime      # DAGs    # Errors  Last Runtime    Last Run
----------------------------------  -----  ---------  --------  ----------  --------------  -------------------
/opt/airflow/dags/etl_ecommerce.py    267  0.00s             1           0  0.17s           2026-05-04T23:57:14
================================================================================
[2026-05-04T23:58:14.580+0000] {manager.py:879} INFO - 
================================================================================
DAG File Processing Stats

File Path                             PID  Runtime      # DAGs    # Errors  Last Runtime    Last Run
----------------------------------  -----  ---------  --------  ----------  --------------  -------------------
/opt/airflow/dags/etl_ecommerce.py    272  0.00s             1           0  0.15s           2026-05-04T23:57:44
================================================================================
[2026-05-04T23:58:44.963+0000] {manager.py:879} INFO - 
================================================================================
DAG File Processing Stats

File Path                             PID  Runtime      # DAGs    # Errors  Last Runtime    Last Run
----------------------------------  -----  ---------  --------  ----------  --------------  -------------------
/opt/airflow/dags/etl_ecommerce.py    277  0.00s             1           0  0.20s           2026-05-04T23:58:14
================================================================================
[2026-05-04T23:59:15.251+0000] {manager.py:879} INFO - 
================================================================================
DAG File Processing Stats

File Path                             PID  Runtime      # DAGs    # Errors  Last Runtime    Last Run
----------------------------------  -----  ---------  --------  ----------  --------------  -------------------
/opt/airflow/dags/etl_ecommerce.py    282  0.01s             1           0  0.16s           2026-05-04T23:58:45
================================================================================
[2026-05-04T23:59:39.578+0000] {manager.py:738} INFO - Searching for files in /opt/airflow/dags
[2026-05-04T23:59:39.608+0000] {manager.py:741} INFO - There are 1 files in /opt/airflow/dags
[2026-05-04T23:59:45.674+0000] {manager.py:879} INFO - 
================================================================================
DAG File Processing Stats

File Path                             PID  Runtime      # DAGs    # Errors  Last Runtime    Last Run
----------------------------------  -----  ---------  --------  ----------  --------------  -------------------
/opt/airflow/dags/etl_ecommerce.py    287  0.01s             1           0  0.17s           2026-05-04T23:59:15
================================================================================
[2026-05-05T00:00:15.965+0000] {manager.py:879} INFO - 
================================================================================
DAG File Processing Stats

File Path                             PID  Runtime      # DAGs    # Errors  Last Runtime    Last Run
----------------------------------  -----  ---------  --------  ----------  --------------  -------------------
/opt/airflow/dags/etl_ecommerce.py    297  0.00s             1           0  0.15s           2026-05-04T23:59:45
================================================================================
[2026-05-05T00:00:46.336+0000] {manager.py:879} INFO - 
================================================================================
DAG File Processing Stats

File Path                             PID  Runtime      # DAGs    # Errors  Last Runtime    Last Run
----------------------------------  -----  ---------  --------  ----------  --------------  -------------------
/opt/airflow/dags/etl_ecommerce.py    302  0.00s             1           0  0.16s           2026-05-05T00:00:16
================================================================================
[2026-05-05T00:01:16.634+0000] {manager.py:879} INFO - 
================================================================================
DAG File Processing Stats

File Path                             PID  Runtime      # DAGs    # Errors  Last Runtime    Last Run
----------------------------------  -----  ---------  --------  ----------  --------------  -------------------
/opt/airflow/dags/etl_ecommerce.py    307  0.00s             1           0  0.15s           2026-05-05T00:00:46
================================================================================
[2026-05-05T00:01:46.986+0000] {manager.py:879} INFO - 
================================================================================
DAG File Processing Stats

File Path                             PID  Runtime      # DAGs    # Errors  Last Runtime    Last Run
----------------------------------  -----  ---------  --------  ----------  --------------  -------------------
/opt/airflow/dags/etl_ecommerce.py    318  0.00s             1           0  0.14s           2026-05-05T00:01:16
================================================================================
[2026-05-05T00:02:17.284+0000] {manager.py:879} INFO - 
================================================================================
DAG File Processing Stats

File Path                             PID  Runtime      # DAGs    # Errors  Last Runtime    Last Run
----------------------------------  -----  ---------  --------  ----------  --------------  -------------------
/opt/airflow/dags/etl_ecommerce.py    323  0.01s             1           0  0.13s           2026-05-05T00:01:47
================================================================================
[2026-05-05T00:02:47.634+0000] {manager.py:879} INFO - 
================================================================================
DAG File Processing Stats

File Path                             PID  Runtime      # DAGs    # Errors  Last Runtime    Last Run
----------------------------------  -----  ---------  --------  ----------  --------------  -------------------
/opt/airflow/dags/etl_ecommerce.py    328  0.00s             1           0  0.16s           2026-05-05T00:02:17
================================================================================
[2026-05-05T00:03:17.951+0000] {manager.py:879} INFO - 
================================================================================
DAG File Processing Stats

File Path                             PID  Runtime      # DAGs    # Errors  Last Runtime    Last Run
----------------------------------  -----  ---------  --------  ----------  --------------  -------------------
/opt/airflow/dags/etl_ecommerce.py    333  0.00s             1           0  0.13s           2026-05-05T00:02:47
================================================================================
[2026-05-05T00:03:48.445+0000] {manager.py:879} INFO - 
================================================================================
DAG File Processing Stats

File Path                             PID  Runtime      # DAGs    # Errors  Last Runtime    Last Run
----------------------------------  -----  ---------  --------  ----------  --------------  -------------------
/opt/airflow/dags/etl_ecommerce.py    338  0.00s             1           0  0.15s           2026-05-05T00:03:18
================================================================================
[2026-05-05T00:04:18.755+0000] {manager.py:879} INFO - 
================================================================================
DAG File Processing Stats

File Path                             PID  Runtime      # DAGs    # Errors  Last Runtime    Last Run
----------------------------------  -----  ---------  --------  ----------  --------------  -------------------
/opt/airflow/dags/etl_ecommerce.py    343  0.00s             1           0  0.14s           2026-05-05T00:03:48
================================================================================
[2026-05-05T00:04:40.095+0000] {manager.py:738} INFO - Searching for files in /opt/airflow/dags
[2026-05-05T00:04:40.119+0000] {manager.py:741} INFO - There are 1 files in /opt/airflow/dags
[2026-05-05T00:04:49.199+0000] {manager.py:879} INFO - 
================================================================================
DAG File Processing Stats

File Path                             PID  Runtime      # DAGs    # Errors  Last Runtime    Last Run
----------------------------------  -----  ---------  --------  ----------  --------------  -------------------
/opt/airflow/dags/etl_ecommerce.py    348  0.00s             1           0  0.15s           2026-05-05T00:04:18
================================================================================
[2026-05-05T00:05:19.498+0000] {manager.py:879} INFO - 
================================================================================
DAG File Processing Stats

File Path                             PID  Runtime      # DAGs    # Errors  Last Runtime    Last Run
----------------------------------  -----  ---------  --------  ----------  --------------  -------------------
/opt/airflow/dags/etl_ecommerce.py    356  0.00s             1           0  0.15s           2026-05-05T00:04:49
================================================================================
[2026-05-05T00:05:49.816+0000] {manager.py:879} INFO - 
================================================================================
DAG File Processing Stats

File Path                             PID  Runtime      # DAGs    # Errors  Last Runtime    Last Run
----------------------------------  -----  ---------  --------  ----------  --------------  -------------------
/opt/airflow/dags/etl_ecommerce.py    361  0.01s             1           0  0.15s           2026-05-05T00:05:19
================================================================================
[2026-05-05T00:06:20.260+0000] {manager.py:879} INFO - 
================================================================================
DAG File Processing Stats

File Path                             PID  Runtime      # DAGs    # Errors  Last Runtime    Last Run
----------------------------------  -----  ---------  --------  ----------  --------------  -------------------
/opt/airflow/dags/etl_ecommerce.py    366  0.01s             1           0  0.17s           2026-05-05T00:05:49
================================================================================
[2026-05-05T00:06:50.610+0000] {manager.py:879} INFO - 
================================================================================
DAG File Processing Stats

File Path                             PID  Runtime      # DAGs    # Errors  Last Runtime    Last Run
----------------------------------  -----  ---------  --------  ----------  --------------  -------------------
/opt/airflow/dags/etl_ecommerce.py    377  0.00s             1           0  0.15s           2026-05-05T00:06:20
================================================================================
[2026-05-05T00:07:20.951+0000] {manager.py:879} INFO - 
================================================================================
DAG File Processing Stats

File Path                             PID  Runtime      # DAGs    # Errors  Last Runtime    Last Run
----------------------------------  -----  ---------  --------  ----------  --------------  -------------------
/opt/airflow/dags/etl_ecommerce.py    382  0.00s             1           0  0.15s           2026-05-05T00:06:50
================================================================================
[2026-05-05T00:07:51.311+0000] {manager.py:879} INFO - 
================================================================================
DAG File Processing Stats

File Path                             PID  Runtime      # DAGs    # Errors  Last Runtime    Last Run
----------------------------------  -----  ---------  --------  ----------  --------------  -------------------
/opt/airflow/dags/etl_ecommerce.py    387  0.00s             1           0  0.15s           2026-05-05T00:07:21
================================================================================
[2026-05-05T00:08:21.596+0000] {manager.py:879} INFO - 
================================================================================
DAG File Processing Stats

File Path                             PID  Runtime      # DAGs    # Errors  Last Runtime    Last Run
----------------------------------  -----  ---------  --------  ----------  --------------  -------------------
/opt/airflow/dags/etl_ecommerce.py    392  0.00s             1           0  0.14s           2026-05-05T00:07:51
================================================================================
[2026-05-05T00:08:51.918+0000] {manager.py:879} INFO - 
================================================================================
DAG File Processing Stats

File Path                             PID  Runtime      # DAGs    # Errors  Last Runtime    Last Run
----------------------------------  -----  ---------  --------  ----------  --------------  -------------------
/opt/airflow/dags/etl_ecommerce.py    397  0.00s             1           0  0.15s           2026-05-05T00:08:21
================================================================================
[2026-05-05T00:09:22.237+0000] {manager.py:879} INFO - 
================================================================================
DAG File Processing Stats

File Path                             PID  Runtime      # DAGs    # Errors  Last Runtime    Last Run
----------------------------------  -----  ---------  --------  ----------  --------------  -------------------
/opt/airflow/dags/etl_ecommerce.py    402  0.00s             1           0  0.15s           2026-05-05T00:08:52
================================================================================
[2026-05-05T00:09:40.499+0000] {manager.py:738} INFO - Searching for files in /opt/airflow/dags
[2026-05-05T00:09:40.522+0000] {manager.py:741} INFO - There are 1 files in /opt/airflow/dags
[2026-05-05T00:09:52.631+0000] {manager.py:879} INFO - 
================================================================================
DAG File Processing Stats

File Path                             PID  Runtime      # DAGs    # Errors  Last Runtime    Last Run
----------------------------------  -----  ---------  --------  ----------  --------------  -------------------
/opt/airflow/dags/etl_ecommerce.py    407  0.00s             1           0  0.14s           2026-05-05T00:09:22
================================================================================
[2026-05-05T00:10:22.925+0000] {manager.py:879} INFO - 
================================================================================
DAG File Processing Stats

File Path                             PID  Runtime      # DAGs    # Errors  Last Runtime    Last Run
----------------------------------  -----  ---------  --------  ----------  --------------  -------------------
/opt/airflow/dags/etl_ecommerce.py    415  0.00s             1           0  0.15s           2026-05-05T00:09:52
================================================================================
[2026-05-05T00:10:53.323+0000] {manager.py:879} INFO - 
================================================================================
DAG File Processing Stats

File Path                             PID  Runtime      # DAGs    # Errors  Last Runtime    Last Run
----------------------------------  -----  ---------  --------  ----------  --------------  -------------------
/opt/airflow/dags/etl_ecommerce.py    420  0.00s             1           0  0.15s           2026-05-05T00:10:23
================================================================================
[2026-05-05T00:11:23.651+0000] {manager.py:879} INFO - 
================================================================================
DAG File Processing Stats

File Path                             PID  Runtime      # DAGs    # Errors  Last Runtime    Last Run
----------------------------------  -----  ---------  --------  ----------  --------------  -------------------
/opt/airflow/dags/etl_ecommerce.py    425  0.01s             1           0  0.15s           2026-05-05T00:10:53
================================================================================
[2026-05-05T00:11:53.993+0000] {manager.py:879} INFO - 
================================================================================
DAG File Processing Stats

File Path                             PID  Runtime      # DAGs    # Errors  Last Runtime    Last Run
----------------------------------  -----  ---------  --------  ----------  --------------  -------------------
/opt/airflow/dags/etl_ecommerce.py    430  0.00s             1           0  0.15s           2026-05-05T00:11:23
================================================================================
[2026-05-05T00:12:24.277+0000] {manager.py:879} INFO - 
================================================================================
DAG File Processing Stats

File Path                             PID  Runtime      # DAGs    # Errors  Last Runtime    Last Run
----------------------------------  -----  ---------  --------  ----------  --------------  -------------------
/opt/airflow/dags/etl_ecommerce.py    435  0.00s             1           0  0.15s           2026-05-05T00:11:54
================================================================================
[2026-05-05T00:12:54.631+0000] {manager.py:879} INFO - 
================================================================================
DAG File Processing Stats

File Path                             PID  Runtime      # DAGs    # Errors  Last Runtime    Last Run
----------------------------------  -----  ---------  --------  ----------  --------------  -------------------
/opt/airflow/dags/etl_ecommerce.py    440  0.00s             1           0  0.16s           2026-05-05T00:12:24
================================================================================
[2026-05-05T00:13:24.878+0000] {manager.py:879} INFO - 
================================================================================
DAG File Processing Stats

File Path                             PID  Runtime      # DAGs    # Errors  Last Runtime    Last Run
----------------------------------  -----  ---------  --------  ----------  --------------  -------------------
/opt/airflow/dags/etl_ecommerce.py    445  0.00s             1           0  0.17s           2026-05-05T00:12:54
================================================================================
[2026-05-05T00:13:55.313+0000] {manager.py:879} INFO - 
================================================================================
DAG File Processing Stats

File Path                             PID  Runtime      # DAGs    # Errors  Last Runtime    Last Run
----------------------------------  -----  ---------  --------  ----------  --------------  -------------------
/opt/airflow/dags/etl_ecommerce.py    450  0.00s             1           0  0.16s           2026-05-05T00:13:25
================================================================================
[2026-05-05T00:14:25.585+0000] {manager.py:879} INFO - 
================================================================================
DAG File Processing Stats

File Path                             PID  Runtime      # DAGs    # Errors  Last Runtime    Last Run
----------------------------------  -----  ---------  --------  ----------  --------------  -------------------
/opt/airflow/dags/etl_ecommerce.py    455  0.00s             1           0  0.15s           2026-05-05T00:13:55
================================================================================
[2026-05-05T00:14:40.833+0000] {manager.py:738} INFO - Searching for files in /opt/airflow/dags
[2026-05-05T00:14:40.856+0000] {manager.py:741} INFO - There are 1 files in /opt/airflow/dags
[2026-05-05T00:14:55.971+0000] {manager.py:879} INFO - 
================================================================================
DAG File Processing Stats

File Path                             PID  Runtime      # DAGs    # Errors  Last Runtime    Last Run
----------------------------------  -----  ---------  --------  ----------  --------------  -------------------
/opt/airflow/dags/etl_ecommerce.py    460  0.00s             1           0  0.15s           2026-05-05T00:14:25
================================================================================
[2026-05-05T00:15:26.275+0000] {manager.py:879} INFO - 
================================================================================
DAG File Processing Stats

File Path                             PID  Runtime      # DAGs    # Errors  Last Runtime    Last Run
----------------------------------  -----  ---------  --------  ----------  --------------  -------------------
/opt/airflow/dags/etl_ecommerce.py    468  0.00s             1           0  0.16s           2026-05-05T00:14:56
================================================================================
[2026-05-05T00:15:56.773+0000] {manager.py:879} INFO - 
================================================================================
DAG File Processing Stats

File Path                             PID  Runtime      # DAGs    # Errors  Last Runtime    Last Run
----------------------------------  -----  ---------  --------  ----------  --------------  -------------------
/opt/airflow/dags/etl_ecommerce.py    473  0.01s             1           0  0.14s           2026-05-05T00:15:26
================================================================================
[2026-05-05T00:16:27.151+0000] {manager.py:879} INFO - 
================================================================================
DAG File Processing Stats

File Path                             PID  Runtime      # DAGs    # Errors  Last Runtime    Last Run
----------------------------------  -----  ---------  --------  ----------  --------------  -------------------
/opt/airflow/dags/etl_ecommerce.py    478  0.00s             1           0  0.14s           2026-05-05T00:15:56
================================================================================
[2026-05-05T00:16:57.677+0000] {manager.py:879} INFO - 
================================================================================
DAG File Processing Stats

File Path                             PID  Runtime      # DAGs    # Errors  Last Runtime    Last Run
----------------------------------  -----  ---------  --------  ----------  --------------  -------------------
/opt/airflow/dags/etl_ecommerce.py    483  0.01s             1           0  0.14s           2026-05-05T00:16:27
================================================================================
[2026-05-05T00:17:28.150+0000] {manager.py:879} INFO - 
================================================================================
DAG File Processing Stats

File Path                             PID  Runtime      # DAGs    # Errors  Last Runtime    Last Run
----------------------------------  -----  ---------  --------  ----------  --------------  -------------------
/opt/airflow/dags/etl_ecommerce.py    488  0.01s             1           0  0.15s           2026-05-05T00:16:57
================================================================================
[2026-05-05T00:17:58.503+0000] {manager.py:879} INFO - 
================================================================================
DAG File Processing Stats

File Path                             PID  Runtime      # DAGs    # Errors  Last Runtime    Last Run
----------------------------------  -----  ---------  --------  ----------  --------------  -------------------
/opt/airflow/dags/etl_ecommerce.py    493  0.00s             1           0  0.15s           2026-05-05T00:17:28
================================================================================
[2026-05-05T00:18:28.975+0000] {manager.py:879} INFO - 
================================================================================
DAG File Processing Stats

File Path                             PID  Runtime      # DAGs    # Errors  Last Runtime    Last Run
----------------------------------  -----  ---------  --------  ----------  --------------  -------------------
/opt/airflow/dags/etl_ecommerce.py    498  0.00s             1           0  0.14s           2026-05-05T00:17:58
================================================================================
[2026-05-05T00:18:59.356+0000] {manager.py:879} INFO - 
================================================================================
DAG File Processing Stats

File Path                             PID  Runtime      # DAGs    # Errors  Last Runtime    Last Run
----------------------------------  -----  ---------  --------  ----------  --------------  -------------------
/opt/airflow/dags/etl_ecommerce.py    503  0.00s             1           0  0.14s           2026-05-05T00:18:29
================================================================================
[2026-05-05T00:19:29.879+0000] {manager.py:879} INFO - 
================================================================================
DAG File Processing Stats

File Path                             PID  Runtime      # DAGs    # Errors  Last Runtime    Last Run
----------------------------------  -----  ---------  --------  ----------  --------------  -------------------
/opt/airflow/dags/etl_ecommerce.py    508  0.01s             1           0  0.14s           2026-05-05T00:18:59
================================================================================
[2026-05-05T00:19:41.077+0000] {manager.py:738} INFO - Searching for files in /opt/airflow/dags
[2026-05-05T00:19:41.099+0000] {manager.py:741} INFO - There are 1 files in /opt/airflow/dags
[2026-05-05T00:20:00.382+0000] {manager.py:879} INFO - 
================================================================================
DAG File Processing Stats

File Path                             PID  Runtime      # DAGs    # Errors  Last Runtime    Last Run
----------------------------------  -----  ---------  --------  ----------  --------------  -------------------
/opt/airflow/dags/etl_ecommerce.py    513  0.05s             1           0  0.15s           2026-05-05T00:19:30
================================================================================
[2026-05-05T00:20:30.863+0000] {manager.py:879} INFO - 
================================================================================
DAG File Processing Stats

File Path                             PID  Runtime      # DAGs    # Errors  Last Runtime    Last Run
----------------------------------  -----  ---------  --------  ----------  --------------  -------------------
/opt/airflow/dags/etl_ecommerce.py    518  0.01s             1           0  0.33s           2026-05-05T00:20:00
================================================================================
[2026-05-05T00:21:01.429+0000] {manager.py:879} INFO - 
================================================================================
DAG File Processing Stats

File Path                             PID  Runtime      # DAGs    # Errors  Last Runtime    Last Run
----------------------------------  -----  ---------  --------  ----------  --------------  -------------------
/opt/airflow/dags/etl_ecommerce.py    523  0.01s             1           0  0.17s           2026-05-05T00:20:31
================================================================================
[2026-05-05T00:21:31.837+0000] {manager.py:879} INFO - 
================================================================================
DAG File Processing Stats

File Path                             PID  Runtime      # DAGs    # Errors  Last Runtime    Last Run
----------------------------------  -----  ---------  --------  ----------  --------------  -------------------
/opt/airflow/dags/etl_ecommerce.py    528  0.01s             1           0  0.14s           2026-05-05T00:21:01
================================================================================
[2026-05-05T00:22:02.278+0000] {manager.py:879} INFO - 
================================================================================
DAG File Processing Stats

File Path                             PID  Runtime      # DAGs    # Errors  Last Runtime    Last Run
----------------------------------  -----  ---------  --------  ----------  --------------  -------------------
/opt/airflow/dags/etl_ecommerce.py    533  0.00s             1           0  0.21s           2026-05-05T00:21:32
================================================================================
[2026-05-05T00:22:32.759+0000] {manager.py:879} INFO - 
================================================================================
DAG File Processing Stats

File Path                             PID  Runtime      # DAGs    # Errors  Last Runtime    Last Run
----------------------------------  -----  ---------  --------  ----------  --------------  -------------------
/opt/airflow/dags/etl_ecommerce.py    538  0.01s             1           0  0.14s           2026-05-05T00:22:02
================================================================================
[2026-05-05T00:23:03.205+0000] {manager.py:879} INFO - 
================================================================================
DAG File Processing Stats

File Path                             PID  Runtime      # DAGs    # Errors  Last Runtime    Last Run
----------------------------------  -----  ---------  --------  ----------  --------------  -------------------
/opt/airflow/dags/etl_ecommerce.py    543  0.01s             1           0  0.14s           2026-05-05T00:22:32
================================================================================
[2026-05-05T00:23:33.620+0000] {manager.py:879} INFO - 
================================================================================
DAG File Processing Stats

File Path                             PID  Runtime      # DAGs    # Errors  Last Runtime    Last Run
----------------------------------  -----  ---------  --------  ----------  --------------  -------------------
/opt/airflow/dags/etl_ecommerce.py    548  0.00s             1           0  0.14s           2026-05-05T00:23:03
================================================================================
[2026-05-05T00:24:04.002+0000] {manager.py:879} INFO - 
================================================================================
DAG File Processing Stats

File Path                             PID  Runtime      # DAGs    # Errors  Last Runtime    Last Run
----------------------------------  -----  ---------  --------  ----------  --------------  -------------------
/opt/airflow/dags/etl_ecommerce.py    553  0.00s             1           0  0.13s           2026-05-05T00:23:33
================================================================================
[2026-05-05T00:24:34.447+0000] {manager.py:879} INFO - 
================================================================================
DAG File Processing Stats

File Path                             PID  Runtime      # DAGs    # Errors  Last Runtime    Last Run
----------------------------------  -----  ---------  --------  ----------  --------------  -------------------
/opt/airflow/dags/etl_ecommerce.py    558  0.01s             1           0  0.13s           2026-05-05T00:24:04
================================================================================
[2026-05-05T00:24:41.507+0000] {manager.py:738} INFO - Searching for files in /opt/airflow/dags
[2026-05-05T00:24:41.534+0000] {manager.py:741} INFO - There are 1 files in /opt/airflow/dags
[2026-05-05T00:25:04.786+0000] {manager.py:879} INFO - 
================================================================================
DAG File Processing Stats

File Path                             PID  Runtime      # DAGs    # Errors  Last Runtime    Last Run
----------------------------------  -----  ---------  --------  ----------  --------------  -------------------
/opt/airflow/dags/etl_ecommerce.py    563  0.00s             1           0  0.15s           2026-05-05T00:24:34
================================================================================
[2026-05-05T00:25:35.116+0000] {manager.py:879} INFO - 
================================================================================
DAG File Processing Stats

File Path                             PID  Runtime      # DAGs    # Errors  Last Runtime    Last Run
----------------------------------  -----  ---------  --------  ----------  --------------  -------------------
/opt/airflow/dags/etl_ecommerce.py    568  0.00s             1           0  0.13s           2026-05-05T00:25:04
================================================================================
[2026-05-05T00:26:05.416+0000] {manager.py:879} INFO - 
================================================================================
DAG File Processing Stats

File Path                             PID  Runtime      # DAGs    # Errors  Last Runtime    Last Run
----------------------------------  -----  ---------  --------  ----------  --------------  -------------------
/opt/airflow/dags/etl_ecommerce.py    573  0.00s             1           0  0.13s           2026-05-05T00:25:35
================================================================================
[2026-05-05T00:26:35.824+0000] {manager.py:879} INFO - 
================================================================================
DAG File Processing Stats

File Path                             PID  Runtime      # DAGs    # Errors  Last Runtime    Last Run
----------------------------------  -----  ---------  --------  ----------  --------------  -------------------
/opt/airflow/dags/etl_ecommerce.py    578  0.01s             1           0  0.13s           2026-05-05T00:26:05
================================================================================
[2026-05-05T00:27:06.174+0000] {manager.py:879} INFO - 
================================================================================
DAG File Processing Stats

File Path                             PID  Runtime      # DAGs    # Errors  Last Runtime    Last Run
----------------------------------  -----  ---------  --------  ----------  --------------  -------------------
/opt/airflow/dags/etl_ecommerce.py    583  0.01s             1           0  0.17s           2026-05-05T00:26:35
================================================================================
[2026-05-05T00:27:36.645+0000] {manager.py:879} INFO - 
================================================================================
DAG File Processing Stats

File Path                             PID  Runtime      # DAGs    # Errors  Last Runtime    Last Run
----------------------------------  -----  ---------  --------  ----------  --------------  -------------------
/opt/airflow/dags/etl_ecommerce.py    588  0.02s             1           0  0.17s           2026-05-05T00:27:06
================================================================================
[2026-05-05T00:28:06.925+0000] {manager.py:879} INFO - 
================================================================================
DAG File Processing Stats

File Path                           PID    Runtime      # DAGs    # Errors  Last Runtime    Last Run
----------------------------------  -----  ---------  --------  ----------  --------------  -------------------
/opt/airflow/dags/etl_ecommerce.py                           1           0  0.34s           2026-05-05T00:27:36
================================================================================
[2026-05-05T00:28:37.568+0000] {manager.py:879} INFO - 
================================================================================
DAG File Processing Stats

File Path                             PID  Runtime      # DAGs    # Errors  Last Runtime    Last Run
----------------------------------  -----  ---------  --------  ----------  --------------  -------------------
/opt/airflow/dags/etl_ecommerce.py    598  0.01s             1           0  0.20s           2026-05-05T00:28:07
================================================================================
[2026-05-05T00:29:08.054+0000] {manager.py:879} INFO - 
================================================================================
DAG File Processing Stats

File Path                             PID  Runtime      # DAGs    # Errors  Last Runtime    Last Run
----------------------------------  -----  ---------  --------  ----------  --------------  -------------------
/opt/airflow/dags/etl_ecommerce.py    603  0.01s             1           0  0.22s           2026-05-05T00:28:37
================================================================================
[2026-05-05T00:29:38.381+0000] {manager.py:879} INFO - 
================================================================================
DAG File Processing Stats

File Path                             PID  Runtime      # DAGs    # Errors  Last Runtime    Last Run
----------------------------------  -----  ---------  --------  ----------  --------------  -------------------
/opt/airflow/dags/etl_ecommerce.py    608  0.01s             1           0  0.18s           2026-05-05T00:29:08
================================================================================
[2026-05-05T00:29:41.578+0000] {manager.py:738} INFO - Searching for files in /opt/airflow/dags
[2026-05-05T00:29:41.603+0000] {manager.py:741} INFO - There are 1 files in /opt/airflow/dags
[2026-05-05T00:30:08.807+0000] {manager.py:879} INFO - 
================================================================================
DAG File Processing Stats

File Path                             PID  Runtime      # DAGs    # Errors  Last Runtime    Last Run
----------------------------------  -----  ---------  --------  ----------  --------------  -------------------
/opt/airflow/dags/etl_ecommerce.py    618  0.01s             1           0  0.19s           2026-05-05T00:29:38
================================================================================
[2026-05-05T00:30:39.130+0000] {manager.py:879} INFO - 
================================================================================
DAG File Processing Stats

File Path                             PID  Runtime      # DAGs    # Errors  Last Runtime    Last Run
----------------------------------  -----  ---------  --------  ----------  --------------  -------------------
/opt/airflow/dags/etl_ecommerce.py    623  0.01s             1           0  0.21s           2026-05-05T00:30:08
================================================================================
[2026-05-05T00:31:09.483+0000] {manager.py:879} INFO - 
================================================================================
DAG File Processing Stats

File Path                             PID  Runtime      # DAGs    # Errors  Last Runtime    Last Run
----------------------------------  -----  ---------  --------  ----------  --------------  -------------------
/opt/airflow/dags/etl_ecommerce.py    628  0.00s             1           0  0.17s           2026-05-05T00:30:39
================================================================================
[2026-05-05T00:31:39.845+0000] {manager.py:879} INFO - 
================================================================================
DAG File Processing Stats

File Path                             PID  Runtime      # DAGs    # Errors  Last Runtime    Last Run
----------------------------------  -----  ---------  --------  ----------  --------------  -------------------
/opt/airflow/dags/etl_ecommerce.py    633  0.01s             1           0  0.14s           2026-05-05T00:31:09
================================================================================
[2026-05-05T00:32:10.223+0000] {manager.py:879} INFO - 
================================================================================
DAG File Processing Stats

File Path                             PID  Runtime      # DAGs    # Errors  Last Runtime    Last Run
----------------------------------  -----  ---------  --------  ----------  --------------  -------------------
/opt/airflow/dags/etl_ecommerce.py    638  0.01s             1           0  0.20s           2026-05-05T00:31:40
================================================================================
[2026-05-05T00:32:40.608+0000] {manager.py:879} INFO - 
================================================================================
DAG File Processing Stats

File Path                             PID  Runtime      # DAGs    # Errors  Last Runtime    Last Run
----------------------------------  -----  ---------  --------  ----------  --------------  -------------------
/opt/airflow/dags/etl_ecommerce.py    643  0.01s             1           0  0.26s           2026-05-05T00:32:10
================================================================================
[2026-05-05T00:33:11.049+0000] {manager.py:879} INFO - 
================================================================================
DAG File Processing Stats

File Path                             PID  Runtime      # DAGs    # Errors  Last Runtime    Last Run
----------------------------------  -----  ---------  --------  ----------  --------------  -------------------
/opt/airflow/dags/etl_ecommerce.py    648  0.01s             1           0  0.18s           2026-05-05T00:32:40
================================================================================
[2026-05-05T00:33:41.526+0000] {manager.py:879} INFO - 
================================================================================
DAG File Processing Stats

File Path                           PID    Runtime      # DAGs    # Errors  Last Runtime    Last Run
----------------------------------  -----  ---------  --------  ----------  --------------  -------------------
/opt/airflow/dags/etl_ecommerce.py                           1           0  0.20s           2026-05-05T00:33:23
================================================================================
[2026-05-05T00:34:11.964+0000] {manager.py:879} INFO - 
================================================================================
DAG File Processing Stats

File Path                           PID    Runtime      # DAGs    # Errors  Last Runtime    Last Run
----------------------------------  -----  ---------  --------  ----------  --------------  -------------------
/opt/airflow/dags/etl_ecommerce.py                           1           0  0.20s           2026-05-05T00:33:53
================================================================================
[2026-05-05T00:34:42.340+0000] {manager.py:738} INFO - Searching for files in /opt/airflow/dags
[2026-05-05T00:34:42.368+0000] {manager.py:741} INFO - There are 1 files in /opt/airflow/dags
[2026-05-05T00:34:42.381+0000] {manager.py:879} INFO - 
================================================================================
DAG File Processing Stats

File Path                           PID    Runtime      # DAGs    # Errors  Last Runtime    Last Run
----------------------------------  -----  ---------  --------  ----------  --------------  -------------------
/opt/airflow/dags/etl_ecommerce.py                           1           0  0.20s           2026-05-05T00:34:24
================================================================================
[2026-05-05T00:35:12.755+0000] {manager.py:879} INFO - 
================================================================================
DAG File Processing Stats

File Path                           PID    Runtime      # DAGs    # Errors  Last Runtime    Last Run
----------------------------------  -----  ---------  --------  ----------  --------------  -------------------
/opt/airflow/dags/etl_ecommerce.py                           1           0  0.36s           2026-05-05T00:34:54
================================================================================
[2026-05-05T00:35:43.055+0000] {manager.py:879} INFO - 
================================================================================
DAG File Processing Stats

File Path                           PID    Runtime      # DAGs    # Errors  Last Runtime    Last Run
----------------------------------  -----  ---------  --------  ----------  --------------  -------------------
/opt/airflow/dags/etl_ecommerce.py                           1           0  0.18s           2026-05-05T00:35:25
================================================================================
[2026-05-05T00:36:13.356+0000] {manager.py:879} INFO - 
================================================================================
DAG File Processing Stats

File Path                           PID    Runtime      # DAGs    # Errors  Last Runtime    Last Run
----------------------------------  -----  ---------  --------  ----------  --------------  -------------------
/opt/airflow/dags/etl_ecommerce.py                           1           0  0.15s           2026-05-05T00:35:55
================================================================================
[2026-05-05T00:36:43.820+0000] {manager.py:879} INFO - 
================================================================================
DAG File Processing Stats

File Path                           PID    Runtime      # DAGs    # Errors  Last Runtime    Last Run
----------------------------------  -----  ---------  --------  ----------  --------------  -------------------
/opt/airflow/dags/etl_ecommerce.py                           1           0  0.15s           2026-05-05T00:36:25
================================================================================
[2026-05-05T00:37:14.228+0000] {manager.py:879} INFO - 
================================================================================
DAG File Processing Stats

File Path                           PID    Runtime      # DAGs    # Errors  Last Runtime    Last Run
----------------------------------  -----  ---------  --------  ----------  --------------  -------------------
/opt/airflow/dags/etl_ecommerce.py                           1           0  0.15s           2026-05-05T00:36:56
================================================================================
[2026-05-05T00:37:44.617+0000] {manager.py:879} INFO - 
================================================================================
DAG File Processing Stats

File Path                           PID    Runtime      # DAGs    # Errors  Last Runtime    Last Run
----------------------------------  -----  ---------  --------  ----------  --------------  -------------------
/opt/airflow/dags/etl_ecommerce.py                           1           0  0.18s           2026-05-05T00:37:26
================================================================================
[2026-05-05T00:38:15.045+0000] {manager.py:879} INFO - 
================================================================================
DAG File Processing Stats

File Path                           PID    Runtime      # DAGs    # Errors  Last Runtime    Last Run
----------------------------------  -----  ---------  --------  ----------  --------------  -------------------
/opt/airflow/dags/etl_ecommerce.py                           1           0  0.16s           2026-05-05T00:37:56
================================================================================
[2026-05-05T00:38:45.425+0000] {manager.py:879} INFO - 
================================================================================
DAG File Processing Stats

File Path                           PID    Runtime      # DAGs    # Errors  Last Runtime    Last Run
----------------------------------  -----  ---------  --------  ----------  --------------  -------------------
/opt/airflow/dags/etl_ecommerce.py                           1           0  0.17s           2026-05-05T00:38:27
================================================================================
[2026-05-05T00:39:15.816+0000] {manager.py:879} INFO - 
================================================================================
DAG File Processing Stats

File Path                           PID    Runtime      # DAGs    # Errors  Last Runtime    Last Run
----------------------------------  -----  ---------  --------  ----------  --------------  -------------------
/opt/airflow/dags/etl_ecommerce.py                           1           0  0.17s           2026-05-05T00:38:57
================================================================================
[2026-05-05T00:39:43.073+0000] {manager.py:738} INFO - Searching for files in /opt/airflow/dags
[2026-05-05T00:39:43.116+0000] {manager.py:741} INFO - There are 1 files in /opt/airflow/dags
[2026-05-05T00:39:46.246+0000] {manager.py:879} INFO - 
================================================================================
DAG File Processing Stats

File Path                           PID    Runtime      # DAGs    # Errors  Last Runtime    Last Run
----------------------------------  -----  ---------  --------  ----------  --------------  -------------------
/opt/airflow/dags/etl_ecommerce.py                           1           0  0.15s           2026-05-05T00:39:28
================================================================================
[2026-05-05T00:40:16.595+0000] {manager.py:879} INFO - 
================================================================================
DAG File Processing Stats

File Path                           PID    Runtime      # DAGs    # Errors  Last Runtime    Last Run
----------------------------------  -----  ---------  --------  ----------  --------------  -------------------
/opt/airflow/dags/etl_ecommerce.py                           1           0  0.17s           2026-05-05T00:39:58
================================================================================
[2026-05-05T00:40:47.056+0000] {manager.py:879} INFO - 
================================================================================
DAG File Processing Stats

File Path                           PID    Runtime      # DAGs    # Errors  Last Runtime    Last Run
----------------------------------  -----  ---------  --------  ----------  --------------  -------------------
/opt/airflow/dags/etl_ecommerce.py                           1           0  0.20s           2026-05-05T00:40:23
================================================================================
[2026-05-05T00:41:17.587+0000] {manager.py:879} INFO - 
================================================================================
DAG File Processing Stats

File Path                           PID    Runtime      # DAGs    # Errors  Last Runtime    Last Run
----------------------------------  -----  ---------  --------  ----------  --------------  -------------------
/opt/airflow/dags/etl_ecommerce.py                           0           1  0.12s           2026-05-05T00:41:15
================================================================================
[2026-05-05T00:41:48.214+0000] {manager.py:879} INFO - 
================================================================================
DAG File Processing Stats

File Path                           PID    Runtime      # DAGs    # Errors  Last Runtime    Last Run
----------------------------------  -----  ---------  --------  ----------  --------------  -------------------
/opt/airflow/dags/etl_ecommerce.py                           1           0  0.18s           2026-05-05T00:41:32
================================================================================
[2026-05-05T00:42:18.764+0000] {manager.py:879} INFO - 
================================================================================
DAG File Processing Stats

File Path                           PID    Runtime      # DAGs    # Errors  Last Runtime    Last Run
----------------------------------  -----  ---------  --------  ----------  --------------  -------------------
/opt/airflow/dags/etl_ecommerce.py                           1           0  0.18s           2026-05-05T00:42:06
================================================================================
[2026-05-05T00:42:49.221+0000] {manager.py:879} INFO - 
================================================================================
DAG File Processing Stats

File Path                           PID    Runtime      # DAGs    # Errors  Last Runtime    Last Run
----------------------------------  -----  ---------  --------  ----------  --------------  -------------------
/opt/airflow/dags/etl_ecommerce.py                           1           0  0.15s           2026-05-05T00:42:37
================================================================================
[2026-05-05T00:43:19.943+0000] {manager.py:879} INFO - 
================================================================================
DAG File Processing Stats

File Path                           PID    Runtime      # DAGs    # Errors  Last Runtime    Last Run
----------------------------------  -----  ---------  --------  ----------  --------------  -------------------
/opt/airflow/dags/etl_ecommerce.py                           1           0  0.20s           2026-05-05T00:43:11
================================================================================
[2026-05-05T00:43:50.295+0000] {manager.py:879} INFO - 
================================================================================
DAG File Processing Stats

File Path                           PID    Runtime      # DAGs    # Errors  Last Runtime    Last Run
----------------------------------  -----  ---------  --------  ----------  --------------  -------------------
/opt/airflow/dags/etl_ecommerce.py                           1           0  0.31s           2026-05-05T00:43:41
================================================================================
[2026-05-05T00:44:20.879+0000] {manager.py:879} INFO - 
================================================================================
DAG File Processing Stats

File Path                           PID    Runtime      # DAGs    # Errors  Last Runtime    Last Run
----------------------------------  -----  ---------  --------  ----------  --------------  -------------------
/opt/airflow/dags/etl_ecommerce.py                           1           0  0.17s           2026-05-05T00:44:11
================================================================================
[2026-05-05T00:44:43.241+0000] {manager.py:738} INFO - Searching for files in /opt/airflow/dags
[2026-05-05T00:44:43.268+0000] {manager.py:741} INFO - There are 1 files in /opt/airflow/dags
[2026-05-05T00:44:51.426+0000] {manager.py:879} INFO - 
================================================================================
DAG File Processing Stats

File Path                           PID    Runtime      # DAGs    # Errors  Last Runtime    Last Run
----------------------------------  -----  ---------  --------  ----------  --------------  -------------------
/opt/airflow/dags/etl_ecommerce.py                           1           0  0.25s           2026-05-05T00:44:42
================================================================================
[2026-05-05T00:45:21.785+0000] {manager.py:879} INFO - 
================================================================================
DAG File Processing Stats

File Path                           PID    Runtime      # DAGs    # Errors  Last Runtime    Last Run
----------------------------------  -----  ---------  --------  ----------  --------------  -------------------
/opt/airflow/dags/etl_ecommerce.py                           1           0  0.18s           2026-05-05T00:45:12
================================================================================
[2026-05-05T00:45:52.173+0000] {manager.py:879} INFO - 
================================================================================
DAG File Processing Stats

File Path                           PID    Runtime      # DAGs    # Errors  Last Runtime    Last Run
----------------------------------  -----  ---------  --------  ----------  --------------  -------------------
/opt/airflow/dags/etl_ecommerce.py                           1           0  0.16s           2026-05-05T00:45:43
================================================================================
[2026-05-05T00:46:22.637+0000] {manager.py:879} INFO - 
================================================================================
DAG File Processing Stats

File Path                           PID    Runtime      # DAGs    # Errors  Last Runtime    Last Run
----------------------------------  -----  ---------  --------  ----------  --------------  -------------------
/opt/airflow/dags/etl_ecommerce.py                           1           0  0.19s           2026-05-05T00:46:13
================================================================================
[2026-05-05T00:46:53.003+0000] {manager.py:879} INFO - 
================================================================================
DAG File Processing Stats

File Path                           PID    Runtime      # DAGs    # Errors  Last Runtime    Last Run
----------------------------------  -----  ---------  --------  ----------  --------------  -------------------
/opt/airflow/dags/etl_ecommerce.py                           1           0  0.16s           2026-05-05T00:46:43
================================================================================
[2026-05-05T00:47:23.432+0000] {manager.py:879} INFO - 
================================================================================
DAG File Processing Stats

File Path                           PID    Runtime      # DAGs    # Errors  Last Runtime    Last Run
----------------------------------  -----  ---------  --------  ----------  --------------  -------------------
/opt/airflow/dags/etl_ecommerce.py                           1           0  0.17s           2026-05-05T00:47:14
================================================================================
[2026-05-05T00:47:53.815+0000] {manager.py:879} INFO - 
================================================================================
DAG File Processing Stats

File Path                           PID    Runtime      # DAGs    # Errors  Last Runtime    Last Run
----------------------------------  -----  ---------  --------  ----------  --------------  -------------------
/opt/airflow/dags/etl_ecommerce.py                           1           0  0.19s           2026-05-05T00:47:44
================================================================================
[2026-05-05T00:48:24.239+0000] {manager.py:879} INFO - 
================================================================================
DAG File Processing Stats

File Path                           PID    Runtime      # DAGs    # Errors  Last Runtime    Last Run
----------------------------------  -----  ---------  --------  ----------  --------------  -------------------
/opt/airflow/dags/etl_ecommerce.py                           1           0  0.17s           2026-05-05T00:48:15
================================================================================
[2026-05-05T00:48:54.609+0000] {manager.py:879} INFO - 
================================================================================
DAG File Processing Stats

File Path                           PID    Runtime      # DAGs    # Errors  Last Runtime    Last Run
----------------------------------  -----  ---------  --------  ----------  --------------  -------------------
/opt/airflow/dags/etl_ecommerce.py                           1           0  0.17s           2026-05-05T00:48:45
================================================================================
[2026-05-05T00:49:24.994+0000] {manager.py:879} INFO - 
================================================================================
DAG File Processing Stats

File Path                           PID    Runtime      # DAGs    # Errors  Last Runtime    Last Run
----------------------------------  -----  ---------  --------  ----------  --------------  -------------------
/opt/airflow/dags/etl_ecommerce.py                           1           0  0.19s           2026-05-05T00:49:15
================================================================================
[2026-05-05T00:49:44.136+0000] {manager.py:738} INFO - Searching for files in /opt/airflow/dags
[2026-05-05T00:49:44.180+0000] {manager.py:741} INFO - There are 1 files in /opt/airflow/dags
[2026-05-05T00:49:55.419+0000] {manager.py:879} INFO - 
================================================================================
DAG File Processing Stats

File Path                           PID    Runtime      # DAGs    # Errors  Last Runtime    Last Run
----------------------------------  -----  ---------  --------  ----------  --------------  -------------------
/opt/airflow/dags/etl_ecommerce.py                           1           0  0.17s           2026-05-05T00:49:46
================================================================================
[2026-05-05T00:50:25.878+0000] {manager.py:879} INFO - 
================================================================================
DAG File Processing Stats

File Path                           PID    Runtime      # DAGs    # Errors  Last Runtime    Last Run
----------------------------------  -----  ---------  --------  ----------  --------------  -------------------
/opt/airflow/dags/etl_ecommerce.py                           1           0  0.27s           2026-05-05T00:50:16
================================================================================
[2026-05-05T00:50:56.245+0000] {manager.py:879} INFO - 
================================================================================
DAG File Processing Stats

File Path                           PID    Runtime      # DAGs    # Errors  Last Runtime    Last Run
----------------------------------  -----  ---------  --------  ----------  --------------  -------------------
/opt/airflow/dags/etl_ecommerce.py                           1           0  0.16s           2026-05-05T00:50:47
================================================================================
[2026-05-05T00:51:26.658+0000] {manager.py:879} INFO - 
================================================================================
DAG File Processing Stats

File Path                           PID    Runtime      # DAGs    # Errors  Last Runtime    Last Run
----------------------------------  -----  ---------  --------  ----------  --------------  -------------------
/opt/airflow/dags/etl_ecommerce.py                           1           0  0.16s           2026-05-05T00:51:17
================================================================================
[2026-05-05T00:51:57.023+0000] {manager.py:879} INFO - 
================================================================================
DAG File Processing Stats

File Path                           PID    Runtime      # DAGs    # Errors  Last Runtime    Last Run
----------------------------------  -----  ---------  --------  ----------  --------------  -------------------
/opt/airflow/dags/etl_ecommerce.py                           1           0  0.17s           2026-05-05T00:51:48
================================================================================
[2026-05-05T00:52:27.460+0000] {manager.py:879} INFO - 
================================================================================
DAG File Processing Stats

File Path                           PID    Runtime      # DAGs    # Errors  Last Runtime    Last Run
----------------------------------  -----  ---------  --------  ----------  --------------  -------------------
/opt/airflow/dags/etl_ecommerce.py                           1           0  0.20s           2026-05-05T00:52:18
================================================================================
[2026-05-05T00:52:57.834+0000] {manager.py:879} INFO - 
================================================================================
DAG File Processing Stats

File Path                           PID    Runtime      # DAGs    # Errors  Last Runtime    Last Run
----------------------------------  -----  ---------  --------  ----------  --------------  -------------------
/opt/airflow/dags/etl_ecommerce.py                           1           0  0.17s           2026-05-05T00:52:48
================================================================================
[2026-05-05T00:53:28.231+0000] {manager.py:879} INFO - 
================================================================================
DAG File Processing Stats

File Path                           PID    Runtime      # DAGs    # Errors  Last Runtime    Last Run
----------------------------------  -----  ---------  --------  ----------  --------------  -------------------
/opt/airflow/dags/etl_ecommerce.py                           1           0  0.20s           2026-05-05T00:53:19
================================================================================
[2026-05-05T00:53:58.605+0000] {manager.py:879} INFO - 
================================================================================
DAG File Processing Stats

File Path                           PID    Runtime      # DAGs    # Errors  Last Runtime    Last Run
----------------------------------  -----  ---------  --------  ----------  --------------  -------------------
/opt/airflow/dags/etl_ecommerce.py                           1           0  0.16s           2026-05-05T00:53:49
================================================================================
[2026-05-05T00:54:28.926+0000] {manager.py:879} INFO - 
================================================================================
DAG File Processing Stats

File Path                           PID    Runtime      # DAGs    # Errors  Last Runtime    Last Run
----------------------------------  -----  ---------  --------  ----------  --------------  -------------------
/opt/airflow/dags/etl_ecommerce.py                           1           0  0.22s           2026-05-05T00:54:20
================================================================================
[2026-05-05T00:54:44.218+0000] {manager.py:738} INFO - Searching for files in /opt/airflow/dags
[2026-05-05T00:54:44.242+0000] {manager.py:741} INFO - There are 1 files in /opt/airflow/dags
[2026-05-05T00:54:59.254+0000] {manager.py:879} INFO - 
================================================================================
DAG File Processing Stats

File Path                           PID    Runtime      # DAGs    # Errors  Last Runtime    Last Run
----------------------------------  -----  ---------  --------  ----------  --------------  -------------------
/opt/airflow/dags/etl_ecommerce.py                           1           0  0.17s           2026-05-05T00:54:50
================================================================================
[2026-05-05T00:55:29.708+0000] {manager.py:879} INFO - 
================================================================================
DAG File Processing Stats

File Path                           PID    Runtime      # DAGs    # Errors  Last Runtime    Last Run
----------------------------------  -----  ---------  --------  ----------  --------------  -------------------
/opt/airflow/dags/etl_ecommerce.py                           1           0  0.21s           2026-05-05T00:55:14
================================================================================
[2026-05-05T00:56:00.053+0000] {manager.py:879} INFO - 
================================================================================
DAG File Processing Stats

File Path                           PID    Runtime      # DAGs    # Errors  Last Runtime    Last Run
----------------------------------  -----  ---------  --------  ----------  --------------  -------------------
/opt/airflow/dags/etl_ecommerce.py                           1           0  0.31s           2026-05-05T00:55:45
================================================================================
[2026-05-05T00:56:30.385+0000] {manager.py:879} INFO - 
================================================================================
DAG File Processing Stats

File Path                           PID    Runtime      # DAGs    # Errors  Last Runtime    Last Run
----------------------------------  -----  ---------  --------  ----------  --------------  -------------------
/opt/airflow/dags/etl_ecommerce.py                           1           0  0.22s           2026-05-05T00:56:15
================================================================================
[2026-05-05T00:57:00.845+0000] {manager.py:879} INFO - 
================================================================================
DAG File Processing Stats

File Path                           PID    Runtime      # DAGs    # Errors  Last Runtime    Last Run
----------------------------------  -----  ---------  --------  ----------  --------------  -------------------
/opt/airflow/dags/etl_ecommerce.py                           1           0  0.23s           2026-05-05T00:56:45
================================================================================
[2026-05-05T00:57:31.195+0000] {manager.py:879} INFO - 
================================================================================
DAG File Processing Stats

File Path                           PID    Runtime      # DAGs    # Errors  Last Runtime    Last Run
----------------------------------  -----  ---------  --------  ----------  --------------  -------------------
/opt/airflow/dags/etl_ecommerce.py                           1           0  0.14s           2026-05-05T00:57:16
================================================================================
[2026-05-05T00:58:01.683+0000] {manager.py:879} INFO - 
================================================================================
DAG File Processing Stats

File Path                           PID    Runtime      # DAGs    # Errors  Last Runtime    Last Run
----------------------------------  -----  ---------  --------  ----------  --------------  -------------------
/opt/airflow/dags/etl_ecommerce.py                           1           0  0.17s           2026-05-05T00:57:46
================================================================================
[2026-05-05T00:58:32.056+0000] {manager.py:879} INFO - 
================================================================================
DAG File Processing Stats

File Path                           PID    Runtime      # DAGs    # Errors  Last Runtime    Last Run
----------------------------------  -----  ---------  --------  ----------  --------------  -------------------
/opt/airflow/dags/etl_ecommerce.py                           1           0  0.17s           2026-05-05T00:58:16
================================================================================
[2026-05-05T00:59:02.536+0000] {manager.py:879} INFO - 
================================================================================
DAG File Processing Stats

File Path                           PID    Runtime      # DAGs    # Errors  Last Runtime    Last Run
----------------------------------  -----  ---------  --------  ----------  --------------  -------------------
/opt/airflow/dags/etl_ecommerce.py                           1           0  0.15s           2026-05-05T00:58:47
================================================================================
[2026-05-05T00:59:32.852+0000] {manager.py:879} INFO - 
================================================================================
DAG File Processing Stats

File Path                           PID    Runtime      # DAGs    # Errors  Last Runtime    Last Run
----------------------------------  -----  ---------  --------  ----------  --------------  -------------------
/opt/airflow/dags/etl_ecommerce.py                           1           0  0.16s           2026-05-05T00:59:17
================================================================================
[2026-05-05T00:59:44.922+0000] {manager.py:738} INFO - Searching for files in /opt/airflow/dags
[2026-05-05T00:59:44.957+0000] {manager.py:741} INFO - There are 1 files in /opt/airflow/dags
[2026-05-05T01:00:03.337+0000] {manager.py:879} INFO - 
================================================================================
DAG File Processing Stats

File Path                           PID    Runtime      # DAGs    # Errors  Last Runtime    Last Run
----------------------------------  -----  ---------  --------  ----------  --------------  -------------------
/opt/airflow/dags/etl_ecommerce.py                           1           0  0.16s           2026-05-05T00:59:48
================================================================================
[2026-05-05T01:00:33.694+0000] {manager.py:879} INFO - 
================================================================================
DAG File Processing Stats

File Path                           PID    Runtime      # DAGs    # Errors  Last Runtime    Last Run
----------------------------------  -----  ---------  --------  ----------  --------------  -------------------
/opt/airflow/dags/etl_ecommerce.py                           1           0  0.20s           2026-05-05T01:00:18
================================================================================
[2026-05-05T01:01:04.136+0000] {manager.py:879} INFO - 
================================================================================
DAG File Processing Stats

File Path                           PID    Runtime      # DAGs    # Errors  Last Runtime    Last Run
----------------------------------  -----  ---------  --------  ----------  --------------  -------------------
/opt/airflow/dags/etl_ecommerce.py                           1           0  0.30s           2026-05-05T01:00:49
================================================================================
[2026-05-05T01:01:34.496+0000] {manager.py:879} INFO - 
================================================================================
DAG File Processing Stats

File Path                           PID    Runtime      # DAGs    # Errors  Last Runtime    Last Run
----------------------------------  -----  ---------  --------  ----------  --------------  -------------------
/opt/airflow/dags/etl_ecommerce.py                           1           0  0.18s           2026-05-05T01:01:19
================================================================================
[2026-05-05T01:02:04.912+0000] {manager.py:879} INFO - 
================================================================================
DAG File Processing Stats

File Path                           PID    Runtime      # DAGs    # Errors  Last Runtime    Last Run
----------------------------------  -----  ---------  --------  ----------  --------------  -------------------
/opt/airflow/dags/etl_ecommerce.py                           1           0  0.16s           2026-05-05T01:01:49
================================================================================
[2026-05-05T01:02:35.257+0000] {manager.py:879} INFO - 
================================================================================
DAG File Processing Stats

File Path                           PID    Runtime      # DAGs    # Errors  Last Runtime    Last Run
----------------------------------  -----  ---------  --------  ----------  --------------  -------------------
/opt/airflow/dags/etl_ecommerce.py                           1           0  0.16s           2026-05-05T01:02:20
================================================================================
[2026-05-05T01:03:05.694+0000] {manager.py:879} INFO - 
================================================================================
DAG File Processing Stats

File Path                           PID    Runtime      # DAGs    # Errors  Last Runtime    Last Run
----------------------------------  -----  ---------  --------  ----------  --------------  -------------------
/opt/airflow/dags/etl_ecommerce.py                           1           0  0.17s           2026-05-05T01:02:50
================================================================================
[2026-05-05T01:03:36.074+0000] {manager.py:879} INFO - 
================================================================================
DAG File Processing Stats

File Path                           PID    Runtime      # DAGs    # Errors  Last Runtime    Last Run
----------------------------------  -----  ---------  --------  ----------  --------------  -------------------
/opt/airflow/dags/etl_ecommerce.py                           1           0  0.16s           2026-05-05T01:03:21
================================================================================
[2026-05-05T01:04:06.426+0000] {manager.py:879} INFO - 
================================================================================
DAG File Processing Stats

File Path                           PID    Runtime      # DAGs    # Errors  Last Runtime    Last Run
----------------------------------  -----  ---------  --------  ----------  --------------  -------------------
/opt/airflow/dags/etl_ecommerce.py                           1           0  0.16s           2026-05-05T01:03:51
================================================================================
[2026-05-05T01:04:36.803+0000] {manager.py:879} INFO - 
================================================================================
DAG File Processing Stats

File Path                           PID    Runtime      # DAGs    # Errors  Last Runtime    Last Run
----------------------------------  -----  ---------  --------  ----------  --------------  -------------------
/opt/airflow/dags/etl_ecommerce.py                           1           0  0.17s           2026-05-05T01:04:21
================================================================================
[2026-05-05T01:04:44.950+0000] {manager.py:738} INFO - Searching for files in /opt/airflow/dags
[2026-05-05T01:04:44.983+0000] {manager.py:741} INFO - There are 1 files in /opt/airflow/dags
[2026-05-05T01:05:07.259+0000] {manager.py:879} INFO - 
================================================================================
DAG File Processing Stats

File Path                           PID    Runtime      # DAGs    # Errors  Last Runtime    Last Run
----------------------------------  -----  ---------  --------  ----------  --------------  -------------------
/opt/airflow/dags/etl_ecommerce.py                           1           0  0.17s           2026-05-05T01:04:52
================================================================================
[2026-05-05T01:05:37.565+0000] {manager.py:879} INFO - 
================================================================================
DAG File Processing Stats

File Path                           PID    Runtime      # DAGs    # Errors  Last Runtime    Last Run
----------------------------------  -----  ---------  --------  ----------  --------------  -------------------
/opt/airflow/dags/etl_ecommerce.py                           1           0  0.21s           2026-05-05T01:05:22
================================================================================
[2026-05-05T01:06:07.983+0000] {manager.py:879} INFO - 
================================================================================
DAG File Processing Stats

File Path                           PID    Runtime      # DAGs    # Errors  Last Runtime    Last Run
----------------------------------  -----  ---------  --------  ----------  --------------  -------------------
/opt/airflow/dags/etl_ecommerce.py                           1           0  0.16s           2026-05-05T01:05:53
================================================================================
[2026-05-05T01:06:38.423+0000] {manager.py:879} INFO - 
================================================================================
DAG File Processing Stats

File Path                           PID    Runtime      # DAGs    # Errors  Last Runtime    Last Run
----------------------------------  -----  ---------  --------  ----------  --------------  -------------------
/opt/airflow/dags/etl_ecommerce.py                           1           0  0.18s           2026-05-05T01:06:23
================================================================================
[2026-05-05T01:07:08.753+0000] {manager.py:879} INFO - 
================================================================================
DAG File Processing Stats

File Path                           PID    Runtime      # DAGs    # Errors  Last Runtime    Last Run
----------------------------------  -----  ---------  --------  ----------  --------------  -------------------
/opt/airflow/dags/etl_ecommerce.py                           1           0  0.16s           2026-05-05T01:06:53
================================================================================
[2026-05-05T01:07:39.212+0000] {manager.py:879} INFO - 
================================================================================
DAG File Processing Stats

File Path                           PID    Runtime      # DAGs    # Errors  Last Runtime    Last Run
----------------------------------  -----  ---------  --------  ----------  --------------  -------------------
/opt/airflow/dags/etl_ecommerce.py                           1           0  0.17s           2026-05-05T01:07:24
================================================================================
[2026-05-05T01:08:09.420+0000] {manager.py:879} INFO - 
================================================================================
DAG File Processing Stats

File Path                           PID    Runtime      # DAGs    # Errors  Last Runtime    Last Run
----------------------------------  -----  ---------  --------  ----------  --------------  -------------------
/opt/airflow/dags/etl_ecommerce.py                           1           0  0.89s           2026-05-05T01:07:55
================================================================================
[2026-05-05T01:08:39.990+0000] {manager.py:879} INFO - 
================================================================================
DAG File Processing Stats

File Path                           PID    Runtime      # DAGs    # Errors  Last Runtime    Last Run
----------------------------------  -----  ---------  --------  ----------  --------------  -------------------
/opt/airflow/dags/etl_ecommerce.py                           1           0  0.40s           2026-05-05T01:08:26
================================================================================
[2026-05-05T01:09:10.425+0000] {manager.py:879} INFO - 
================================================================================
DAG File Processing Stats

File Path                           PID    Runtime      # DAGs    # Errors  Last Runtime    Last Run
----------------------------------  -----  ---------  --------  ----------  --------------  -------------------
/opt/airflow/dags/etl_ecommerce.py                           1           0  0.22s           2026-05-05T01:08:56
================================================================================
[2026-05-05T01:09:40.778+0000] {manager.py:879} INFO - 
================================================================================
DAG File Processing Stats

File Path                           PID    Runtime      # DAGs    # Errors  Last Runtime    Last Run
----------------------------------  -----  ---------  --------  ----------  --------------  -------------------
/opt/airflow/dags/etl_ecommerce.py                           1           0  0.15s           2026-05-05T01:09:26
================================================================================
[2026-05-05T01:09:45.809+0000] {manager.py:738} INFO - Searching for files in /opt/airflow/dags
[2026-05-05T01:09:45.836+0000] {manager.py:741} INFO - There are 1 files in /opt/airflow/dags
[2026-05-05T01:10:11.084+0000] {manager.py:879} INFO - 
================================================================================
DAG File Processing Stats

File Path                           PID    Runtime      # DAGs    # Errors  Last Runtime    Last Run
----------------------------------  -----  ---------  --------  ----------  --------------  -------------------
/opt/airflow/dags/etl_ecommerce.py                           1           0  0.15s           2026-05-05T01:09:57
================================================================================
[2026-05-05T01:10:41.488+0000] {manager.py:879} INFO - 
================================================================================
DAG File Processing Stats

File Path                           PID    Runtime      # DAGs    # Errors  Last Runtime    Last Run
----------------------------------  -----  ---------  --------  ----------  --------------  -------------------
/opt/airflow/dags/etl_ecommerce.py                           1           0  0.15s           2026-05-05T01:10:27
================================================================================
[2026-05-05T01:11:11.824+0000] {manager.py:879} INFO - 
================================================================================
DAG File Processing Stats

File Path                           PID    Runtime      # DAGs    # Errors  Last Runtime    Last Run
----------------------------------  -----  ---------  --------  ----------  --------------  -------------------
/opt/airflow/dags/etl_ecommerce.py                           1           0  0.16s           2026-05-05T01:10:57
================================================================================
[2026-05-05T01:11:42.234+0000] {manager.py:879} INFO - 
================================================================================
DAG File Processing Stats

File Path                           PID    Runtime      # DAGs    # Errors  Last Runtime    Last Run
----------------------------------  -----  ---------  --------  ----------  --------------  -------------------
/opt/airflow/dags/etl_ecommerce.py                           1           0  0.16s           2026-05-05T01:11:28
================================================================================
[2026-05-05T01:12:12.603+0000] {manager.py:879} INFO - 
================================================================================
DAG File Processing Stats

File Path                           PID    Runtime      # DAGs    # Errors  Last Runtime    Last Run
----------------------------------  -----  ---------  --------  ----------  --------------  -------------------
/opt/airflow/dags/etl_ecommerce.py                           1           0  0.17s           2026-05-05T01:11:58
================================================================================
[2026-05-05T01:12:43.028+0000] {manager.py:879} INFO - 
================================================================================
DAG File Processing Stats

File Path                           PID    Runtime      # DAGs    # Errors  Last Runtime    Last Run
----------------------------------  -----  ---------  --------  ----------  --------------  -------------------
/opt/airflow/dags/etl_ecommerce.py                           1           0  0.20s           2026-05-05T01:12:29
================================================================================
[2026-05-05T01:13:13.329+0000] {manager.py:879} INFO - 
================================================================================
DAG File Processing Stats

File Path                           PID    Runtime      # DAGs    # Errors  Last Runtime    Last Run
----------------------------------  -----  ---------  --------  ----------  --------------  -------------------
/opt/airflow/dags/etl_ecommerce.py                           1           0  0.16s           2026-05-05T01:12:59
================================================================================
[2026-05-05T01:13:43.784+0000] {manager.py:879} INFO - 
================================================================================
DAG File Processing Stats

File Path                           PID    Runtime      # DAGs    # Errors  Last Runtime    Last Run
----------------------------------  -----  ---------  --------  ----------  --------------  -------------------
/opt/airflow/dags/etl_ecommerce.py                           1           0  0.21s           2026-05-05T01:13:29
================================================================================
[2026-05-05T01:14:14.105+0000] {manager.py:879} INFO - 
================================================================================
DAG File Processing Stats

File Path                           PID    Runtime      # DAGs    # Errors  Last Runtime    Last Run
----------------------------------  -----  ---------  --------  ----------  --------------  -------------------
/opt/airflow/dags/etl_ecommerce.py                           1           0  0.18s           2026-05-05T01:14:00
================================================================================
[2026-05-05T01:14:44.558+0000] {manager.py:879} INFO - 
================================================================================
DAG File Processing Stats

File Path                           PID    Runtime      # DAGs    # Errors  Last Runtime    Last Run
----------------------------------  -----  ---------  --------  ----------  --------------  -------------------
/opt/airflow/dags/etl_ecommerce.py                           1           0  0.18s           2026-05-05T01:14:30
================================================================================
[2026-05-05T01:14:46.568+0000] {manager.py:738} INFO - Searching for files in /opt/airflow/dags
[2026-05-05T01:14:46.592+0000] {manager.py:741} INFO - There are 1 files in /opt/airflow/dags
[2026-05-05T01:15:14.901+0000] {manager.py:879} INFO - 
================================================================================
DAG File Processing Stats

File Path                           PID    Runtime      # DAGs    # Errors  Last Runtime    Last Run
----------------------------------  -----  ---------  --------  ----------  --------------  -------------------
/opt/airflow/dags/etl_ecommerce.py                           1           0  0.21s           2026-05-05T01:15:01
================================================================================
[2026-05-05T01:15:45.232+0000] {manager.py:879} INFO - 
================================================================================
DAG File Processing Stats

File Path                           PID    Runtime      # DAGs    # Errors  Last Runtime    Last Run
----------------------------------  -----  ---------  --------  ----------  --------------  -------------------
/opt/airflow/dags/etl_ecommerce.py                           1           0  0.16s           2026-05-05T01:15:31
================================================================================
[2026-05-05T01:16:15.685+0000] {manager.py:879} INFO - 
================================================================================
DAG File Processing Stats

File Path                           PID    Runtime      # DAGs    # Errors  Last Runtime    Last Run
----------------------------------  -----  ---------  --------  ----------  --------------  -------------------
/opt/airflow/dags/etl_ecommerce.py                           1           0  0.18s           2026-05-05T01:16:01
================================================================================
[2026-05-05T01:16:46.045+0000] {manager.py:879} INFO - 
================================================================================
DAG File Processing Stats

File Path                           PID    Runtime      # DAGs    # Errors  Last Runtime    Last Run
----------------------------------  -----  ---------  --------  ----------  --------------  -------------------
/opt/airflow/dags/etl_ecommerce.py                           1           0  0.17s           2026-05-05T01:16:32
================================================================================
[2026-05-05T01:17:16.448+0000] {manager.py:879} INFO - 
================================================================================
DAG File Processing Stats

File Path                           PID    Runtime      # DAGs    # Errors  Last Runtime    Last Run
----------------------------------  -----  ---------  --------  ----------  --------------  -------------------
/opt/airflow/dags/etl_ecommerce.py                           1           0  0.15s           2026-05-05T01:17:02
================================================================================
[2026-05-05T01:17:46.786+0000] {manager.py:879} INFO - 
================================================================================
DAG File Processing Stats

File Path                           PID    Runtime      # DAGs    # Errors  Last Runtime    Last Run
----------------------------------  -----  ---------  --------  ----------  --------------  -------------------
/opt/airflow/dags/etl_ecommerce.py                           1           0  0.16s           2026-05-05T01:17:32
================================================================================
[2026-05-05T01:18:17.207+0000] {manager.py:879} INFO - 
================================================================================
DAG File Processing Stats

File Path                           PID    Runtime      # DAGs    # Errors  Last Runtime    Last Run
----------------------------------  -----  ---------  --------  ----------  --------------  -------------------
/opt/airflow/dags/etl_ecommerce.py                           1           0  0.18s           2026-05-05T01:18:03
================================================================================
[2026-05-05T01:18:47.576+0000] {manager.py:879} INFO - 
================================================================================
DAG File Processing Stats

File Path                           PID    Runtime      # DAGs    # Errors  Last Runtime    Last Run
----------------------------------  -----  ---------  --------  ----------  --------------  -------------------
/opt/airflow/dags/etl_ecommerce.py                           1           0  0.18s           2026-05-05T01:18:33
================================================================================
[2026-05-05T01:19:17.996+0000] {manager.py:879} INFO - 
================================================================================
DAG File Processing Stats

File Path                           PID    Runtime      # DAGs    # Errors  Last Runtime    Last Run
----------------------------------  -----  ---------  --------  ----------  --------------  -------------------
/opt/airflow/dags/etl_ecommerce.py                           1           0  0.17s           2026-05-05T01:19:03
================================================================================
[2026-05-05T01:19:47.338+0000] {manager.py:738} INFO - Searching for files in /opt/airflow/dags
[2026-05-05T01:19:47.369+0000] {manager.py:741} INFO - There are 1 files in /opt/airflow/dags
[2026-05-05T01:19:48.385+0000] {manager.py:879} INFO - 
================================================================================
DAG File Processing Stats

File Path                           PID    Runtime      # DAGs    # Errors  Last Runtime    Last Run
----------------------------------  -----  ---------  --------  ----------  --------------  -------------------
/opt/airflow/dags/etl_ecommerce.py                           1           0  0.20s           2026-05-05T01:19:34
================================================================================
[2026-05-05T01:20:18.845+0000] {manager.py:879} INFO - 
================================================================================
DAG File Processing Stats

File Path                           PID    Runtime      # DAGs    # Errors  Last Runtime    Last Run
----------------------------------  -----  ---------  --------  ----------  --------------  -------------------
/opt/airflow/dags/etl_ecommerce.py                           1           0  0.20s           2026-05-05T01:20:04
================================================================================
[2026-05-05T01:20:49.238+0000] {manager.py:879} INFO - 
================================================================================
DAG File Processing Stats

File Path                           PID    Runtime      # DAGs    # Errors  Last Runtime    Last Run
----------------------------------  -----  ---------  --------  ----------  --------------  -------------------
/opt/airflow/dags/etl_ecommerce.py                           1           0  0.17s           2026-05-05T01:20:35
================================================================================
[2026-05-05T01:21:19.620+0000] {manager.py:879} INFO - 
================================================================================
DAG File Processing Stats

File Path                           PID    Runtime      # DAGs    # Errors  Last Runtime    Last Run
----------------------------------  -----  ---------  --------  ----------  --------------  -------------------
/opt/airflow/dags/etl_ecommerce.py                           1           0  0.19s           2026-05-05T01:21:05
================================================================================
[2026-05-05T01:21:50.012+0000] {manager.py:879} INFO - 
================================================================================
DAG File Processing Stats

File Path                           PID    Runtime      # DAGs    # Errors  Last Runtime    Last Run
----------------------------------  -----  ---------  --------  ----------  --------------  -------------------
/opt/airflow/dags/etl_ecommerce.py                           1           0  0.14s           2026-05-05T01:21:35
================================================================================
[2026-05-05T01:22:20.371+0000] {manager.py:879} INFO - 
================================================================================
DAG File Processing Stats

File Path                           PID    Runtime      # DAGs    # Errors  Last Runtime    Last Run
----------------------------------  -----  ---------  --------  ----------  --------------  -------------------
/opt/airflow/dags/etl_ecommerce.py                           1           0  0.13s           2026-05-05T01:22:06
================================================================================
[2026-05-05T01:22:50.805+0000] {manager.py:879} INFO - 
================================================================================
DAG File Processing Stats

File Path                           PID    Runtime      # DAGs    # Errors  Last Runtime    Last Run
----------------------------------  -----  ---------  --------  ----------  --------------  -------------------
/opt/airflow/dags/etl_ecommerce.py                           1           0  0.18s           2026-05-05T01:22:36
================================================================================
[2026-05-05T01:23:21.170+0000] {manager.py:879} INFO - 
================================================================================
DAG File Processing Stats

File Path                           PID    Runtime      # DAGs    # Errors  Last Runtime    Last Run
----------------------------------  -----  ---------  --------  ----------  --------------  -------------------
/opt/airflow/dags/etl_ecommerce.py                           1           0  0.18s           2026-05-05T01:23:07
================================================================================
[2026-05-05T01:23:51.602+0000] {manager.py:879} INFO - 
================================================================================
DAG File Processing Stats

File Path                           PID    Runtime      # DAGs    # Errors  Last Runtime    Last Run
----------------------------------  -----  ---------  --------  ----------  --------------  -------------------
/opt/airflow/dags/etl_ecommerce.py                           1           0  0.13s           2026-05-05T01:23:37
================================================================================
[2026-05-05T01:24:21.902+0000] {manager.py:879} INFO - 
================================================================================
DAG File Processing Stats

File Path                           PID    Runtime      # DAGs    # Errors  Last Runtime    Last Run
----------------------------------  -----  ---------  --------  ----------  --------------  -------------------
/opt/airflow/dags/etl_ecommerce.py                           1           0  0.15s           2026-05-05T01:24:07
================================================================================
[2026-05-05T01:24:47.353+0000] {manager.py:738} INFO - Searching for files in /opt/airflow/dags
[2026-05-05T01:24:47.377+0000] {manager.py:741} INFO - There are 1 files in /opt/airflow/dags
[2026-05-05T01:24:52.347+0000] {manager.py:879} INFO - 
================================================================================
DAG File Processing Stats

File Path                           PID    Runtime      # DAGs    # Errors  Last Runtime    Last Run
----------------------------------  -----  ---------  --------  ----------  --------------  -------------------
/opt/airflow/dags/etl_ecommerce.py                           1           0  0.14s           2026-05-05T01:24:38
================================================================================
[2026-05-05T01:25:22.702+0000] {manager.py:879} INFO - 
================================================================================
DAG File Processing Stats

File Path                           PID    Runtime      # DAGs    # Errors  Last Runtime    Last Run
----------------------------------  -----  ---------  --------  ----------  --------------  -------------------
/opt/airflow/dags/etl_ecommerce.py                           1           0  0.13s           2026-05-05T01:25:08
================================================================================
[2026-05-05T01:25:53.146+0000] {manager.py:879} INFO - 
================================================================================
DAG File Processing Stats

File Path                           PID    Runtime      # DAGs    # Errors  Last Runtime    Last Run
----------------------------------  -----  ---------  --------  ----------  --------------  -------------------
/opt/airflow/dags/etl_ecommerce.py                           1           0  0.14s           2026-05-05T01:25:39
================================================================================
[2026-05-05T01:26:23.553+0000] {manager.py:879} INFO - 
================================================================================
DAG File Processing Stats

File Path                           PID    Runtime      # DAGs    # Errors  Last Runtime    Last Run
----------------------------------  -----  ---------  --------  ----------  --------------  -------------------
/opt/airflow/dags/etl_ecommerce.py                           1           0  0.15s           2026-05-05T01:26:09
================================================================================
[2026-05-05T01:26:54.083+0000] {manager.py:879} INFO - 
================================================================================
DAG File Processing Stats

File Path                           PID    Runtime      # DAGs    # Errors  Last Runtime    Last Run
----------------------------------  -----  ---------  --------  ----------  --------------  -------------------
/opt/airflow/dags/etl_ecommerce.py                           1           0  0.13s           2026-05-05T01:26:40
================================================================================
[2026-05-05T01:27:24.453+0000] {manager.py:879} INFO - 
================================================================================
DAG File Processing Stats

File Path                           PID    Runtime      # DAGs    # Errors  Last Runtime    Last Run
----------------------------------  -----  ---------  --------  ----------  --------------  -------------------
/opt/airflow/dags/etl_ecommerce.py                           1           0  0.14s           2026-05-05T01:27:10
================================================================================
[2026-05-05T01:27:54.955+0000] {manager.py:879} INFO - 
================================================================================
DAG File Processing Stats

File Path                           PID    Runtime      # DAGs    # Errors  Last Runtime    Last Run
----------------------------------  -----  ---------  --------  ----------  --------------  -------------------
/opt/airflow/dags/etl_ecommerce.py                           1           0  0.14s           2026-05-05T01:27:40
================================================================================
[2026-05-05T01:28:25.448+0000] {manager.py:879} INFO - 
================================================================================
DAG File Processing Stats

File Path                           PID    Runtime      # DAGs    # Errors  Last Runtime    Last Run
----------------------------------  -----  ---------  --------  ----------  --------------  -------------------
/opt/airflow/dags/etl_ecommerce.py                           1           0  0.16s           2026-05-05T01:28:11
================================================================================
[2026-05-05T01:28:55.858+0000] {manager.py:879} INFO - 
================================================================================
DAG File Processing Stats

File Path                           PID    Runtime      # DAGs    # Errors  Last Runtime    Last Run
----------------------------------  -----  ---------  --------  ----------  --------------  -------------------
/opt/airflow/dags/etl_ecommerce.py                           1           0  0.15s           2026-05-05T01:28:41
================================================================================
[2026-05-05T01:29:26.217+0000] {manager.py:879} INFO - 
================================================================================
DAG File Processing Stats

File Path                           PID    Runtime      # DAGs    # Errors  Last Runtime    Last Run
----------------------------------  -----  ---------  --------  ----------  --------------  -------------------
/opt/airflow/dags/etl_ecommerce.py                           1           0  0.16s           2026-05-05T01:29:12
================================================================================
[2026-05-05T01:29:47.485+0000] {manager.py:738} INFO - Searching for files in /opt/airflow/dags
[2026-05-05T01:29:47.542+0000] {manager.py:741} INFO - There are 1 files in /opt/airflow/dags
[2026-05-05T01:29:56.746+0000] {manager.py:879} INFO - 
================================================================================
DAG File Processing Stats

File Path                           PID    Runtime      # DAGs    # Errors  Last Runtime    Last Run
----------------------------------  -----  ---------  --------  ----------  --------------  -------------------
/opt/airflow/dags/etl_ecommerce.py                           1           0  0.14s           2026-05-05T01:29:42
================================================================================
[2026-05-05T01:30:27.350+0000] {manager.py:879} INFO - 
================================================================================
DAG File Processing Stats

File Path                           PID    Runtime      # DAGs    # Errors  Last Runtime    Last Run
----------------------------------  -----  ---------  --------  ----------  --------------  -------------------
/opt/airflow/dags/etl_ecommerce.py                           1           0  0.64s           2026-05-05T01:30:13
================================================================================
[2026-05-05T01:30:58.125+0000] {manager.py:879} INFO - 
================================================================================
DAG File Processing Stats

File Path                           PID    Runtime      # DAGs    # Errors  Last Runtime    Last Run
----------------------------------  -----  ---------  --------  ----------  --------------  -------------------
/opt/airflow/dags/etl_ecommerce.py                           1           0  0.24s           2026-05-05T01:30:44
================================================================================
[2026-05-05T01:31:28.466+0000] {manager.py:879} INFO - 
================================================================================
DAG File Processing Stats

File Path                           PID    Runtime      # DAGs    # Errors  Last Runtime    Last Run
----------------------------------  -----  ---------  --------  ----------  --------------  -------------------
/opt/airflow/dags/etl_ecommerce.py                           1           0  0.22s           2026-05-05T01:31:14
================================================================================
[2026-05-05T01:31:58.986+0000] {manager.py:879} INFO - 
================================================================================
DAG File Processing Stats

File Path                           PID    Runtime      # DAGs    # Errors  Last Runtime    Last Run
----------------------------------  -----  ---------  --------  ----------  --------------  -------------------
/opt/airflow/dags/etl_ecommerce.py                           1           0  0.49s           2026-05-05T01:31:45
================================================================================
[2026-05-05T01:32:29.690+0000] {manager.py:879} INFO - 
================================================================================
DAG File Processing Stats

File Path                           PID    Runtime      # DAGs    # Errors  Last Runtime    Last Run
----------------------------------  -----  ---------  --------  ----------  --------------  -------------------
/opt/airflow/dags/etl_ecommerce.py                           1           0  0.14s           2026-05-05T01:32:15
================================================================================
[2026-05-05T01:33:00.151+0000] {manager.py:879} INFO - 
================================================================================
DAG File Processing Stats

File Path                           PID    Runtime      # DAGs    # Errors  Last Runtime    Last Run
----------------------------------  -----  ---------  --------  ----------  --------------  -------------------
/opt/airflow/dags/etl_ecommerce.py                           1           0  0.14s           2026-05-05T01:32:45
================================================================================
[2026-05-05T01:33:30.497+0000] {manager.py:879} INFO - 
================================================================================
DAG File Processing Stats

File Path                           PID    Runtime      # DAGs    # Errors  Last Runtime    Last Run
----------------------------------  -----  ---------  --------  ----------  --------------  -------------------
/opt/airflow/dags/etl_ecommerce.py                           1           0  0.13s           2026-05-05T01:33:16
================================================================================
[2026-05-05T01:34:00.958+0000] {manager.py:879} INFO - 
================================================================================
DAG File Processing Stats

File Path                           PID    Runtime      # DAGs    # Errors  Last Runtime    Last Run
----------------------------------  -----  ---------  --------  ----------  --------------  -------------------
/opt/airflow/dags/etl_ecommerce.py                           1           0  0.14s           2026-05-05T01:33:46
================================================================================
[2026-05-05T01:34:31.369+0000] {manager.py:879} INFO - 
================================================================================
DAG File Processing Stats

File Path                           PID    Runtime      # DAGs    # Errors  Last Runtime    Last Run
----------------------------------  -----  ---------  --------  ----------  --------------  -------------------
/opt/airflow/dags/etl_ecommerce.py                           1           0  0.14s           2026-05-05T01:34:17
================================================================================
[2026-05-05T01:34:47.489+0000] {manager.py:738} INFO - Searching for files in /opt/airflow/dags
[2026-05-05T01:34:47.569+0000] {manager.py:741} INFO - There are 1 files in /opt/airflow/dags
[2026-05-05T01:35:01.810+0000] {manager.py:879} INFO - 
================================================================================
DAG File Processing Stats

File Path                           PID    Runtime      # DAGs    # Errors  Last Runtime    Last Run
----------------------------------  -----  ---------  --------  ----------  --------------  -------------------
/opt/airflow/dags/etl_ecommerce.py                           1           0  0.14s           2026-05-05T01:34:47
================================================================================
[2026-05-05T01:35:32.213+0000] {manager.py:879} INFO - 
================================================================================
DAG File Processing Stats

File Path                           PID    Runtime      # DAGs    # Errors  Last Runtime    Last Run
----------------------------------  -----  ---------  --------  ----------  --------------  -------------------
/opt/airflow/dags/etl_ecommerce.py                           1           0  0.15s           2026-05-05T01:35:18
================================================================================
[2026-05-05T01:36:02.637+0000] {manager.py:879} INFO - 
================================================================================
DAG File Processing Stats

File Path                           PID    Runtime      # DAGs    # Errors  Last Runtime    Last Run
----------------------------------  -----  ---------  --------  ----------  --------------  -------------------
/opt/airflow/dags/etl_ecommerce.py                           1           0  0.15s           2026-05-05T01:35:48
================================================================================
[2026-05-05T01:36:33.053+0000] {manager.py:879} INFO - 
================================================================================
DAG File Processing Stats

File Path                           PID    Runtime      # DAGs    # Errors  Last Runtime    Last Run
----------------------------------  -----  ---------  --------  ----------  --------------  -------------------
/opt/airflow/dags/etl_ecommerce.py                           1           0  0.14s           2026-05-05T01:36:18
================================================================================
[2026-05-05T01:37:03.497+0000] {manager.py:879} INFO - 
================================================================================
DAG File Processing Stats

File Path                           PID    Runtime      # DAGs    # Errors  Last Runtime    Last Run
----------------------------------  -----  ---------  --------  ----------  --------------  -------------------
/opt/airflow/dags/etl_ecommerce.py                           1           0  0.13s           2026-05-05T01:36:49
================================================================================
[2026-05-05T01:37:33.843+0000] {manager.py:879} INFO - 
================================================================================
DAG File Processing Stats

File Path                           PID    Runtime      # DAGs    # Errors  Last Runtime    Last Run
----------------------------------  -----  ---------  --------  ----------  --------------  -------------------
/opt/airflow/dags/etl_ecommerce.py                           1           0  0.14s           2026-05-05T01:37:19
================================================================================
[2026-05-05T01:38:04.236+0000] {manager.py:879} INFO - 
================================================================================
DAG File Processing Stats

File Path                           PID    Runtime      # DAGs    # Errors  Last Runtime    Last Run
----------------------------------  -----  ---------  --------  ----------  --------------  -------------------
/opt/airflow/dags/etl_ecommerce.py                           1           0  0.16s           2026-05-05T01:37:50
================================================================================
[2026-05-05T01:38:34.645+0000] {manager.py:879} INFO - 
================================================================================
DAG File Processing Stats

File Path                           PID    Runtime      # DAGs    # Errors  Last Runtime    Last Run
----------------------------------  -----  ---------  --------  ----------  --------------  -------------------
/opt/airflow/dags/etl_ecommerce.py                           1           0  0.14s           2026-05-05T01:38:20
================================================================================
[2026-05-05T01:39:05.000+0000] {manager.py:879} INFO - 
================================================================================
DAG File Processing Stats

File Path                           PID    Runtime      # DAGs    # Errors  Last Runtime    Last Run
----------------------------------  -----  ---------  --------  ----------  --------------  -------------------
/opt/airflow/dags/etl_ecommerce.py                           1           0  0.16s           2026-05-05T01:38:50
================================================================================
[2026-05-05T01:39:35.397+0000] {manager.py:879} INFO - 
================================================================================
DAG File Processing Stats

File Path                           PID    Runtime      # DAGs    # Errors  Last Runtime    Last Run
----------------------------------  -----  ---------  --------  ----------  --------------  -------------------
/opt/airflow/dags/etl_ecommerce.py                           1           0  0.14s           2026-05-05T01:39:21
================================================================================
[2026-05-05T01:39:47.497+0000] {manager.py:738} INFO - Searching for files in /opt/airflow/dags
[2026-05-05T01:39:47.522+0000] {manager.py:741} INFO - There are 1 files in /opt/airflow/dags
[2026-05-05T01:40:05.780+0000] {manager.py:879} INFO - 
================================================================================
DAG File Processing Stats

File Path                           PID    Runtime      # DAGs    # Errors  Last Runtime    Last Run
----------------------------------  -----  ---------  --------  ----------  --------------  -------------------
/opt/airflow/dags/etl_ecommerce.py                           1           0  0.18s           2026-05-05T01:39:51
================================================================================
[2026-05-05T01:40:36.201+0000] {manager.py:879} INFO - 
================================================================================
DAG File Processing Stats

File Path                           PID    Runtime      # DAGs    # Errors  Last Runtime    Last Run
----------------------------------  -----  ---------  --------  ----------  --------------  -------------------
/opt/airflow/dags/etl_ecommerce.py                           1           0  0.17s           2026-05-05T01:40:22
================================================================================
[2026-05-05T01:41:06.527+0000] {manager.py:879} INFO - 
================================================================================
DAG File Processing Stats

File Path                           PID    Runtime      # DAGs    # Errors  Last Runtime    Last Run
----------------------------------  -----  ---------  --------  ----------  --------------  -------------------
/opt/airflow/dags/etl_ecommerce.py                           1           0  0.50s           2026-05-05T01:40:52
================================================================================
[2026-05-05T01:41:37.346+0000] {manager.py:879} INFO - 
================================================================================
DAG File Processing Stats

File Path                           PID    Runtime      # DAGs    # Errors  Last Runtime    Last Run
----------------------------------  -----  ---------  --------  ----------  --------------  -------------------
/opt/airflow/dags/etl_ecommerce.py                           1           0  0.15s           2026-05-05T01:41:23
================================================================================
[2026-05-05T01:42:07.700+0000] {manager.py:879} INFO - 
================================================================================
DAG File Processing Stats

File Path                           PID    Runtime      # DAGs    # Errors  Last Runtime    Last Run
----------------------------------  -----  ---------  --------  ----------  --------------  -------------------
/opt/airflow/dags/etl_ecommerce.py                           1           0  0.15s           2026-05-05T01:41:53
================================================================================
[2026-05-05T01:42:38.172+0000] {manager.py:879} INFO - 
================================================================================
DAG File Processing Stats

File Path                           PID    Runtime      # DAGs    # Errors  Last Runtime    Last Run
----------------------------------  -----  ---------  --------  ----------  --------------  -------------------
/opt/airflow/dags/etl_ecommerce.py                           1           0  0.14s           2026-05-05T01:42:23
================================================================================
[2026-05-05T01:43:08.564+0000] {manager.py:879} INFO - 
================================================================================
DAG File Processing Stats

File Path                           PID    Runtime      # DAGs    # Errors  Last Runtime    Last Run
----------------------------------  -----  ---------  --------  ----------  --------------  -------------------
/opt/airflow/dags/etl_ecommerce.py                           1           0  0.17s           2026-05-05T01:42:54
================================================================================
[2026-05-05T01:43:39.079+0000] {manager.py:879} INFO - 
================================================================================
DAG File Processing Stats

File Path                           PID    Runtime      # DAGs    # Errors  Last Runtime    Last Run
----------------------------------  -----  ---------  --------  ----------  --------------  -------------------
/opt/airflow/dags/etl_ecommerce.py                           1           0  0.14s           2026-05-05T01:43:24
================================================================================
[2026-05-05T01:44:09.405+0000] {manager.py:879} INFO - 
================================================================================
DAG File Processing Stats

File Path                           PID    Runtime      # DAGs    # Errors  Last Runtime    Last Run
----------------------------------  -----  ---------  --------  ----------  --------------  -------------------
/opt/airflow/dags/etl_ecommerce.py                           1           0  0.17s           2026-05-05T01:43:55
================================================================================
[2026-05-05T01:44:39.867+0000] {manager.py:879} INFO - 
================================================================================
DAG File Processing Stats

File Path                           PID    Runtime      # DAGs    # Errors  Last Runtime    Last Run
----------------------------------  -----  ---------  --------  ----------  --------------  -------------------
/opt/airflow/dags/etl_ecommerce.py                           1           0  0.16s           2026-05-05T01:44:25
================================================================================
[2026-05-05T01:44:47.907+0000] {manager.py:738} INFO - Searching for files in /opt/airflow/dags
[2026-05-05T01:44:47.929+0000] {manager.py:741} INFO - There are 1 files in /opt/airflow/dags
[2026-05-05T01:45:10.214+0000] {manager.py:879} INFO - 
================================================================================
DAG File Processing Stats

File Path                           PID    Runtime      # DAGs    # Errors  Last Runtime    Last Run
----------------------------------  -----  ---------  --------  ----------  --------------  -------------------
/opt/airflow/dags/etl_ecommerce.py                           1           0  0.14s           2026-05-05T01:44:56
================================================================================
[2026-05-05T01:45:40.695+0000] {manager.py:879} INFO - 
================================================================================
DAG File Processing Stats

File Path                           PID    Runtime      # DAGs    # Errors  Last Runtime    Last Run
----------------------------------  -----  ---------  --------  ----------  --------------  -------------------
/opt/airflow/dags/etl_ecommerce.py                           1           0  0.16s           2026-05-05T01:45:26
================================================================================
[2026-05-05T01:46:11.084+0000] {manager.py:879} INFO - 
================================================================================
DAG File Processing Stats

File Path                           PID    Runtime      # DAGs    # Errors  Last Runtime    Last Run
----------------------------------  -----  ---------  --------  ----------  --------------  -------------------
/opt/airflow/dags/etl_ecommerce.py                           1           0  0.14s           2026-05-05T01:45:56
================================================================================
[2026-05-05T01:46:41.455+0000] {manager.py:879} INFO - 
================================================================================
DAG File Processing Stats

File Path                           PID    Runtime      # DAGs    # Errors  Last Runtime    Last Run
----------------------------------  -----  ---------  --------  ----------  --------------  -------------------
/opt/airflow/dags/etl_ecommerce.py                           1           0  0.14s           2026-05-05T01:46:27
================================================================================
[2026-05-05T01:47:11.792+0000] {manager.py:879} INFO - 
================================================================================
DAG File Processing Stats

File Path                           PID    Runtime      # DAGs    # Errors  Last Runtime    Last Run
----------------------------------  -----  ---------  --------  ----------  --------------  -------------------
/opt/airflow/dags/etl_ecommerce.py                           1           0  0.14s           2026-05-05T01:46:57
================================================================================
[2026-05-05T01:47:42.158+0000] {manager.py:879} INFO - 
================================================================================
DAG File Processing Stats

File Path                           PID    Runtime      # DAGs    # Errors  Last Runtime    Last Run
----------------------------------  -----  ---------  --------  ----------  --------------  -------------------
/opt/airflow/dags/etl_ecommerce.py                           1           0  0.13s           2026-05-05T01:47:28
================================================================================
[2026-05-05T01:48:12.508+0000] {manager.py:879} INFO - 
================================================================================
DAG File Processing Stats

File Path                           PID    Runtime      # DAGs    # Errors  Last Runtime    Last Run
----------------------------------  -----  ---------  --------  ----------  --------------  -------------------
/opt/airflow/dags/etl_ecommerce.py                           1           0  0.14s           2026-05-05T01:47:58
================================================================================
[2026-05-05T01:48:42.916+0000] {manager.py:879} INFO - 
================================================================================
DAG File Processing Stats

File Path                           PID    Runtime      # DAGs    # Errors  Last Runtime    Last Run
----------------------------------  -----  ---------  --------  ----------  --------------  -------------------
/opt/airflow/dags/etl_ecommerce.py                           1           0  0.15s           2026-05-05T01:48:28
================================================================================
[2026-05-05T01:49:13.280+0000] {manager.py:879} INFO - 
================================================================================
DAG File Processing Stats

File Path                           PID    Runtime      # DAGs    # Errors  Last Runtime    Last Run
----------------------------------  -----  ---------  --------  ----------  --------------  -------------------
/opt/airflow/dags/etl_ecommerce.py                           1           0  0.15s           2026-05-05T01:48:59
================================================================================
[2026-05-05T01:49:43.672+0000] {manager.py:879} INFO - 
================================================================================
DAG File Processing Stats

File Path                           PID    Runtime      # DAGs    # Errors  Last Runtime    Last Run
----------------------------------  -----  ---------  --------  ----------  --------------  -------------------
/opt/airflow/dags/etl_ecommerce.py                           1           0  0.14s           2026-05-05T01:49:29
================================================================================
[2026-05-05T01:49:48.699+0000] {manager.py:738} INFO - Searching for files in /opt/airflow/dags
[2026-05-05T01:49:48.727+0000] {manager.py:741} INFO - There are 1 files in /opt/airflow/dags
[2026-05-05T01:50:14.007+0000] {manager.py:879} INFO - 
================================================================================
DAG File Processing Stats

File Path                           PID    Runtime      # DAGs    # Errors  Last Runtime    Last Run
----------------------------------  -----  ---------  --------  ----------  --------------  -------------------
/opt/airflow/dags/etl_ecommerce.py                           1           0  0.17s           2026-05-05T01:49:59
================================================================================
[2026-05-05T01:50:44.499+0000] {manager.py:879} INFO - 
================================================================================
DAG File Processing Stats

File Path                           PID    Runtime      # DAGs    # Errors  Last Runtime    Last Run
----------------------------------  -----  ---------  --------  ----------  --------------  -------------------
/opt/airflow/dags/etl_ecommerce.py                           1           0  0.15s           2026-05-05T01:50:30
================================================================================
[2026-05-05T01:51:15.038+0000] {manager.py:879} INFO - 
================================================================================
DAG File Processing Stats

File Path                           PID    Runtime      # DAGs    # Errors  Last Runtime    Last Run
----------------------------------  -----  ---------  --------  ----------  --------------  -------------------
/opt/airflow/dags/etl_ecommerce.py                           1           0  0.18s           2026-05-05T01:51:00
================================================================================
[2026-05-05T01:51:45.592+0000] {manager.py:879} INFO - 
================================================================================
DAG File Processing Stats

File Path                           PID    Runtime      # DAGs    # Errors  Last Runtime    Last Run
----------------------------------  -----  ---------  --------  ----------  --------------  -------------------
/opt/airflow/dags/etl_ecommerce.py                           1           0  0.14s           2026-05-05T01:51:31
================================================================================
[2026-05-05T01:52:16.024+0000] {manager.py:879} INFO - 
================================================================================
DAG File Processing Stats

File Path                           PID    Runtime      # DAGs    # Errors  Last Runtime    Last Run
----------------------------------  -----  ---------  --------  ----------  --------------  -------------------
/opt/airflow/dags/etl_ecommerce.py                           1           0  0.17s           2026-05-05T01:52:02
================================================================================
[2026-05-05T01:52:46.517+0000] {manager.py:879} INFO - 
================================================================================
DAG File Processing Stats

File Path                           PID    Runtime      # DAGs    # Errors  Last Runtime    Last Run
----------------------------------  -----  ---------  --------  ----------  --------------  -------------------
/opt/airflow/dags/etl_ecommerce.py                           1           0  0.15s           2026-05-05T01:52:32
================================================================================
[2026-05-05T01:53:17.114+0000] {manager.py:879} INFO - 
================================================================================
DAG File Processing Stats

File Path                           PID    Runtime      # DAGs    # Errors  Last Runtime    Last Run
----------------------------------  -----  ---------  --------  ----------  --------------  -------------------
/opt/airflow/dags/etl_ecommerce.py                           1           0  0.16s           2026-05-05T01:53:02
================================================================================
[2026-05-05T01:53:47.638+0000] {manager.py:879} INFO - 
================================================================================
DAG File Processing Stats

File Path                           PID    Runtime      # DAGs    # Errors  Last Runtime    Last Run
----------------------------------  -----  ---------  --------  ----------  --------------  -------------------
/opt/airflow/dags/etl_ecommerce.py                           1           0  0.14s           2026-05-05T01:53:33
================================================================================
[2026-05-05T01:54:18.137+0000] {manager.py:879} INFO - 
================================================================================
DAG File Processing Stats

File Path                           PID    Runtime      # DAGs    # Errors  Last Runtime    Last Run
----------------------------------  -----  ---------  --------  ----------  --------------  -------------------
/opt/airflow/dags/etl_ecommerce.py                           1           0  0.15s           2026-05-05T01:54:04
================================================================================
[2026-05-05T01:54:48.600+0000] {manager.py:879} INFO - 
================================================================================
DAG File Processing Stats

File Path                           PID    Runtime      # DAGs    # Errors  Last Runtime    Last Run
----------------------------------  -----  ---------  --------  ----------  --------------  -------------------
/opt/airflow/dags/etl_ecommerce.py                           1           0  0.14s           2026-05-05T01:54:34
================================================================================
[2026-05-05T01:54:48.723+0000] {manager.py:738} INFO - Searching for files in /opt/airflow/dags
[2026-05-05T01:54:48.749+0000] {manager.py:741} INFO - There are 1 files in /opt/airflow/dags
[2026-05-05T01:55:18.985+0000] {manager.py:879} INFO - 
================================================================================
DAG File Processing Stats

File Path                           PID    Runtime      # DAGs    # Errors  Last Runtime    Last Run
----------------------------------  -----  ---------  --------  ----------  --------------  -------------------
/opt/airflow/dags/etl_ecommerce.py                           1           0  0.15s           2026-05-05T01:55:05
================================================================================
[2026-05-05T01:55:49.493+0000] {manager.py:879} INFO - 
================================================================================
DAG File Processing Stats

File Path                           PID    Runtime      # DAGs    # Errors  Last Runtime    Last Run
----------------------------------  -----  ---------  --------  ----------  --------------  -------------------
/opt/airflow/dags/etl_ecommerce.py                           1           0  0.13s           2026-05-05T01:55:35
================================================================================
[2026-05-05T01:56:19.954+0000] {manager.py:879} INFO - 
================================================================================
DAG File Processing Stats

File Path                           PID    Runtime      # DAGs    # Errors  Last Runtime    Last Run
----------------------------------  -----  ---------  --------  ----------  --------------  -------------------
/opt/airflow/dags/etl_ecommerce.py                           1           0  0.16s           2026-05-05T01:56:05
================================================================================
[2026-05-05T01:56:50.416+0000] {manager.py:879} INFO - 
================================================================================
DAG File Processing Stats

File Path                           PID    Runtime      # DAGs    # Errors  Last Runtime    Last Run
----------------------------------  -----  ---------  --------  ----------  --------------  -------------------
/opt/airflow/dags/etl_ecommerce.py                           1           0  0.14s           2026-05-05T01:56:36
================================================================================
[2026-05-05T01:57:20.908+0000] {manager.py:879} INFO - 
================================================================================
DAG File Processing Stats

File Path                           PID    Runtime      # DAGs    # Errors  Last Runtime    Last Run
----------------------------------  -----  ---------  --------  ----------  --------------  -------------------
/opt/airflow/dags/etl_ecommerce.py                           1           0  0.15s           2026-05-05T01:57:06
================================================================================
[2026-05-05T01:57:51.430+0000] {manager.py:879} INFO - 
================================================================================
DAG File Processing Stats

File Path                           PID    Runtime      # DAGs    # Errors  Last Runtime    Last Run
----------------------------------  -----  ---------  --------  ----------  --------------  -------------------
/opt/airflow/dags/etl_ecommerce.py                           1           0  0.13s           2026-05-05T01:57:37
================================================================================
[2026-05-05T01:58:21.938+0000] {manager.py:879} INFO - 
================================================================================
DAG File Processing Stats

File Path                           PID    Runtime      # DAGs    # Errors  Last Runtime    Last Run
----------------------------------  -----  ---------  --------  ----------  --------------  -------------------
/opt/airflow/dags/etl_ecommerce.py                           1           0  0.24s           2026-05-05T01:58:07
================================================================================
[2026-05-05T01:58:52.480+0000] {manager.py:879} INFO - 
================================================================================
DAG File Processing Stats

File Path                           PID    Runtime      # DAGs    # Errors  Last Runtime    Last Run
----------------------------------  -----  ---------  --------  ----------  --------------  -------------------
/opt/airflow/dags/etl_ecommerce.py                           1           0  0.16s           2026-05-05T01:58:38
================================================================================
[2026-05-05T01:59:22.912+0000] {manager.py:879} INFO - 
================================================================================
DAG File Processing Stats

File Path                           PID    Runtime      # DAGs    # Errors  Last Runtime    Last Run
----------------------------------  -----  ---------  --------  ----------  --------------  -------------------
/opt/airflow/dags/etl_ecommerce.py                           1           0  0.15s           2026-05-05T01:59:08
================================================================================
[2026-05-05T01:59:49.383+0000] {manager.py:738} INFO - Searching for files in /opt/airflow/dags
[2026-05-05T01:59:49.488+0000] {manager.py:741} INFO - There are 1 files in /opt/airflow/dags
[2026-05-05T01:59:53.553+0000] {manager.py:879} INFO - 
================================================================================
DAG File Processing Stats

File Path                           PID    Runtime      # DAGs    # Errors  Last Runtime    Last Run
----------------------------------  -----  ---------  --------  ----------  --------------  -------------------
/opt/airflow/dags/etl_ecommerce.py                           1           0  0.14s           2026-05-05T01:59:39
================================================================================
[2026-05-05T02:00:23.994+0000] {manager.py:879} INFO - 
================================================================================
DAG File Processing Stats

File Path                           PID    Runtime      # DAGs    # Errors  Last Runtime    Last Run
----------------------------------  -----  ---------  --------  ----------  --------------  -------------------
/opt/airflow/dags/etl_ecommerce.py                           1           0  0.14s           2026-05-05T02:00:09
================================================================================
[2026-05-05T02:00:54.403+0000] {manager.py:879} INFO - 
================================================================================
DAG File Processing Stats

File Path                           PID    Runtime      # DAGs    # Errors  Last Runtime    Last Run
----------------------------------  -----  ---------  --------  ----------  --------------  -------------------
/opt/airflow/dags/etl_ecommerce.py                           1           0  0.16s           2026-05-05T02:00:40
================================================================================
[2026-05-05T02:01:24.855+0000] {manager.py:879} INFO - 
================================================================================
DAG File Processing Stats

File Path                           PID    Runtime      # DAGs    # Errors  Last Runtime    Last Run
----------------------------------  -----  ---------  --------  ----------  --------------  -------------------
/opt/airflow/dags/etl_ecommerce.py                           1           0  0.26s           2026-05-05T02:01:10
================================================================================
[2026-05-05T02:01:55.455+0000] {manager.py:879} INFO - 
================================================================================
DAG File Processing Stats

File Path                           PID    Runtime      # DAGs    # Errors  Last Runtime    Last Run
----------------------------------  -----  ---------  --------  ----------  --------------  -------------------
/opt/airflow/dags/etl_ecommerce.py                           1           0  0.17s           2026-05-05T02:01:41
================================================================================
[2026-05-05T02:02:25.861+0000] {manager.py:879} INFO - 
================================================================================
DAG File Processing Stats

File Path                           PID    Runtime      # DAGs    # Errors  Last Runtime    Last Run
----------------------------------  -----  ---------  --------  ----------  --------------  -------------------
/opt/airflow/dags/etl_ecommerce.py                           1           0  0.16s           2026-05-05T02:02:11
================================================================================
[2026-05-05T02:02:56.302+0000] {manager.py:879} INFO - 
================================================================================
DAG File Processing Stats

File Path                           PID    Runtime      # DAGs    # Errors  Last Runtime    Last Run
----------------------------------  -----  ---------  --------  ----------  --------------  -------------------
/opt/airflow/dags/etl_ecommerce.py                           1           0  0.15s           2026-05-05T02:02:42
================================================================================
[2026-05-05T02:03:26.694+0000] {manager.py:879} INFO - 
================================================================================
DAG File Processing Stats

File Path                           PID    Runtime      # DAGs    # Errors  Last Runtime    Last Run
----------------------------------  -----  ---------  --------  ----------  --------------  -------------------
/opt/airflow/dags/etl_ecommerce.py                           1           0  0.21s           2026-05-05T02:03:12
================================================================================
[2026-05-05T02:03:56.995+0000] {manager.py:879} INFO - 
================================================================================
DAG File Processing Stats

File Path                           PID    Runtime      # DAGs    # Errors  Last Runtime    Last Run
----------------------------------  -----  ---------  --------  ----------  --------------  -------------------
/opt/airflow/dags/etl_ecommerce.py                           1           0  0.18s           2026-05-05T02:03:43
================================================================================
[2026-05-05T02:04:27.456+0000] {manager.py:879} INFO - 
================================================================================
DAG File Processing Stats

File Path                           PID    Runtime      # DAGs    # Errors  Last Runtime    Last Run
----------------------------------  -----  ---------  --------  ----------  --------------  -------------------
/opt/airflow/dags/etl_ecommerce.py                           1           0  0.44s           2026-05-05T02:04:13
================================================================================
[2026-05-05T02:04:49.768+0000] {manager.py:738} INFO - Searching for files in /opt/airflow/dags
[2026-05-05T02:04:49.794+0000] {manager.py:741} INFO - There are 1 files in /opt/airflow/dags
[2026-05-05T02:04:57.870+0000] {manager.py:879} INFO - 
================================================================================
DAG File Processing Stats

File Path                           PID    Runtime      # DAGs    # Errors  Last Runtime    Last Run
----------------------------------  -----  ---------  --------  ----------  --------------  -------------------
/opt/airflow/dags/etl_ecommerce.py                           1           0  0.15s           2026-05-05T02:04:43
================================================================================
[2026-05-05T02:05:28.256+0000] {manager.py:879} INFO - 
================================================================================
DAG File Processing Stats

File Path                           PID    Runtime      # DAGs    # Errors  Last Runtime    Last Run
----------------------------------  -----  ---------  --------  ----------  --------------  -------------------
/opt/airflow/dags/etl_ecommerce.py                           1           0  0.17s           2026-05-05T02:05:14
================================================================================
[2026-05-05T02:05:58.749+0000] {manager.py:879} INFO - 
================================================================================
DAG File Processing Stats

File Path                           PID    Runtime      # DAGs    # Errors  Last Runtime    Last Run
----------------------------------  -----  ---------  --------  ----------  --------------  -------------------
/opt/airflow/dags/etl_ecommerce.py                           1           0  0.15s           2026-05-05T02:05:44
================================================================================
[2026-05-05T02:06:29.116+0000] {manager.py:879} INFO - 
================================================================================
DAG File Processing Stats

File Path                           PID    Runtime      # DAGs    # Errors  Last Runtime    Last Run
----------------------------------  -----  ---------  --------  ----------  --------------  -------------------
/opt/airflow/dags/etl_ecommerce.py                           1           0  0.18s           2026-05-05T02:06:15
================================================================================
[2026-05-05T02:06:59.557+0000] {manager.py:879} INFO - 
================================================================================
DAG File Processing Stats

File Path                           PID    Runtime      # DAGs    # Errors  Last Runtime    Last Run
----------------------------------  -----  ---------  --------  ----------  --------------  -------------------
/opt/airflow/dags/etl_ecommerce.py                           1           0  0.15s           2026-05-05T02:06:45
================================================================================
[2026-05-05T02:07:29.892+0000] {manager.py:879} INFO - 
================================================================================
DAG File Processing Stats

File Path                           PID    Runtime      # DAGs    # Errors  Last Runtime    Last Run
----------------------------------  -----  ---------  --------  ----------  --------------  -------------------
/opt/airflow/dags/etl_ecommerce.py                           1           0  0.15s           2026-05-05T02:07:15
================================================================================
[2026-05-05T02:08:00.355+0000] {manager.py:879} INFO - 
================================================================================
DAG File Processing Stats

File Path                           PID    Runtime      # DAGs    # Errors  Last Runtime    Last Run
----------------------------------  -----  ---------  --------  ----------  --------------  -------------------
/opt/airflow/dags/etl_ecommerce.py                           1           0  0.18s           2026-05-05T02:07:46
================================================================================
[2026-05-05T02:08:30.756+0000] {manager.py:879} INFO - 
================================================================================
DAG File Processing Stats

File Path                           PID    Runtime      # DAGs    # Errors  Last Runtime    Last Run
----------------------------------  -----  ---------  --------  ----------  --------------  -------------------
/opt/airflow/dags/etl_ecommerce.py                           1           0  0.14s           2026-05-05T02:08:16
================================================================================
[2026-05-05T02:09:01.214+0000] {manager.py:879} INFO - 
================================================================================
DAG File Processing Stats

File Path                           PID    Runtime      # DAGs    # Errors  Last Runtime    Last Run
----------------------------------  -----  ---------  --------  ----------  --------------  -------------------
/opt/airflow/dags/etl_ecommerce.py                           1           0  0.15s           2026-05-05T02:08:47
================================================================================
[2026-05-05T02:09:31.667+0000] {manager.py:879} INFO - 
================================================================================
DAG File Processing Stats

File Path                           PID    Runtime      # DAGs    # Errors  Last Runtime    Last Run
----------------------------------  -----  ---------  --------  ----------  --------------  -------------------
/opt/airflow/dags/etl_ecommerce.py                           1           0  0.15s           2026-05-05T02:09:17
================================================================================
[2026-05-05T02:09:50.066+0000] {manager.py:738} INFO - Searching for files in /opt/airflow/dags
[2026-05-05T02:09:50.092+0000] {manager.py:741} INFO - There are 1 files in /opt/airflow/dags
[2026-05-05T02:10:02.211+0000] {manager.py:879} INFO - 
================================================================================
DAG File Processing Stats

File Path                           PID    Runtime      # DAGs    # Errors  Last Runtime    Last Run
----------------------------------  -----  ---------  --------  ----------  --------------  -------------------
/opt/airflow/dags/etl_ecommerce.py                           1           0  0.18s           2026-05-05T02:09:48
================================================================================
[2026-05-05T02:10:32.644+0000] {manager.py:879} INFO - 
================================================================================
DAG File Processing Stats

File Path                           PID    Runtime      # DAGs    # Errors  Last Runtime    Last Run
----------------------------------  -----  ---------  --------  ----------  --------------  -------------------
/opt/airflow/dags/etl_ecommerce.py                           1           0  0.15s           2026-05-05T02:10:18
================================================================================
[2026-05-05T02:11:03.116+0000] {manager.py:879} INFO - 
================================================================================
DAG File Processing Stats

File Path                           PID    Runtime      # DAGs    # Errors  Last Runtime    Last Run
----------------------------------  -----  ---------  --------  ----------  --------------  -------------------
/opt/airflow/dags/etl_ecommerce.py                           1           0  0.14s           2026-05-05T02:10:49
================================================================================
[2026-05-05T02:11:33.516+0000] {manager.py:879} INFO - 
================================================================================
DAG File Processing Stats

File Path                           PID    Runtime      # DAGs    # Errors  Last Runtime    Last Run
----------------------------------  -----  ---------  --------  ----------  --------------  -------------------
/opt/airflow/dags/etl_ecommerce.py                           1           0  0.15s           2026-05-05T02:11:19
================================================================================
[2026-05-05T02:12:03.995+0000] {manager.py:879} INFO - 
================================================================================
DAG File Processing Stats

File Path                           PID    Runtime      # DAGs    # Errors  Last Runtime    Last Run
----------------------------------  -----  ---------  --------  ----------  --------------  -------------------
/opt/airflow/dags/etl_ecommerce.py                           1           0  0.15s           2026-05-05T02:11:49
================================================================================
[2026-05-05T02:12:34.418+0000] {manager.py:879} INFO - 
================================================================================
DAG File Processing Stats

File Path                           PID    Runtime      # DAGs    # Errors  Last Runtime    Last Run
----------------------------------  -----  ---------  --------  ----------  --------------  -------------------
/opt/airflow/dags/etl_ecommerce.py                           1           0  0.15s           2026-05-05T02:12:20
================================================================================
[2026-05-05T02:13:04.876+0000] {manager.py:879} INFO - 
================================================================================
DAG File Processing Stats

File Path                           PID    Runtime      # DAGs    # Errors  Last Runtime    Last Run
----------------------------------  -----  ---------  --------  ----------  --------------  -------------------
/opt/airflow/dags/etl_ecommerce.py                           1           0  0.16s           2026-05-05T02:12:50
================================================================================
[2026-05-05T02:13:35.265+0000] {manager.py:879} INFO - 
================================================================================
DAG File Processing Stats

File Path                           PID    Runtime      # DAGs    # Errors  Last Runtime    Last Run
----------------------------------  -----  ---------  --------  ----------  --------------  -------------------
/opt/airflow/dags/etl_ecommerce.py                           1           0  0.15s           2026-05-05T02:13:21
================================================================================
[2026-05-05T02:14:05.694+0000] {manager.py:879} INFO - 
================================================================================
DAG File Processing Stats

File Path                           PID    Runtime      # DAGs    # Errors  Last Runtime    Last Run
----------------------------------  -----  ---------  --------  ----------  --------------  -------------------
/opt/airflow/dags/etl_ecommerce.py                           1           0  0.19s           2026-05-05T02:13:51
================================================================================
[2026-05-05T02:14:36.130+0000] {manager.py:879} INFO - 
================================================================================
DAG File Processing Stats

File Path                           PID    Runtime      # DAGs    # Errors  Last Runtime    Last Run
----------------------------------  -----  ---------  --------  ----------  --------------  -------------------
/opt/airflow/dags/etl_ecommerce.py                           1           0  0.15s           2026-05-05T02:14:22
================================================================================
[2026-05-05T02:14:50.351+0000] {manager.py:738} INFO - Searching for files in /opt/airflow/dags
[2026-05-05T02:14:50.378+0000] {manager.py:741} INFO - There are 1 files in /opt/airflow/dags
[2026-05-05T02:15:06.541+0000] {manager.py:879} INFO - 
================================================================================
DAG File Processing Stats

File Path                           PID    Runtime      # DAGs    # Errors  Last Runtime    Last Run
----------------------------------  -----  ---------  --------  ----------  --------------  -------------------
/opt/airflow/dags/etl_ecommerce.py                           1           0  0.15s           2026-05-05T02:14:52
================================================================================
[2026-05-05T02:15:36.996+0000] {manager.py:879} INFO - 
================================================================================
DAG File Processing Stats

File Path                           PID    Runtime      # DAGs    # Errors  Last Runtime    Last Run
----------------------------------  -----  ---------  --------  ----------  --------------  -------------------
/opt/airflow/dags/etl_ecommerce.py                           1           0  0.15s           2026-05-05T02:15:22
================================================================================
[2026-05-05T02:16:07.341+0000] {manager.py:879} INFO - 
================================================================================
DAG File Processing Stats

File Path                           PID    Runtime      # DAGs    # Errors  Last Runtime    Last Run
----------------------------------  -----  ---------  --------  ----------  --------------  -------------------
/opt/airflow/dags/etl_ecommerce.py                           1           0  0.15s           2026-05-05T02:15:53
================================================================================
[2026-05-05T02:16:37.908+0000] {manager.py:879} INFO - 
================================================================================
DAG File Processing Stats

File Path                           PID    Runtime      # DAGs    # Errors  Last Runtime    Last Run
----------------------------------  -----  ---------  --------  ----------  --------------  -------------------
/opt/airflow/dags/etl_ecommerce.py                           1           0  0.15s           2026-05-05T02:16:23
================================================================================
[2026-05-05T02:17:08.307+0000] {manager.py:879} INFO - 
================================================================================
DAG File Processing Stats

File Path                           PID    Runtime      # DAGs    # Errors  Last Runtime    Last Run
----------------------------------  -----  ---------  --------  ----------  --------------  -------------------
/opt/airflow/dags/etl_ecommerce.py                           1           0  0.16s           2026-05-05T02:16:54
================================================================================
[2026-05-05T02:17:38.797+0000] {manager.py:879} INFO - 
================================================================================
DAG File Processing Stats

File Path                           PID    Runtime      # DAGs    # Errors  Last Runtime    Last Run
----------------------------------  -----  ---------  --------  ----------  --------------  -------------------
/opt/airflow/dags/etl_ecommerce.py                           1           0  0.14s           2026-05-05T02:17:24
================================================================================
[2026-05-05T02:18:09.184+0000] {manager.py:879} INFO - 
================================================================================
DAG File Processing Stats

File Path                           PID    Runtime      # DAGs    # Errors  Last Runtime    Last Run
----------------------------------  -----  ---------  --------  ----------  --------------  -------------------
/opt/airflow/dags/etl_ecommerce.py                           1           0  0.16s           2026-05-05T02:17:55
================================================================================
[2026-05-05T02:18:39.677+0000] {manager.py:879} INFO - 
================================================================================
DAG File Processing Stats

File Path                           PID    Runtime      # DAGs    # Errors  Last Runtime    Last Run
----------------------------------  -----  ---------  --------  ----------  --------------  -------------------
/opt/airflow/dags/etl_ecommerce.py                           1           0  0.15s           2026-05-05T02:18:25
================================================================================
[2026-05-05T02:19:10.021+0000] {manager.py:879} INFO - 
================================================================================
DAG File Processing Stats

File Path                           PID    Runtime      # DAGs    # Errors  Last Runtime    Last Run
----------------------------------  -----  ---------  --------  ----------  --------------  -------------------
/opt/airflow/dags/etl_ecommerce.py                           1           0  0.19s           2026-05-05T02:18:55
================================================================================
[2026-05-05T02:19:40.555+0000] {manager.py:879} INFO - 
================================================================================
DAG File Processing Stats

File Path                           PID    Runtime      # DAGs    # Errors  Last Runtime    Last Run
----------------------------------  -----  ---------  --------  ----------  --------------  -------------------
/opt/airflow/dags/etl_ecommerce.py                           1           0  0.17s           2026-05-05T02:19:26
================================================================================
[2026-05-05T02:19:50.649+0000] {manager.py:738} INFO - Searching for files in /opt/airflow/dags
[2026-05-05T02:19:50.673+0000] {manager.py:741} INFO - There are 1 files in /opt/airflow/dags
[2026-05-05T02:20:11.031+0000] {manager.py:879} INFO - 
================================================================================
DAG File Processing Stats

File Path                           PID    Runtime      # DAGs    # Errors  Last Runtime    Last Run
----------------------------------  -----  ---------  --------  ----------  --------------  -------------------
/opt/airflow/dags/etl_ecommerce.py                           1           0  0.22s           2026-05-05T02:19:56
================================================================================
[2026-05-05T02:20:41.368+0000] {manager.py:879} INFO - 
================================================================================
DAG File Processing Stats

File Path                           PID    Runtime      # DAGs    # Errors  Last Runtime    Last Run
----------------------------------  -----  ---------  --------  ----------  --------------  -------------------
/opt/airflow/dags/etl_ecommerce.py                           1           0  0.15s           2026-05-05T02:20:27
================================================================================
[2026-05-05T02:21:11.857+0000] {manager.py:879} INFO - 
================================================================================
DAG File Processing Stats

File Path                           PID    Runtime      # DAGs    # Errors  Last Runtime    Last Run
----------------------------------  -----  ---------  --------  ----------  --------------  -------------------
/opt/airflow/dags/etl_ecommerce.py                           1           0  0.16s           2026-05-05T02:20:57
================================================================================
[2026-05-05T02:21:42.298+0000] {manager.py:879} INFO - 
================================================================================
DAG File Processing Stats

File Path                           PID    Runtime      # DAGs    # Errors  Last Runtime    Last Run
----------------------------------  -----  ---------  --------  ----------  --------------  -------------------
/opt/airflow/dags/etl_ecommerce.py                           1           0  0.14s           2026-05-05T02:21:28
================================================================================
[2026-05-05T02:22:12.737+0000] {manager.py:879} INFO - 
================================================================================
DAG File Processing Stats

File Path                           PID    Runtime      # DAGs    # Errors  Last Runtime    Last Run
----------------------------------  -----  ---------  --------  ----------  --------------  -------------------
/opt/airflow/dags/etl_ecommerce.py                           1           0  0.14s           2026-05-05T02:21:58
================================================================================
[2026-05-05T02:22:43.134+0000] {manager.py:879} INFO - 
================================================================================
DAG File Processing Stats

File Path                           PID    Runtime      # DAGs    # Errors  Last Runtime    Last Run
----------------------------------  -----  ---------  --------  ----------  --------------  -------------------
/opt/airflow/dags/etl_ecommerce.py                           1           0  0.14s           2026-05-05T02:22:29
================================================================================
[2026-05-05T02:23:13.712+0000] {manager.py:879} INFO - 
================================================================================
DAG File Processing Stats

File Path                           PID    Runtime      # DAGs    # Errors  Last Runtime    Last Run
----------------------------------  -----  ---------  --------  ----------  --------------  -------------------
/opt/airflow/dags/etl_ecommerce.py                           1           0  0.15s           2026-05-05T02:22:59
================================================================================
[2026-05-05T02:23:44.052+0000] {manager.py:879} INFO - 
================================================================================
DAG File Processing Stats

File Path                           PID    Runtime      # DAGs    # Errors  Last Runtime    Last Run
----------------------------------  -----  ---------  --------  ----------  --------------  -------------------
/opt/airflow/dags/etl_ecommerce.py                           1           0  0.13s           2026-05-05T02:23:29
================================================================================
[2026-05-05T02:24:14.517+0000] {manager.py:879} INFO - 
================================================================================
DAG File Processing Stats

File Path                           PID    Runtime      # DAGs    # Errors  Last Runtime    Last Run
----------------------------------  -----  ---------  --------  ----------  --------------  -------------------
/opt/airflow/dags/etl_ecommerce.py                           1           0  0.16s           2026-05-05T02:24:00
================================================================================
[2026-05-05T02:24:44.903+0000] {manager.py:879} INFO - 
================================================================================
DAG File Processing Stats

File Path                           PID    Runtime      # DAGs    # Errors  Last Runtime    Last Run
----------------------------------  -----  ---------  --------  ----------  --------------  -------------------
/opt/airflow/dags/etl_ecommerce.py                           1           0  0.16s           2026-05-05T02:24:30
================================================================================
[2026-05-05T02:24:50.954+0000] {manager.py:738} INFO - Searching for files in /opt/airflow/dags
[2026-05-05T02:24:50.982+0000] {manager.py:741} INFO - There are 1 files in /opt/airflow/dags
