[2026-05-05T00:00:15.994+0000] {processor.py:161} INFO - Started process (PID=297) to work on /opt/airflow/dags/etl_ecommerce.py
[2026-05-05T00:00:15.995+0000] {processor.py:830} INFO - Processing file /opt/airflow/dags/etl_ecommerce.py for tasks to queue
[2026-05-05T00:00:15.996+0000] {logging_mixin.py:188} INFO - [2026-05-05T00:00:15.996+0000] {dagbag.py:538} INFO - Filling up the DagBag from /opt/airflow/dags/etl_ecommerce.py
[2026-05-05T00:00:16.026+0000] {processor.py:840} INFO - DAG(s) 'etl_ecommerce' retrieved from /opt/airflow/dags/etl_ecommerce.py
[2026-05-05T00:00:16.059+0000] {logging_mixin.py:188} INFO - [2026-05-05T00:00:16.059+0000] {dag.py:3036} INFO - Sync 1 DAGs
[2026-05-05T00:00:16.086+0000] {logging_mixin.py:188} INFO - [2026-05-05T00:00:16.086+0000] {dag.py:3823} INFO - Setting next_dagrun for etl_ecommerce to 2026-05-05 00:00:00+00:00, run_after=2026-05-06 00:00:00+00:00
[2026-05-05T00:00:16.107+0000] {processor.py:183} INFO - Processing /opt/airflow/dags/etl_ecommerce.py took 0.117 seconds
[2026-05-05T00:00:46.359+0000] {processor.py:161} INFO - Started process (PID=302) to work on /opt/airflow/dags/etl_ecommerce.py
[2026-05-05T00:00:46.360+0000] {processor.py:830} INFO - Processing file /opt/airflow/dags/etl_ecommerce.py for tasks to queue
[2026-05-05T00:00:46.361+0000] {logging_mixin.py:188} INFO - [2026-05-05T00:00:46.361+0000] {dagbag.py:538} INFO - Filling up the DagBag from /opt/airflow/dags/etl_ecommerce.py
[2026-05-05T00:00:46.393+0000] {processor.py:840} INFO - DAG(s) 'etl_ecommerce' retrieved from /opt/airflow/dags/etl_ecommerce.py
[2026-05-05T00:00:46.425+0000] {logging_mixin.py:188} INFO - [2026-05-05T00:00:46.424+0000] {dag.py:3036} INFO - Sync 1 DAGs
[2026-05-05T00:00:46.448+0000] {logging_mixin.py:188} INFO - [2026-05-05T00:00:46.448+0000] {dag.py:3823} INFO - Setting next_dagrun for etl_ecommerce to 2026-05-05 00:00:00+00:00, run_after=2026-05-06 00:00:00+00:00
[2026-05-05T00:00:46.468+0000] {processor.py:183} INFO - Processing /opt/airflow/dags/etl_ecommerce.py took 0.113 seconds
[2026-05-05T00:01:16.655+0000] {processor.py:161} INFO - Started process (PID=307) to work on /opt/airflow/dags/etl_ecommerce.py
[2026-05-05T00:01:16.656+0000] {processor.py:830} INFO - Processing file /opt/airflow/dags/etl_ecommerce.py for tasks to queue
[2026-05-05T00:01:16.657+0000] {logging_mixin.py:188} INFO - [2026-05-05T00:01:16.657+0000] {dagbag.py:538} INFO - Filling up the DagBag from /opt/airflow/dags/etl_ecommerce.py
[2026-05-05T00:01:16.686+0000] {processor.py:840} INFO - DAG(s) 'etl_ecommerce' retrieved from /opt/airflow/dags/etl_ecommerce.py
[2026-05-05T00:01:16.718+0000] {logging_mixin.py:188} INFO - [2026-05-05T00:01:16.717+0000] {dag.py:3036} INFO - Sync 1 DAGs
[2026-05-05T00:01:16.741+0000] {logging_mixin.py:188} INFO - [2026-05-05T00:01:16.741+0000] {dag.py:3823} INFO - Setting next_dagrun for etl_ecommerce to 2026-05-05 00:00:00+00:00, run_after=2026-05-06 00:00:00+00:00
[2026-05-05T00:01:16.762+0000] {processor.py:183} INFO - Processing /opt/airflow/dags/etl_ecommerce.py took 0.111 seconds
[2026-05-05T00:01:47.007+0000] {processor.py:161} INFO - Started process (PID=318) to work on /opt/airflow/dags/etl_ecommerce.py
[2026-05-05T00:01:47.008+0000] {processor.py:830} INFO - Processing file /opt/airflow/dags/etl_ecommerce.py for tasks to queue
[2026-05-05T00:01:47.009+0000] {logging_mixin.py:188} INFO - [2026-05-05T00:01:47.009+0000] {dagbag.py:538} INFO - Filling up the DagBag from /opt/airflow/dags/etl_ecommerce.py
[2026-05-05T00:01:47.037+0000] {processor.py:840} INFO - DAG(s) 'etl_ecommerce' retrieved from /opt/airflow/dags/etl_ecommerce.py
[2026-05-05T00:01:47.064+0000] {logging_mixin.py:188} INFO - [2026-05-05T00:01:47.064+0000] {dag.py:3036} INFO - Sync 1 DAGs
[2026-05-05T00:01:47.086+0000] {logging_mixin.py:188} INFO - [2026-05-05T00:01:47.086+0000] {dag.py:3823} INFO - Setting next_dagrun for etl_ecommerce to 2026-05-05 00:00:00+00:00, run_after=2026-05-06 00:00:00+00:00
[2026-05-05T00:01:47.105+0000] {processor.py:183} INFO - Processing /opt/airflow/dags/etl_ecommerce.py took 0.101 seconds
[2026-05-05T00:02:17.305+0000] {processor.py:161} INFO - Started process (PID=323) to work on /opt/airflow/dags/etl_ecommerce.py
[2026-05-05T00:02:17.307+0000] {processor.py:830} INFO - Processing file /opt/airflow/dags/etl_ecommerce.py for tasks to queue
[2026-05-05T00:02:17.308+0000] {logging_mixin.py:188} INFO - [2026-05-05T00:02:17.307+0000] {dagbag.py:538} INFO - Filling up the DagBag from /opt/airflow/dags/etl_ecommerce.py
[2026-05-05T00:02:17.339+0000] {processor.py:840} INFO - DAG(s) 'etl_ecommerce' retrieved from /opt/airflow/dags/etl_ecommerce.py
[2026-05-05T00:02:17.378+0000] {logging_mixin.py:188} INFO - [2026-05-05T00:02:17.378+0000] {dag.py:3036} INFO - Sync 1 DAGs
[2026-05-05T00:02:17.405+0000] {logging_mixin.py:188} INFO - [2026-05-05T00:02:17.405+0000] {dag.py:3823} INFO - Setting next_dagrun for etl_ecommerce to 2026-05-05 00:00:00+00:00, run_after=2026-05-06 00:00:00+00:00
[2026-05-05T00:02:17.427+0000] {processor.py:183} INFO - Processing /opt/airflow/dags/etl_ecommerce.py took 0.126 seconds
[2026-05-05T00:02:47.654+0000] {processor.py:161} INFO - Started process (PID=328) to work on /opt/airflow/dags/etl_ecommerce.py
[2026-05-05T00:02:47.655+0000] {processor.py:830} INFO - Processing file /opt/airflow/dags/etl_ecommerce.py for tasks to queue
[2026-05-05T00:02:47.656+0000] {logging_mixin.py:188} INFO - [2026-05-05T00:02:47.656+0000] {dagbag.py:538} INFO - Filling up the DagBag from /opt/airflow/dags/etl_ecommerce.py
[2026-05-05T00:02:47.684+0000] {processor.py:840} INFO - DAG(s) 'etl_ecommerce' retrieved from /opt/airflow/dags/etl_ecommerce.py
[2026-05-05T00:02:47.710+0000] {logging_mixin.py:188} INFO - [2026-05-05T00:02:47.710+0000] {dag.py:3036} INFO - Sync 1 DAGs
[2026-05-05T00:02:47.731+0000] {logging_mixin.py:188} INFO - [2026-05-05T00:02:47.731+0000] {dag.py:3823} INFO - Setting next_dagrun for etl_ecommerce to 2026-05-05 00:00:00+00:00, run_after=2026-05-06 00:00:00+00:00
[2026-05-05T00:02:47.750+0000] {processor.py:183} INFO - Processing /opt/airflow/dags/etl_ecommerce.py took 0.099 seconds
[2026-05-05T00:03:17.972+0000] {processor.py:161} INFO - Started process (PID=333) to work on /opt/airflow/dags/etl_ecommerce.py
[2026-05-05T00:03:17.973+0000] {processor.py:830} INFO - Processing file /opt/airflow/dags/etl_ecommerce.py for tasks to queue
[2026-05-05T00:03:17.974+0000] {logging_mixin.py:188} INFO - [2026-05-05T00:03:17.974+0000] {dagbag.py:538} INFO - Filling up the DagBag from /opt/airflow/dags/etl_ecommerce.py
[2026-05-05T00:03:18.000+0000] {processor.py:840} INFO - DAG(s) 'etl_ecommerce' retrieved from /opt/airflow/dags/etl_ecommerce.py
[2026-05-05T00:03:18.026+0000] {logging_mixin.py:188} INFO - [2026-05-05T00:03:18.026+0000] {dag.py:3036} INFO - Sync 1 DAGs
[2026-05-05T00:03:18.048+0000] {logging_mixin.py:188} INFO - [2026-05-05T00:03:18.048+0000] {dag.py:3823} INFO - Setting next_dagrun for etl_ecommerce to 2026-05-05 00:00:00+00:00, run_after=2026-05-06 00:00:00+00:00
[2026-05-05T00:03:18.079+0000] {processor.py:183} INFO - Processing /opt/airflow/dags/etl_ecommerce.py took 0.111 seconds
[2026-05-05T00:03:48.466+0000] {processor.py:161} INFO - Started process (PID=338) to work on /opt/airflow/dags/etl_ecommerce.py
[2026-05-05T00:03:48.468+0000] {processor.py:830} INFO - Processing file /opt/airflow/dags/etl_ecommerce.py for tasks to queue
[2026-05-05T00:03:48.469+0000] {logging_mixin.py:188} INFO - [2026-05-05T00:03:48.469+0000] {dagbag.py:538} INFO - Filling up the DagBag from /opt/airflow/dags/etl_ecommerce.py
[2026-05-05T00:03:48.500+0000] {processor.py:840} INFO - DAG(s) 'etl_ecommerce' retrieved from /opt/airflow/dags/etl_ecommerce.py
[2026-05-05T00:03:48.528+0000] {logging_mixin.py:188} INFO - [2026-05-05T00:03:48.528+0000] {dag.py:3036} INFO - Sync 1 DAGs
[2026-05-05T00:03:48.551+0000] {logging_mixin.py:188} INFO - [2026-05-05T00:03:48.550+0000] {dag.py:3823} INFO - Setting next_dagrun for etl_ecommerce to 2026-05-05 00:00:00+00:00, run_after=2026-05-06 00:00:00+00:00
[2026-05-05T00:03:48.572+0000] {processor.py:183} INFO - Processing /opt/airflow/dags/etl_ecommerce.py took 0.110 seconds
[2026-05-05T00:04:18.779+0000] {processor.py:161} INFO - Started process (PID=343) to work on /opt/airflow/dags/etl_ecommerce.py
[2026-05-05T00:04:18.780+0000] {processor.py:830} INFO - Processing file /opt/airflow/dags/etl_ecommerce.py for tasks to queue
[2026-05-05T00:04:18.782+0000] {logging_mixin.py:188} INFO - [2026-05-05T00:04:18.781+0000] {dagbag.py:538} INFO - Filling up the DagBag from /opt/airflow/dags/etl_ecommerce.py
[2026-05-05T00:04:18.813+0000] {processor.py:840} INFO - DAG(s) 'etl_ecommerce' retrieved from /opt/airflow/dags/etl_ecommerce.py
[2026-05-05T00:04:18.843+0000] {logging_mixin.py:188} INFO - [2026-05-05T00:04:18.842+0000] {dag.py:3036} INFO - Sync 1 DAGs
[2026-05-05T00:04:18.866+0000] {logging_mixin.py:188} INFO - [2026-05-05T00:04:18.865+0000] {dag.py:3823} INFO - Setting next_dagrun for etl_ecommerce to 2026-05-05 00:00:00+00:00, run_after=2026-05-06 00:00:00+00:00
[2026-05-05T00:04:18.890+0000] {processor.py:183} INFO - Processing /opt/airflow/dags/etl_ecommerce.py took 0.115 seconds
[2026-05-05T00:04:49.223+0000] {processor.py:161} INFO - Started process (PID=348) to work on /opt/airflow/dags/etl_ecommerce.py
[2026-05-05T00:04:49.225+0000] {processor.py:830} INFO - Processing file /opt/airflow/dags/etl_ecommerce.py for tasks to queue
[2026-05-05T00:04:49.226+0000] {logging_mixin.py:188} INFO - [2026-05-05T00:04:49.226+0000] {dagbag.py:538} INFO - Filling up the DagBag from /opt/airflow/dags/etl_ecommerce.py
[2026-05-05T00:04:49.257+0000] {processor.py:840} INFO - DAG(s) 'etl_ecommerce' retrieved from /opt/airflow/dags/etl_ecommerce.py
[2026-05-05T00:04:49.285+0000] {logging_mixin.py:188} INFO - [2026-05-05T00:04:49.285+0000] {dag.py:3036} INFO - Sync 1 DAGs
[2026-05-05T00:04:49.310+0000] {logging_mixin.py:188} INFO - [2026-05-05T00:04:49.309+0000] {dag.py:3823} INFO - Setting next_dagrun for etl_ecommerce to 2026-05-05 00:00:00+00:00, run_after=2026-05-06 00:00:00+00:00
[2026-05-05T00:04:49.333+0000] {processor.py:183} INFO - Processing /opt/airflow/dags/etl_ecommerce.py took 0.114 seconds
[2026-05-05T00:05:19.522+0000] {processor.py:161} INFO - Started process (PID=356) to work on /opt/airflow/dags/etl_ecommerce.py
[2026-05-05T00:05:19.523+0000] {processor.py:830} INFO - Processing file /opt/airflow/dags/etl_ecommerce.py for tasks to queue
[2026-05-05T00:05:19.524+0000] {logging_mixin.py:188} INFO - [2026-05-05T00:05:19.524+0000] {dagbag.py:538} INFO - Filling up the DagBag from /opt/airflow/dags/etl_ecommerce.py
[2026-05-05T00:05:19.555+0000] {processor.py:840} INFO - DAG(s) 'etl_ecommerce' retrieved from /opt/airflow/dags/etl_ecommerce.py
[2026-05-05T00:05:19.584+0000] {logging_mixin.py:188} INFO - [2026-05-05T00:05:19.584+0000] {dag.py:3036} INFO - Sync 1 DAGs
[2026-05-05T00:05:19.606+0000] {logging_mixin.py:188} INFO - [2026-05-05T00:05:19.606+0000] {dag.py:3823} INFO - Setting next_dagrun for etl_ecommerce to 2026-05-05 00:00:00+00:00, run_after=2026-05-06 00:00:00+00:00
[2026-05-05T00:05:19.627+0000] {processor.py:183} INFO - Processing /opt/airflow/dags/etl_ecommerce.py took 0.110 seconds
[2026-05-05T00:05:49.838+0000] {processor.py:161} INFO - Started process (PID=361) to work on /opt/airflow/dags/etl_ecommerce.py
[2026-05-05T00:05:49.839+0000] {processor.py:830} INFO - Processing file /opt/airflow/dags/etl_ecommerce.py for tasks to queue
[2026-05-05T00:05:49.840+0000] {logging_mixin.py:188} INFO - [2026-05-05T00:05:49.840+0000] {dagbag.py:538} INFO - Filling up the DagBag from /opt/airflow/dags/etl_ecommerce.py
[2026-05-05T00:05:49.873+0000] {processor.py:840} INFO - DAG(s) 'etl_ecommerce' retrieved from /opt/airflow/dags/etl_ecommerce.py
[2026-05-05T00:05:49.906+0000] {logging_mixin.py:188} INFO - [2026-05-05T00:05:49.906+0000] {dag.py:3036} INFO - Sync 1 DAGs
[2026-05-05T00:05:49.932+0000] {logging_mixin.py:188} INFO - [2026-05-05T00:05:49.931+0000] {dag.py:3823} INFO - Setting next_dagrun for etl_ecommerce to 2026-05-05 00:00:00+00:00, run_after=2026-05-06 00:00:00+00:00
[2026-05-05T00:05:49.957+0000] {processor.py:183} INFO - Processing /opt/airflow/dags/etl_ecommerce.py took 0.124 seconds
[2026-05-05T00:06:20.281+0000] {processor.py:161} INFO - Started process (PID=366) to work on /opt/airflow/dags/etl_ecommerce.py
[2026-05-05T00:06:20.282+0000] {processor.py:830} INFO - Processing file /opt/airflow/dags/etl_ecommerce.py for tasks to queue
[2026-05-05T00:06:20.284+0000] {logging_mixin.py:188} INFO - [2026-05-05T00:06:20.283+0000] {dagbag.py:538} INFO - Filling up the DagBag from /opt/airflow/dags/etl_ecommerce.py
[2026-05-05T00:06:20.315+0000] {processor.py:840} INFO - DAG(s) 'etl_ecommerce' retrieved from /opt/airflow/dags/etl_ecommerce.py
[2026-05-05T00:06:20.346+0000] {logging_mixin.py:188} INFO - [2026-05-05T00:06:20.345+0000] {dag.py:3036} INFO - Sync 1 DAGs
[2026-05-05T00:06:20.370+0000] {logging_mixin.py:188} INFO - [2026-05-05T00:06:20.370+0000] {dag.py:3823} INFO - Setting next_dagrun for etl_ecommerce to 2026-05-05 00:00:00+00:00, run_after=2026-05-06 00:00:00+00:00
[2026-05-05T00:06:20.389+0000] {processor.py:183} INFO - Processing /opt/airflow/dags/etl_ecommerce.py took 0.112 seconds
[2026-05-05T00:06:50.634+0000] {processor.py:161} INFO - Started process (PID=377) to work on /opt/airflow/dags/etl_ecommerce.py
[2026-05-05T00:06:50.636+0000] {processor.py:830} INFO - Processing file /opt/airflow/dags/etl_ecommerce.py for tasks to queue
[2026-05-05T00:06:50.637+0000] {logging_mixin.py:188} INFO - [2026-05-05T00:06:50.636+0000] {dagbag.py:538} INFO - Filling up the DagBag from /opt/airflow/dags/etl_ecommerce.py
[2026-05-05T00:06:50.666+0000] {processor.py:840} INFO - DAG(s) 'etl_ecommerce' retrieved from /opt/airflow/dags/etl_ecommerce.py
[2026-05-05T00:06:50.694+0000] {logging_mixin.py:188} INFO - [2026-05-05T00:06:50.694+0000] {dag.py:3036} INFO - Sync 1 DAGs
[2026-05-05T00:06:50.718+0000] {logging_mixin.py:188} INFO - [2026-05-05T00:06:50.717+0000] {dag.py:3823} INFO - Setting next_dagrun for etl_ecommerce to 2026-05-05 00:00:00+00:00, run_after=2026-05-06 00:00:00+00:00
[2026-05-05T00:06:50.740+0000] {processor.py:183} INFO - Processing /opt/airflow/dags/etl_ecommerce.py took 0.109 seconds
[2026-05-05T00:07:20.974+0000] {processor.py:161} INFO - Started process (PID=382) to work on /opt/airflow/dags/etl_ecommerce.py
[2026-05-05T00:07:20.975+0000] {processor.py:830} INFO - Processing file /opt/airflow/dags/etl_ecommerce.py for tasks to queue
[2026-05-05T00:07:20.976+0000] {logging_mixin.py:188} INFO - [2026-05-05T00:07:20.976+0000] {dagbag.py:538} INFO - Filling up the DagBag from /opt/airflow/dags/etl_ecommerce.py
[2026-05-05T00:07:21.008+0000] {processor.py:840} INFO - DAG(s) 'etl_ecommerce' retrieved from /opt/airflow/dags/etl_ecommerce.py
[2026-05-05T00:07:21.041+0000] {logging_mixin.py:188} INFO - [2026-05-05T00:07:21.041+0000] {dag.py:3036} INFO - Sync 1 DAGs
[2026-05-05T00:07:21.065+0000] {logging_mixin.py:188} INFO - [2026-05-05T00:07:21.065+0000] {dag.py:3823} INFO - Setting next_dagrun for etl_ecommerce to 2026-05-05 00:00:00+00:00, run_after=2026-05-06 00:00:00+00:00
[2026-05-05T00:07:21.086+0000] {processor.py:183} INFO - Processing /opt/airflow/dags/etl_ecommerce.py took 0.117 seconds
[2026-05-05T00:07:51.337+0000] {processor.py:161} INFO - Started process (PID=387) to work on /opt/airflow/dags/etl_ecommerce.py
[2026-05-05T00:07:51.338+0000] {processor.py:830} INFO - Processing file /opt/airflow/dags/etl_ecommerce.py for tasks to queue
[2026-05-05T00:07:51.340+0000] {logging_mixin.py:188} INFO - [2026-05-05T00:07:51.339+0000] {dagbag.py:538} INFO - Filling up the DagBag from /opt/airflow/dags/etl_ecommerce.py
[2026-05-05T00:07:51.367+0000] {processor.py:840} INFO - DAG(s) 'etl_ecommerce' retrieved from /opt/airflow/dags/etl_ecommerce.py
[2026-05-05T00:07:51.394+0000] {logging_mixin.py:188} INFO - [2026-05-05T00:07:51.394+0000] {dag.py:3036} INFO - Sync 1 DAGs
[2026-05-05T00:07:51.419+0000] {logging_mixin.py:188} INFO - [2026-05-05T00:07:51.419+0000] {dag.py:3823} INFO - Setting next_dagrun for etl_ecommerce to 2026-05-05 00:00:00+00:00, run_after=2026-05-06 00:00:00+00:00
[2026-05-05T00:07:51.438+0000] {processor.py:183} INFO - Processing /opt/airflow/dags/etl_ecommerce.py took 0.105 seconds
[2026-05-05T00:08:21.618+0000] {processor.py:161} INFO - Started process (PID=392) to work on /opt/airflow/dags/etl_ecommerce.py
[2026-05-05T00:08:21.620+0000] {processor.py:830} INFO - Processing file /opt/airflow/dags/etl_ecommerce.py for tasks to queue
[2026-05-05T00:08:21.621+0000] {logging_mixin.py:188} INFO - [2026-05-05T00:08:21.621+0000] {dagbag.py:538} INFO - Filling up the DagBag from /opt/airflow/dags/etl_ecommerce.py
[2026-05-05T00:08:21.654+0000] {processor.py:840} INFO - DAG(s) 'etl_ecommerce' retrieved from /opt/airflow/dags/etl_ecommerce.py
[2026-05-05T00:08:21.686+0000] {logging_mixin.py:188} INFO - [2026-05-05T00:08:21.685+0000] {dag.py:3036} INFO - Sync 1 DAGs
[2026-05-05T00:08:21.710+0000] {logging_mixin.py:188} INFO - [2026-05-05T00:08:21.709+0000] {dag.py:3823} INFO - Setting next_dagrun for etl_ecommerce to 2026-05-05 00:00:00+00:00, run_after=2026-05-06 00:00:00+00:00
[2026-05-05T00:08:21.731+0000] {processor.py:183} INFO - Processing /opt/airflow/dags/etl_ecommerce.py took 0.117 seconds
[2026-05-05T00:08:51.941+0000] {processor.py:161} INFO - Started process (PID=397) to work on /opt/airflow/dags/etl_ecommerce.py
[2026-05-05T00:08:51.942+0000] {processor.py:830} INFO - Processing file /opt/airflow/dags/etl_ecommerce.py for tasks to queue
[2026-05-05T00:08:51.943+0000] {logging_mixin.py:188} INFO - [2026-05-05T00:08:51.943+0000] {dagbag.py:538} INFO - Filling up the DagBag from /opt/airflow/dags/etl_ecommerce.py
[2026-05-05T00:08:51.976+0000] {processor.py:840} INFO - DAG(s) 'etl_ecommerce' retrieved from /opt/airflow/dags/etl_ecommerce.py
[2026-05-05T00:08:52.007+0000] {logging_mixin.py:188} INFO - [2026-05-05T00:08:52.007+0000] {dag.py:3036} INFO - Sync 1 DAGs
[2026-05-05T00:08:52.031+0000] {logging_mixin.py:188} INFO - [2026-05-05T00:08:52.031+0000] {dag.py:3823} INFO - Setting next_dagrun for etl_ecommerce to 2026-05-05 00:00:00+00:00, run_after=2026-05-06 00:00:00+00:00
[2026-05-05T00:08:52.051+0000] {processor.py:183} INFO - Processing /opt/airflow/dags/etl_ecommerce.py took 0.114 seconds
[2026-05-05T00:09:22.256+0000] {processor.py:161} INFO - Started process (PID=402) to work on /opt/airflow/dags/etl_ecommerce.py
[2026-05-05T00:09:22.258+0000] {processor.py:830} INFO - Processing file /opt/airflow/dags/etl_ecommerce.py for tasks to queue
[2026-05-05T00:09:22.259+0000] {logging_mixin.py:188} INFO - [2026-05-05T00:09:22.258+0000] {dagbag.py:538} INFO - Filling up the DagBag from /opt/airflow/dags/etl_ecommerce.py
[2026-05-05T00:09:22.291+0000] {processor.py:840} INFO - DAG(s) 'etl_ecommerce' retrieved from /opt/airflow/dags/etl_ecommerce.py
[2026-05-05T00:09:22.322+0000] {logging_mixin.py:188} INFO - [2026-05-05T00:09:22.322+0000] {dag.py:3036} INFO - Sync 1 DAGs
[2026-05-05T00:09:22.346+0000] {logging_mixin.py:188} INFO - [2026-05-05T00:09:22.345+0000] {dag.py:3823} INFO - Setting next_dagrun for etl_ecommerce to 2026-05-05 00:00:00+00:00, run_after=2026-05-06 00:00:00+00:00
[2026-05-05T00:09:22.366+0000] {processor.py:183} INFO - Processing /opt/airflow/dags/etl_ecommerce.py took 0.113 seconds
[2026-05-05T00:09:52.654+0000] {processor.py:161} INFO - Started process (PID=407) to work on /opt/airflow/dags/etl_ecommerce.py
[2026-05-05T00:09:52.655+0000] {processor.py:830} INFO - Processing file /opt/airflow/dags/etl_ecommerce.py for tasks to queue
[2026-05-05T00:09:52.656+0000] {logging_mixin.py:188} INFO - [2026-05-05T00:09:52.656+0000] {dagbag.py:538} INFO - Filling up the DagBag from /opt/airflow/dags/etl_ecommerce.py
[2026-05-05T00:09:52.687+0000] {processor.py:840} INFO - DAG(s) 'etl_ecommerce' retrieved from /opt/airflow/dags/etl_ecommerce.py
[2026-05-05T00:09:52.717+0000] {logging_mixin.py:188} INFO - [2026-05-05T00:09:52.717+0000] {dag.py:3036} INFO - Sync 1 DAGs
[2026-05-05T00:09:52.741+0000] {logging_mixin.py:188} INFO - [2026-05-05T00:09:52.741+0000] {dag.py:3823} INFO - Setting next_dagrun for etl_ecommerce to 2026-05-05 00:00:00+00:00, run_after=2026-05-06 00:00:00+00:00
[2026-05-05T00:09:52.763+0000] {processor.py:183} INFO - Processing /opt/airflow/dags/etl_ecommerce.py took 0.112 seconds
[2026-05-05T00:10:22.949+0000] {processor.py:161} INFO - Started process (PID=415) to work on /opt/airflow/dags/etl_ecommerce.py
[2026-05-05T00:10:22.950+0000] {processor.py:830} INFO - Processing file /opt/airflow/dags/etl_ecommerce.py for tasks to queue
[2026-05-05T00:10:22.952+0000] {logging_mixin.py:188} INFO - [2026-05-05T00:10:22.951+0000] {dagbag.py:538} INFO - Filling up the DagBag from /opt/airflow/dags/etl_ecommerce.py
[2026-05-05T00:10:22.983+0000] {processor.py:840} INFO - DAG(s) 'etl_ecommerce' retrieved from /opt/airflow/dags/etl_ecommerce.py
[2026-05-05T00:10:23.013+0000] {logging_mixin.py:188} INFO - [2026-05-05T00:10:23.013+0000] {dag.py:3036} INFO - Sync 1 DAGs
[2026-05-05T00:10:23.037+0000] {logging_mixin.py:188} INFO - [2026-05-05T00:10:23.037+0000] {dag.py:3823} INFO - Setting next_dagrun for etl_ecommerce to 2026-05-05 00:00:00+00:00, run_after=2026-05-06 00:00:00+00:00
[2026-05-05T00:10:23.058+0000] {processor.py:183} INFO - Processing /opt/airflow/dags/etl_ecommerce.py took 0.114 seconds
[2026-05-05T00:10:53.346+0000] {processor.py:161} INFO - Started process (PID=420) to work on /opt/airflow/dags/etl_ecommerce.py
[2026-05-05T00:10:53.348+0000] {processor.py:830} INFO - Processing file /opt/airflow/dags/etl_ecommerce.py for tasks to queue
[2026-05-05T00:10:53.349+0000] {logging_mixin.py:188} INFO - [2026-05-05T00:10:53.348+0000] {dagbag.py:538} INFO - Filling up the DagBag from /opt/airflow/dags/etl_ecommerce.py
[2026-05-05T00:10:53.381+0000] {processor.py:840} INFO - DAG(s) 'etl_ecommerce' retrieved from /opt/airflow/dags/etl_ecommerce.py
[2026-05-05T00:10:53.410+0000] {logging_mixin.py:188} INFO - [2026-05-05T00:10:53.410+0000] {dag.py:3036} INFO - Sync 1 DAGs
[2026-05-05T00:10:53.433+0000] {logging_mixin.py:188} INFO - [2026-05-05T00:10:53.433+0000] {dag.py:3823} INFO - Setting next_dagrun for etl_ecommerce to 2026-05-05 00:00:00+00:00, run_after=2026-05-06 00:00:00+00:00
[2026-05-05T00:10:53.453+0000] {processor.py:183} INFO - Processing /opt/airflow/dags/etl_ecommerce.py took 0.111 seconds
[2026-05-05T00:11:23.675+0000] {processor.py:161} INFO - Started process (PID=425) to work on /opt/airflow/dags/etl_ecommerce.py
[2026-05-05T00:11:23.677+0000] {processor.py:830} INFO - Processing file /opt/airflow/dags/etl_ecommerce.py for tasks to queue
[2026-05-05T00:11:23.678+0000] {logging_mixin.py:188} INFO - [2026-05-05T00:11:23.677+0000] {dagbag.py:538} INFO - Filling up the DagBag from /opt/airflow/dags/etl_ecommerce.py
[2026-05-05T00:11:23.707+0000] {processor.py:840} INFO - DAG(s) 'etl_ecommerce' retrieved from /opt/airflow/dags/etl_ecommerce.py
[2026-05-05T00:11:23.738+0000] {logging_mixin.py:188} INFO - [2026-05-05T00:11:23.738+0000] {dag.py:3036} INFO - Sync 1 DAGs
[2026-05-05T00:11:23.761+0000] {logging_mixin.py:188} INFO - [2026-05-05T00:11:23.761+0000] {dag.py:3823} INFO - Setting next_dagrun for etl_ecommerce to 2026-05-05 00:00:00+00:00, run_after=2026-05-06 00:00:00+00:00
[2026-05-05T00:11:23.783+0000] {processor.py:183} INFO - Processing /opt/airflow/dags/etl_ecommerce.py took 0.111 seconds
[2026-05-05T00:11:54.015+0000] {processor.py:161} INFO - Started process (PID=430) to work on /opt/airflow/dags/etl_ecommerce.py
[2026-05-05T00:11:54.017+0000] {processor.py:830} INFO - Processing file /opt/airflow/dags/etl_ecommerce.py for tasks to queue
[2026-05-05T00:11:54.018+0000] {logging_mixin.py:188} INFO - [2026-05-05T00:11:54.017+0000] {dagbag.py:538} INFO - Filling up the DagBag from /opt/airflow/dags/etl_ecommerce.py
[2026-05-05T00:11:54.051+0000] {processor.py:840} INFO - DAG(s) 'etl_ecommerce' retrieved from /opt/airflow/dags/etl_ecommerce.py
[2026-05-05T00:11:54.081+0000] {logging_mixin.py:188} INFO - [2026-05-05T00:11:54.081+0000] {dag.py:3036} INFO - Sync 1 DAGs
[2026-05-05T00:11:54.105+0000] {logging_mixin.py:188} INFO - [2026-05-05T00:11:54.105+0000] {dag.py:3823} INFO - Setting next_dagrun for etl_ecommerce to 2026-05-05 00:00:00+00:00, run_after=2026-05-06 00:00:00+00:00
[2026-05-05T00:11:54.125+0000] {processor.py:183} INFO - Processing /opt/airflow/dags/etl_ecommerce.py took 0.113 seconds
[2026-05-05T00:12:24.300+0000] {processor.py:161} INFO - Started process (PID=435) to work on /opt/airflow/dags/etl_ecommerce.py
[2026-05-05T00:12:24.301+0000] {processor.py:830} INFO - Processing file /opt/airflow/dags/etl_ecommerce.py for tasks to queue
[2026-05-05T00:12:24.302+0000] {logging_mixin.py:188} INFO - [2026-05-05T00:12:24.302+0000] {dagbag.py:538} INFO - Filling up the DagBag from /opt/airflow/dags/etl_ecommerce.py
[2026-05-05T00:12:24.334+0000] {processor.py:840} INFO - DAG(s) 'etl_ecommerce' retrieved from /opt/airflow/dags/etl_ecommerce.py
[2026-05-05T00:12:24.367+0000] {logging_mixin.py:188} INFO - [2026-05-05T00:12:24.367+0000] {dag.py:3036} INFO - Sync 1 DAGs
[2026-05-05T00:12:24.393+0000] {logging_mixin.py:188} INFO - [2026-05-05T00:12:24.393+0000] {dag.py:3823} INFO - Setting next_dagrun for etl_ecommerce to 2026-05-05 00:00:00+00:00, run_after=2026-05-06 00:00:00+00:00
[2026-05-05T00:12:24.418+0000] {processor.py:183} INFO - Processing /opt/airflow/dags/etl_ecommerce.py took 0.122 seconds
[2026-05-05T00:12:54.655+0000] {processor.py:161} INFO - Started process (PID=440) to work on /opt/airflow/dags/etl_ecommerce.py
[2026-05-05T00:12:54.657+0000] {processor.py:830} INFO - Processing file /opt/airflow/dags/etl_ecommerce.py for tasks to queue
[2026-05-05T00:12:54.659+0000] {logging_mixin.py:188} INFO - [2026-05-05T00:12:54.658+0000] {dagbag.py:538} INFO - Filling up the DagBag from /opt/airflow/dags/etl_ecommerce.py
[2026-05-05T00:12:54.694+0000] {processor.py:840} INFO - DAG(s) 'etl_ecommerce' retrieved from /opt/airflow/dags/etl_ecommerce.py
[2026-05-05T00:12:54.732+0000] {logging_mixin.py:188} INFO - [2026-05-05T00:12:54.731+0000] {dag.py:3036} INFO - Sync 1 DAGs
[2026-05-05T00:12:54.759+0000] {logging_mixin.py:188} INFO - [2026-05-05T00:12:54.758+0000] {dag.py:3823} INFO - Setting next_dagrun for etl_ecommerce to 2026-05-05 00:00:00+00:00, run_after=2026-05-06 00:00:00+00:00
[2026-05-05T00:12:54.782+0000] {processor.py:183} INFO - Processing /opt/airflow/dags/etl_ecommerce.py took 0.130 seconds
[2026-05-05T00:13:24.903+0000] {processor.py:161} INFO - Started process (PID=445) to work on /opt/airflow/dags/etl_ecommerce.py
[2026-05-05T00:13:24.904+0000] {processor.py:830} INFO - Processing file /opt/airflow/dags/etl_ecommerce.py for tasks to queue
[2026-05-05T00:13:24.906+0000] {logging_mixin.py:188} INFO - [2026-05-05T00:13:24.905+0000] {dagbag.py:538} INFO - Filling up the DagBag from /opt/airflow/dags/etl_ecommerce.py
[2026-05-05T00:13:24.938+0000] {processor.py:840} INFO - DAG(s) 'etl_ecommerce' retrieved from /opt/airflow/dags/etl_ecommerce.py
[2026-05-05T00:13:24.972+0000] {logging_mixin.py:188} INFO - [2026-05-05T00:13:24.972+0000] {dag.py:3036} INFO - Sync 1 DAGs
[2026-05-05T00:13:25.000+0000] {logging_mixin.py:188} INFO - [2026-05-05T00:13:25.000+0000] {dag.py:3823} INFO - Setting next_dagrun for etl_ecommerce to 2026-05-05 00:00:00+00:00, run_after=2026-05-06 00:00:00+00:00
[2026-05-05T00:13:25.026+0000] {processor.py:183} INFO - Processing /opt/airflow/dags/etl_ecommerce.py took 0.128 seconds
[2026-05-05T00:13:55.337+0000] {processor.py:161} INFO - Started process (PID=450) to work on /opt/airflow/dags/etl_ecommerce.py
[2026-05-05T00:13:55.339+0000] {processor.py:830} INFO - Processing file /opt/airflow/dags/etl_ecommerce.py for tasks to queue
[2026-05-05T00:13:55.340+0000] {logging_mixin.py:188} INFO - [2026-05-05T00:13:55.340+0000] {dagbag.py:538} INFO - Filling up the DagBag from /opt/airflow/dags/etl_ecommerce.py
[2026-05-05T00:13:55.370+0000] {processor.py:840} INFO - DAG(s) 'etl_ecommerce' retrieved from /opt/airflow/dags/etl_ecommerce.py
[2026-05-05T00:13:55.402+0000] {logging_mixin.py:188} INFO - [2026-05-05T00:13:55.401+0000] {dag.py:3036} INFO - Sync 1 DAGs
[2026-05-05T00:13:55.428+0000] {logging_mixin.py:188} INFO - [2026-05-05T00:13:55.428+0000] {dag.py:3823} INFO - Setting next_dagrun for etl_ecommerce to 2026-05-05 00:00:00+00:00, run_after=2026-05-06 00:00:00+00:00
[2026-05-05T00:13:55.451+0000] {processor.py:183} INFO - Processing /opt/airflow/dags/etl_ecommerce.py took 0.118 seconds
[2026-05-05T00:14:25.604+0000] {processor.py:161} INFO - Started process (PID=455) to work on /opt/airflow/dags/etl_ecommerce.py
[2026-05-05T00:14:25.605+0000] {processor.py:830} INFO - Processing file /opt/airflow/dags/etl_ecommerce.py for tasks to queue
[2026-05-05T00:14:25.606+0000] {logging_mixin.py:188} INFO - [2026-05-05T00:14:25.606+0000] {dagbag.py:538} INFO - Filling up the DagBag from /opt/airflow/dags/etl_ecommerce.py
[2026-05-05T00:14:25.636+0000] {processor.py:840} INFO - DAG(s) 'etl_ecommerce' retrieved from /opt/airflow/dags/etl_ecommerce.py
[2026-05-05T00:14:25.672+0000] {logging_mixin.py:188} INFO - [2026-05-05T00:14:25.672+0000] {dag.py:3036} INFO - Sync 1 DAGs
[2026-05-05T00:14:25.700+0000] {logging_mixin.py:188} INFO - [2026-05-05T00:14:25.700+0000] {dag.py:3823} INFO - Setting next_dagrun for etl_ecommerce to 2026-05-05 00:00:00+00:00, run_after=2026-05-06 00:00:00+00:00
[2026-05-05T00:14:25.723+0000] {processor.py:183} INFO - Processing /opt/airflow/dags/etl_ecommerce.py took 0.123 seconds
[2026-05-05T00:14:55.996+0000] {processor.py:161} INFO - Started process (PID=460) to work on /opt/airflow/dags/etl_ecommerce.py
[2026-05-05T00:14:55.997+0000] {processor.py:830} INFO - Processing file /opt/airflow/dags/etl_ecommerce.py for tasks to queue
[2026-05-05T00:14:55.998+0000] {logging_mixin.py:188} INFO - [2026-05-05T00:14:55.998+0000] {dagbag.py:538} INFO - Filling up the DagBag from /opt/airflow/dags/etl_ecommerce.py
[2026-05-05T00:14:56.029+0000] {processor.py:840} INFO - DAG(s) 'etl_ecommerce' retrieved from /opt/airflow/dags/etl_ecommerce.py
[2026-05-05T00:14:56.062+0000] {logging_mixin.py:188} INFO - [2026-05-05T00:14:56.062+0000] {dag.py:3036} INFO - Sync 1 DAGs
[2026-05-05T00:14:56.088+0000] {logging_mixin.py:188} INFO - [2026-05-05T00:14:56.088+0000] {dag.py:3823} INFO - Setting next_dagrun for etl_ecommerce to 2026-05-05 00:00:00+00:00, run_after=2026-05-06 00:00:00+00:00
[2026-05-05T00:14:56.111+0000] {processor.py:183} INFO - Processing /opt/airflow/dags/etl_ecommerce.py took 0.119 seconds
[2026-05-05T00:15:26.297+0000] {processor.py:161} INFO - Started process (PID=468) to work on /opt/airflow/dags/etl_ecommerce.py
[2026-05-05T00:15:26.298+0000] {processor.py:830} INFO - Processing file /opt/airflow/dags/etl_ecommerce.py for tasks to queue
[2026-05-05T00:15:26.299+0000] {logging_mixin.py:188} INFO - [2026-05-05T00:15:26.299+0000] {dagbag.py:538} INFO - Filling up the DagBag from /opt/airflow/dags/etl_ecommerce.py
[2026-05-05T00:15:26.326+0000] {processor.py:840} INFO - DAG(s) 'etl_ecommerce' retrieved from /opt/airflow/dags/etl_ecommerce.py
[2026-05-05T00:15:26.356+0000] {logging_mixin.py:188} INFO - [2026-05-05T00:15:26.355+0000] {dag.py:3036} INFO - Sync 1 DAGs
[2026-05-05T00:15:26.380+0000] {logging_mixin.py:188} INFO - [2026-05-05T00:15:26.380+0000] {dag.py:3823} INFO - Setting next_dagrun for etl_ecommerce to 2026-05-05 00:00:00+00:00, run_after=2026-05-06 00:00:00+00:00
[2026-05-05T00:15:26.400+0000] {processor.py:183} INFO - Processing /opt/airflow/dags/etl_ecommerce.py took 0.106 seconds
[2026-05-05T00:15:56.798+0000] {processor.py:161} INFO - Started process (PID=473) to work on /opt/airflow/dags/etl_ecommerce.py
[2026-05-05T00:15:56.799+0000] {processor.py:830} INFO - Processing file /opt/airflow/dags/etl_ecommerce.py for tasks to queue
[2026-05-05T00:15:56.800+0000] {logging_mixin.py:188} INFO - [2026-05-05T00:15:56.799+0000] {dagbag.py:538} INFO - Filling up the DagBag from /opt/airflow/dags/etl_ecommerce.py
[2026-05-05T00:15:56.830+0000] {processor.py:840} INFO - DAG(s) 'etl_ecommerce' retrieved from /opt/airflow/dags/etl_ecommerce.py
[2026-05-05T00:15:56.858+0000] {logging_mixin.py:188} INFO - [2026-05-05T00:15:56.857+0000] {dag.py:3036} INFO - Sync 1 DAGs
[2026-05-05T00:15:56.880+0000] {logging_mixin.py:188} INFO - [2026-05-05T00:15:56.880+0000] {dag.py:3823} INFO - Setting next_dagrun for etl_ecommerce to 2026-05-05 00:00:00+00:00, run_after=2026-05-06 00:00:00+00:00
[2026-05-05T00:15:56.900+0000] {processor.py:183} INFO - Processing /opt/airflow/dags/etl_ecommerce.py took 0.105 seconds
[2026-05-05T00:16:27.172+0000] {processor.py:161} INFO - Started process (PID=478) to work on /opt/airflow/dags/etl_ecommerce.py
[2026-05-05T00:16:27.173+0000] {processor.py:830} INFO - Processing file /opt/airflow/dags/etl_ecommerce.py for tasks to queue
[2026-05-05T00:16:27.174+0000] {logging_mixin.py:188} INFO - [2026-05-05T00:16:27.174+0000] {dagbag.py:538} INFO - Filling up the DagBag from /opt/airflow/dags/etl_ecommerce.py
[2026-05-05T00:16:27.202+0000] {processor.py:840} INFO - DAG(s) 'etl_ecommerce' retrieved from /opt/airflow/dags/etl_ecommerce.py
[2026-05-05T00:16:27.232+0000] {logging_mixin.py:188} INFO - [2026-05-05T00:16:27.232+0000] {dag.py:3036} INFO - Sync 1 DAGs
[2026-05-05T00:16:27.255+0000] {logging_mixin.py:188} INFO - [2026-05-05T00:16:27.255+0000] {dag.py:3823} INFO - Setting next_dagrun for etl_ecommerce to 2026-05-05 00:00:00+00:00, run_after=2026-05-06 00:00:00+00:00
[2026-05-05T00:16:27.276+0000] {processor.py:183} INFO - Processing /opt/airflow/dags/etl_ecommerce.py took 0.109 seconds
[2026-05-05T00:16:57.699+0000] {processor.py:161} INFO - Started process (PID=483) to work on /opt/airflow/dags/etl_ecommerce.py
[2026-05-05T00:16:57.700+0000] {processor.py:830} INFO - Processing file /opt/airflow/dags/etl_ecommerce.py for tasks to queue
[2026-05-05T00:16:57.701+0000] {logging_mixin.py:188} INFO - [2026-05-05T00:16:57.701+0000] {dagbag.py:538} INFO - Filling up the DagBag from /opt/airflow/dags/etl_ecommerce.py
[2026-05-05T00:16:57.731+0000] {processor.py:840} INFO - DAG(s) 'etl_ecommerce' retrieved from /opt/airflow/dags/etl_ecommerce.py
[2026-05-05T00:16:57.760+0000] {logging_mixin.py:188} INFO - [2026-05-05T00:16:57.760+0000] {dag.py:3036} INFO - Sync 1 DAGs
[2026-05-05T00:16:57.783+0000] {logging_mixin.py:188} INFO - [2026-05-05T00:16:57.782+0000] {dag.py:3823} INFO - Setting next_dagrun for etl_ecommerce to 2026-05-05 00:00:00+00:00, run_after=2026-05-06 00:00:00+00:00
[2026-05-05T00:16:57.801+0000] {processor.py:183} INFO - Processing /opt/airflow/dags/etl_ecommerce.py took 0.105 seconds
[2026-05-05T00:17:28.176+0000] {processor.py:161} INFO - Started process (PID=488) to work on /opt/airflow/dags/etl_ecommerce.py
[2026-05-05T00:17:28.178+0000] {processor.py:830} INFO - Processing file /opt/airflow/dags/etl_ecommerce.py for tasks to queue
[2026-05-05T00:17:28.180+0000] {logging_mixin.py:188} INFO - [2026-05-05T00:17:28.179+0000] {dagbag.py:538} INFO - Filling up the DagBag from /opt/airflow/dags/etl_ecommerce.py
[2026-05-05T00:17:28.205+0000] {processor.py:840} INFO - DAG(s) 'etl_ecommerce' retrieved from /opt/airflow/dags/etl_ecommerce.py
[2026-05-05T00:17:28.233+0000] {logging_mixin.py:188} INFO - [2026-05-05T00:17:28.233+0000] {dag.py:3036} INFO - Sync 1 DAGs
[2026-05-05T00:17:28.255+0000] {logging_mixin.py:188} INFO - [2026-05-05T00:17:28.255+0000] {dag.py:3823} INFO - Setting next_dagrun for etl_ecommerce to 2026-05-05 00:00:00+00:00, run_after=2026-05-06 00:00:00+00:00
[2026-05-05T00:17:28.274+0000] {processor.py:183} INFO - Processing /opt/airflow/dags/etl_ecommerce.py took 0.103 seconds
[2026-05-05T00:17:58.528+0000] {processor.py:161} INFO - Started process (PID=493) to work on /opt/airflow/dags/etl_ecommerce.py
[2026-05-05T00:17:58.529+0000] {processor.py:830} INFO - Processing file /opt/airflow/dags/etl_ecommerce.py for tasks to queue
[2026-05-05T00:17:58.530+0000] {logging_mixin.py:188} INFO - [2026-05-05T00:17:58.530+0000] {dagbag.py:538} INFO - Filling up the DagBag from /opt/airflow/dags/etl_ecommerce.py
[2026-05-05T00:17:58.559+0000] {processor.py:840} INFO - DAG(s) 'etl_ecommerce' retrieved from /opt/airflow/dags/etl_ecommerce.py
[2026-05-05T00:17:58.588+0000] {logging_mixin.py:188} INFO - [2026-05-05T00:17:58.588+0000] {dag.py:3036} INFO - Sync 1 DAGs
[2026-05-05T00:17:58.611+0000] {logging_mixin.py:188} INFO - [2026-05-05T00:17:58.611+0000] {dag.py:3823} INFO - Setting next_dagrun for etl_ecommerce to 2026-05-05 00:00:00+00:00, run_after=2026-05-06 00:00:00+00:00
[2026-05-05T00:17:58.630+0000] {processor.py:183} INFO - Processing /opt/airflow/dags/etl_ecommerce.py took 0.106 seconds
[2026-05-05T00:18:28.994+0000] {processor.py:161} INFO - Started process (PID=498) to work on /opt/airflow/dags/etl_ecommerce.py
[2026-05-05T00:18:28.996+0000] {processor.py:830} INFO - Processing file /opt/airflow/dags/etl_ecommerce.py for tasks to queue
[2026-05-05T00:18:28.997+0000] {logging_mixin.py:188} INFO - [2026-05-05T00:18:28.996+0000] {dagbag.py:538} INFO - Filling up the DagBag from /opt/airflow/dags/etl_ecommerce.py
[2026-05-05T00:18:29.029+0000] {processor.py:840} INFO - DAG(s) 'etl_ecommerce' retrieved from /opt/airflow/dags/etl_ecommerce.py
[2026-05-05T00:18:29.059+0000] {logging_mixin.py:188} INFO - [2026-05-05T00:18:29.059+0000] {dag.py:3036} INFO - Sync 1 DAGs
[2026-05-05T00:18:29.083+0000] {logging_mixin.py:188} INFO - [2026-05-05T00:18:29.083+0000] {dag.py:3823} INFO - Setting next_dagrun for etl_ecommerce to 2026-05-05 00:00:00+00:00, run_after=2026-05-06 00:00:00+00:00
[2026-05-05T00:18:29.104+0000] {processor.py:183} INFO - Processing /opt/airflow/dags/etl_ecommerce.py took 0.113 seconds
[2026-05-05T00:18:59.376+0000] {processor.py:161} INFO - Started process (PID=503) to work on /opt/airflow/dags/etl_ecommerce.py
[2026-05-05T00:18:59.377+0000] {processor.py:830} INFO - Processing file /opt/airflow/dags/etl_ecommerce.py for tasks to queue
[2026-05-05T00:18:59.378+0000] {logging_mixin.py:188} INFO - [2026-05-05T00:18:59.378+0000] {dagbag.py:538} INFO - Filling up the DagBag from /opt/airflow/dags/etl_ecommerce.py
[2026-05-05T00:18:59.405+0000] {processor.py:840} INFO - DAG(s) 'etl_ecommerce' retrieved from /opt/airflow/dags/etl_ecommerce.py
[2026-05-05T00:18:59.435+0000] {logging_mixin.py:188} INFO - [2026-05-05T00:18:59.435+0000] {dag.py:3036} INFO - Sync 1 DAGs
[2026-05-05T00:18:59.457+0000] {logging_mixin.py:188} INFO - [2026-05-05T00:18:59.457+0000] {dag.py:3823} INFO - Setting next_dagrun for etl_ecommerce to 2026-05-05 00:00:00+00:00, run_after=2026-05-06 00:00:00+00:00
[2026-05-05T00:18:59.477+0000] {processor.py:183} INFO - Processing /opt/airflow/dags/etl_ecommerce.py took 0.104 seconds
[2026-05-05T00:19:29.905+0000] {processor.py:161} INFO - Started process (PID=508) to work on /opt/airflow/dags/etl_ecommerce.py
[2026-05-05T00:19:29.906+0000] {processor.py:830} INFO - Processing file /opt/airflow/dags/etl_ecommerce.py for tasks to queue
[2026-05-05T00:19:29.908+0000] {logging_mixin.py:188} INFO - [2026-05-05T00:19:29.907+0000] {dagbag.py:538} INFO - Filling up the DagBag from /opt/airflow/dags/etl_ecommerce.py
[2026-05-05T00:19:29.937+0000] {processor.py:840} INFO - DAG(s) 'etl_ecommerce' retrieved from /opt/airflow/dags/etl_ecommerce.py
[2026-05-05T00:19:29.966+0000] {logging_mixin.py:188} INFO - [2026-05-05T00:19:29.965+0000] {dag.py:3036} INFO - Sync 1 DAGs
[2026-05-05T00:19:29.988+0000] {logging_mixin.py:188} INFO - [2026-05-05T00:19:29.987+0000] {dag.py:3823} INFO - Setting next_dagrun for etl_ecommerce to 2026-05-05 00:00:00+00:00, run_after=2026-05-06 00:00:00+00:00
[2026-05-05T00:19:30.006+0000] {processor.py:183} INFO - Processing /opt/airflow/dags/etl_ecommerce.py took 0.104 seconds
[2026-05-05T00:20:00.421+0000] {processor.py:161} INFO - Started process (PID=513) to work on /opt/airflow/dags/etl_ecommerce.py
[2026-05-05T00:20:00.424+0000] {processor.py:830} INFO - Processing file /opt/airflow/dags/etl_ecommerce.py for tasks to queue
[2026-05-05T00:20:00.426+0000] {logging_mixin.py:188} INFO - [2026-05-05T00:20:00.425+0000] {dagbag.py:538} INFO - Filling up the DagBag from /opt/airflow/dags/etl_ecommerce.py
[2026-05-05T00:20:00.491+0000] {processor.py:840} INFO - DAG(s) 'etl_ecommerce' retrieved from /opt/airflow/dags/etl_ecommerce.py
[2026-05-05T00:20:00.570+0000] {logging_mixin.py:188} INFO - [2026-05-05T00:20:00.570+0000] {dag.py:3036} INFO - Sync 1 DAGs
[2026-05-05T00:20:00.613+0000] {logging_mixin.py:188} INFO - [2026-05-05T00:20:00.613+0000] {dag.py:3823} INFO - Setting next_dagrun for etl_ecommerce to 2026-05-05 00:00:00+00:00, run_after=2026-05-06 00:00:00+00:00
[2026-05-05T00:20:00.637+0000] {processor.py:183} INFO - Processing /opt/airflow/dags/etl_ecommerce.py took 0.239 seconds
[2026-05-05T00:20:30.886+0000] {processor.py:161} INFO - Started process (PID=518) to work on /opt/airflow/dags/etl_ecommerce.py
[2026-05-05T00:20:30.887+0000] {processor.py:830} INFO - Processing file /opt/airflow/dags/etl_ecommerce.py for tasks to queue
[2026-05-05T00:20:30.889+0000] {logging_mixin.py:188} INFO - [2026-05-05T00:20:30.888+0000] {dagbag.py:538} INFO - Filling up the DagBag from /opt/airflow/dags/etl_ecommerce.py
[2026-05-05T00:20:30.921+0000] {processor.py:840} INFO - DAG(s) 'etl_ecommerce' retrieved from /opt/airflow/dags/etl_ecommerce.py
[2026-05-05T00:20:30.954+0000] {logging_mixin.py:188} INFO - [2026-05-05T00:20:30.953+0000] {dag.py:3036} INFO - Sync 1 DAGs
[2026-05-05T00:20:30.985+0000] {logging_mixin.py:188} INFO - [2026-05-05T00:20:30.985+0000] {dag.py:3823} INFO - Setting next_dagrun for etl_ecommerce to 2026-05-05 00:00:00+00:00, run_after=2026-05-06 00:00:00+00:00
[2026-05-05T00:20:31.012+0000] {processor.py:183} INFO - Processing /opt/airflow/dags/etl_ecommerce.py took 0.129 seconds
[2026-05-05T00:21:01.450+0000] {processor.py:161} INFO - Started process (PID=523) to work on /opt/airflow/dags/etl_ecommerce.py
[2026-05-05T00:21:01.451+0000] {processor.py:830} INFO - Processing file /opt/airflow/dags/etl_ecommerce.py for tasks to queue
[2026-05-05T00:21:01.452+0000] {logging_mixin.py:188} INFO - [2026-05-05T00:21:01.452+0000] {dagbag.py:538} INFO - Filling up the DagBag from /opt/airflow/dags/etl_ecommerce.py
[2026-05-05T00:21:01.479+0000] {processor.py:840} INFO - DAG(s) 'etl_ecommerce' retrieved from /opt/airflow/dags/etl_ecommerce.py
[2026-05-05T00:21:01.504+0000] {logging_mixin.py:188} INFO - [2026-05-05T00:21:01.504+0000] {dag.py:3036} INFO - Sync 1 DAGs
[2026-05-05T00:21:01.525+0000] {logging_mixin.py:188} INFO - [2026-05-05T00:21:01.525+0000] {dag.py:3823} INFO - Setting next_dagrun for etl_ecommerce to 2026-05-05 00:00:00+00:00, run_after=2026-05-06 00:00:00+00:00
[2026-05-05T00:21:01.545+0000] {processor.py:183} INFO - Processing /opt/airflow/dags/etl_ecommerce.py took 0.098 seconds
[2026-05-05T00:21:31.862+0000] {processor.py:161} INFO - Started process (PID=528) to work on /opt/airflow/dags/etl_ecommerce.py
[2026-05-05T00:21:31.864+0000] {processor.py:830} INFO - Processing file /opt/airflow/dags/etl_ecommerce.py for tasks to queue
[2026-05-05T00:21:31.865+0000] {logging_mixin.py:188} INFO - [2026-05-05T00:21:31.865+0000] {dagbag.py:538} INFO - Filling up the DagBag from /opt/airflow/dags/etl_ecommerce.py
[2026-05-05T00:21:31.903+0000] {processor.py:840} INFO - DAG(s) 'etl_ecommerce' retrieved from /opt/airflow/dags/etl_ecommerce.py
[2026-05-05T00:21:31.948+0000] {logging_mixin.py:188} INFO - [2026-05-05T00:21:31.948+0000] {dag.py:3036} INFO - Sync 1 DAGs
[2026-05-05T00:21:31.981+0000] {logging_mixin.py:188} INFO - [2026-05-05T00:21:31.981+0000] {dag.py:3823} INFO - Setting next_dagrun for etl_ecommerce to 2026-05-05 00:00:00+00:00, run_after=2026-05-06 00:00:00+00:00
[2026-05-05T00:21:32.021+0000] {processor.py:183} INFO - Processing /opt/airflow/dags/etl_ecommerce.py took 0.166 seconds
[2026-05-05T00:22:02.298+0000] {processor.py:161} INFO - Started process (PID=533) to work on /opt/airflow/dags/etl_ecommerce.py
[2026-05-05T00:22:02.299+0000] {processor.py:830} INFO - Processing file /opt/airflow/dags/etl_ecommerce.py for tasks to queue
[2026-05-05T00:22:02.300+0000] {logging_mixin.py:188} INFO - [2026-05-05T00:22:02.300+0000] {dagbag.py:538} INFO - Filling up the DagBag from /opt/airflow/dags/etl_ecommerce.py
[2026-05-05T00:22:02.331+0000] {processor.py:840} INFO - DAG(s) 'etl_ecommerce' retrieved from /opt/airflow/dags/etl_ecommerce.py
[2026-05-05T00:22:02.368+0000] {logging_mixin.py:188} INFO - [2026-05-05T00:22:02.367+0000] {dag.py:3036} INFO - Sync 1 DAGs
[2026-05-05T00:22:02.388+0000] {logging_mixin.py:188} INFO - [2026-05-05T00:22:02.388+0000] {dag.py:3823} INFO - Setting next_dagrun for etl_ecommerce to 2026-05-05 00:00:00+00:00, run_after=2026-05-06 00:00:00+00:00
[2026-05-05T00:22:02.405+0000] {processor.py:183} INFO - Processing /opt/airflow/dags/etl_ecommerce.py took 0.112 seconds
[2026-05-05T00:22:32.780+0000] {processor.py:161} INFO - Started process (PID=538) to work on /opt/airflow/dags/etl_ecommerce.py
[2026-05-05T00:22:32.781+0000] {processor.py:830} INFO - Processing file /opt/airflow/dags/etl_ecommerce.py for tasks to queue
[2026-05-05T00:22:32.782+0000] {logging_mixin.py:188} INFO - [2026-05-05T00:22:32.782+0000] {dagbag.py:538} INFO - Filling up the DagBag from /opt/airflow/dags/etl_ecommerce.py
[2026-05-05T00:22:32.807+0000] {processor.py:840} INFO - DAG(s) 'etl_ecommerce' retrieved from /opt/airflow/dags/etl_ecommerce.py
[2026-05-05T00:22:32.832+0000] {logging_mixin.py:188} INFO - [2026-05-05T00:22:32.832+0000] {dag.py:3036} INFO - Sync 1 DAGs
[2026-05-05T00:22:32.852+0000] {logging_mixin.py:188} INFO - [2026-05-05T00:22:32.851+0000] {dag.py:3823} INFO - Setting next_dagrun for etl_ecommerce to 2026-05-05 00:00:00+00:00, run_after=2026-05-06 00:00:00+00:00
[2026-05-05T00:22:32.872+0000] {processor.py:183} INFO - Processing /opt/airflow/dags/etl_ecommerce.py took 0.094 seconds
[2026-05-05T00:23:03.223+0000] {processor.py:161} INFO - Started process (PID=543) to work on /opt/airflow/dags/etl_ecommerce.py
[2026-05-05T00:23:03.224+0000] {processor.py:830} INFO - Processing file /opt/airflow/dags/etl_ecommerce.py for tasks to queue
[2026-05-05T00:23:03.225+0000] {logging_mixin.py:188} INFO - [2026-05-05T00:23:03.225+0000] {dagbag.py:538} INFO - Filling up the DagBag from /opt/airflow/dags/etl_ecommerce.py
[2026-05-05T00:23:03.253+0000] {processor.py:840} INFO - DAG(s) 'etl_ecommerce' retrieved from /opt/airflow/dags/etl_ecommerce.py
[2026-05-05T00:23:03.277+0000] {logging_mixin.py:188} INFO - [2026-05-05T00:23:03.277+0000] {dag.py:3036} INFO - Sync 1 DAGs
[2026-05-05T00:23:03.297+0000] {logging_mixin.py:188} INFO - [2026-05-05T00:23:03.297+0000] {dag.py:3823} INFO - Setting next_dagrun for etl_ecommerce to 2026-05-05 00:00:00+00:00, run_after=2026-05-06 00:00:00+00:00
[2026-05-05T00:23:03.317+0000] {processor.py:183} INFO - Processing /opt/airflow/dags/etl_ecommerce.py took 0.097 seconds
[2026-05-05T00:23:33.642+0000] {processor.py:161} INFO - Started process (PID=548) to work on /opt/airflow/dags/etl_ecommerce.py
[2026-05-05T00:23:33.643+0000] {processor.py:830} INFO - Processing file /opt/airflow/dags/etl_ecommerce.py for tasks to queue
[2026-05-05T00:23:33.644+0000] {logging_mixin.py:188} INFO - [2026-05-05T00:23:33.644+0000] {dagbag.py:538} INFO - Filling up the DagBag from /opt/airflow/dags/etl_ecommerce.py
[2026-05-05T00:23:33.670+0000] {processor.py:840} INFO - DAG(s) 'etl_ecommerce' retrieved from /opt/airflow/dags/etl_ecommerce.py
[2026-05-05T00:23:33.694+0000] {logging_mixin.py:188} INFO - [2026-05-05T00:23:33.694+0000] {dag.py:3036} INFO - Sync 1 DAGs
[2026-05-05T00:23:33.714+0000] {logging_mixin.py:188} INFO - [2026-05-05T00:23:33.714+0000] {dag.py:3823} INFO - Setting next_dagrun for etl_ecommerce to 2026-05-05 00:00:00+00:00, run_after=2026-05-06 00:00:00+00:00
[2026-05-05T00:23:33.734+0000] {processor.py:183} INFO - Processing /opt/airflow/dags/etl_ecommerce.py took 0.095 seconds
[2026-05-05T00:24:04.023+0000] {processor.py:161} INFO - Started process (PID=553) to work on /opt/airflow/dags/etl_ecommerce.py
[2026-05-05T00:24:04.024+0000] {processor.py:830} INFO - Processing file /opt/airflow/dags/etl_ecommerce.py for tasks to queue
[2026-05-05T00:24:04.025+0000] {logging_mixin.py:188} INFO - [2026-05-05T00:24:04.024+0000] {dagbag.py:538} INFO - Filling up the DagBag from /opt/airflow/dags/etl_ecommerce.py
[2026-05-05T00:24:04.051+0000] {processor.py:840} INFO - DAG(s) 'etl_ecommerce' retrieved from /opt/airflow/dags/etl_ecommerce.py
[2026-05-05T00:24:04.076+0000] {logging_mixin.py:188} INFO - [2026-05-05T00:24:04.076+0000] {dag.py:3036} INFO - Sync 1 DAGs
[2026-05-05T00:24:04.096+0000] {logging_mixin.py:188} INFO - [2026-05-05T00:24:04.096+0000] {dag.py:3823} INFO - Setting next_dagrun for etl_ecommerce to 2026-05-05 00:00:00+00:00, run_after=2026-05-06 00:00:00+00:00
[2026-05-05T00:24:04.116+0000] {processor.py:183} INFO - Processing /opt/airflow/dags/etl_ecommerce.py took 0.097 seconds
[2026-05-05T00:24:34.473+0000] {processor.py:161} INFO - Started process (PID=558) to work on /opt/airflow/dags/etl_ecommerce.py
[2026-05-05T00:24:34.474+0000] {processor.py:830} INFO - Processing file /opt/airflow/dags/etl_ecommerce.py for tasks to queue
[2026-05-05T00:24:34.475+0000] {logging_mixin.py:188} INFO - [2026-05-05T00:24:34.474+0000] {dagbag.py:538} INFO - Filling up the DagBag from /opt/airflow/dags/etl_ecommerce.py
[2026-05-05T00:24:34.501+0000] {processor.py:840} INFO - DAG(s) 'etl_ecommerce' retrieved from /opt/airflow/dags/etl_ecommerce.py
[2026-05-05T00:24:34.533+0000] {logging_mixin.py:188} INFO - [2026-05-05T00:24:34.532+0000] {dag.py:3036} INFO - Sync 1 DAGs
[2026-05-05T00:24:34.555+0000] {logging_mixin.py:188} INFO - [2026-05-05T00:24:34.555+0000] {dag.py:3823} INFO - Setting next_dagrun for etl_ecommerce to 2026-05-05 00:00:00+00:00, run_after=2026-05-06 00:00:00+00:00
[2026-05-05T00:24:34.574+0000] {processor.py:183} INFO - Processing /opt/airflow/dags/etl_ecommerce.py took 0.104 seconds
[2026-05-05T00:25:04.808+0000] {processor.py:161} INFO - Started process (PID=563) to work on /opt/airflow/dags/etl_ecommerce.py
[2026-05-05T00:25:04.809+0000] {processor.py:830} INFO - Processing file /opt/airflow/dags/etl_ecommerce.py for tasks to queue
[2026-05-05T00:25:04.810+0000] {logging_mixin.py:188} INFO - [2026-05-05T00:25:04.810+0000] {dagbag.py:538} INFO - Filling up the DagBag from /opt/airflow/dags/etl_ecommerce.py
[2026-05-05T00:25:04.839+0000] {processor.py:840} INFO - DAG(s) 'etl_ecommerce' retrieved from /opt/airflow/dags/etl_ecommerce.py
[2026-05-05T00:25:04.864+0000] {logging_mixin.py:188} INFO - [2026-05-05T00:25:04.864+0000] {dag.py:3036} INFO - Sync 1 DAGs
[2026-05-05T00:25:04.885+0000] {logging_mixin.py:188} INFO - [2026-05-05T00:25:04.884+0000] {dag.py:3823} INFO - Setting next_dagrun for etl_ecommerce to 2026-05-05 00:00:00+00:00, run_after=2026-05-06 00:00:00+00:00
[2026-05-05T00:25:04.904+0000] {processor.py:183} INFO - Processing /opt/airflow/dags/etl_ecommerce.py took 0.099 seconds
[2026-05-05T00:25:35.137+0000] {processor.py:161} INFO - Started process (PID=568) to work on /opt/airflow/dags/etl_ecommerce.py
[2026-05-05T00:25:35.139+0000] {processor.py:830} INFO - Processing file /opt/airflow/dags/etl_ecommerce.py for tasks to queue
[2026-05-05T00:25:35.140+0000] {logging_mixin.py:188} INFO - [2026-05-05T00:25:35.140+0000] {dagbag.py:538} INFO - Filling up the DagBag from /opt/airflow/dags/etl_ecommerce.py
[2026-05-05T00:25:35.166+0000] {processor.py:840} INFO - DAG(s) 'etl_ecommerce' retrieved from /opt/airflow/dags/etl_ecommerce.py
[2026-05-05T00:25:35.191+0000] {logging_mixin.py:188} INFO - [2026-05-05T00:25:35.191+0000] {dag.py:3036} INFO - Sync 1 DAGs
[2026-05-05T00:25:35.213+0000] {logging_mixin.py:188} INFO - [2026-05-05T00:25:35.213+0000] {dag.py:3823} INFO - Setting next_dagrun for etl_ecommerce to 2026-05-05 00:00:00+00:00, run_after=2026-05-06 00:00:00+00:00
[2026-05-05T00:25:35.231+0000] {processor.py:183} INFO - Processing /opt/airflow/dags/etl_ecommerce.py took 0.097 seconds
[2026-05-05T00:26:05.435+0000] {processor.py:161} INFO - Started process (PID=573) to work on /opt/airflow/dags/etl_ecommerce.py
[2026-05-05T00:26:05.436+0000] {processor.py:830} INFO - Processing file /opt/airflow/dags/etl_ecommerce.py for tasks to queue
[2026-05-05T00:26:05.437+0000] {logging_mixin.py:188} INFO - [2026-05-05T00:26:05.437+0000] {dagbag.py:538} INFO - Filling up the DagBag from /opt/airflow/dags/etl_ecommerce.py
[2026-05-05T00:26:05.460+0000] {processor.py:840} INFO - DAG(s) 'etl_ecommerce' retrieved from /opt/airflow/dags/etl_ecommerce.py
[2026-05-05T00:26:05.486+0000] {logging_mixin.py:188} INFO - [2026-05-05T00:26:05.486+0000] {dag.py:3036} INFO - Sync 1 DAGs
[2026-05-05T00:26:05.508+0000] {logging_mixin.py:188} INFO - [2026-05-05T00:26:05.508+0000] {dag.py:3823} INFO - Setting next_dagrun for etl_ecommerce to 2026-05-05 00:00:00+00:00, run_after=2026-05-06 00:00:00+00:00
[2026-05-05T00:26:05.527+0000] {processor.py:183} INFO - Processing /opt/airflow/dags/etl_ecommerce.py took 0.096 seconds
[2026-05-05T00:26:35.855+0000] {processor.py:161} INFO - Started process (PID=578) to work on /opt/airflow/dags/etl_ecommerce.py
[2026-05-05T00:26:35.857+0000] {processor.py:830} INFO - Processing file /opt/airflow/dags/etl_ecommerce.py for tasks to queue
[2026-05-05T00:26:35.858+0000] {logging_mixin.py:188} INFO - [2026-05-05T00:26:35.858+0000] {dagbag.py:538} INFO - Filling up the DagBag from /opt/airflow/dags/etl_ecommerce.py
[2026-05-05T00:26:35.899+0000] {processor.py:840} INFO - DAG(s) 'etl_ecommerce' retrieved from /opt/airflow/dags/etl_ecommerce.py
[2026-05-05T00:26:35.935+0000] {logging_mixin.py:188} INFO - [2026-05-05T00:26:35.934+0000] {dag.py:3036} INFO - Sync 1 DAGs
[2026-05-05T00:26:35.959+0000] {logging_mixin.py:188} INFO - [2026-05-05T00:26:35.959+0000] {dag.py:3823} INFO - Setting next_dagrun for etl_ecommerce to 2026-05-05 00:00:00+00:00, run_after=2026-05-06 00:00:00+00:00
[2026-05-05T00:26:35.979+0000] {processor.py:183} INFO - Processing /opt/airflow/dags/etl_ecommerce.py took 0.134 seconds
[2026-05-05T00:27:06.197+0000] {processor.py:161} INFO - Started process (PID=583) to work on /opt/airflow/dags/etl_ecommerce.py
[2026-05-05T00:27:06.198+0000] {processor.py:830} INFO - Processing file /opt/airflow/dags/etl_ecommerce.py for tasks to queue
[2026-05-05T00:27:06.199+0000] {logging_mixin.py:188} INFO - [2026-05-05T00:27:06.199+0000] {dagbag.py:538} INFO - Filling up the DagBag from /opt/airflow/dags/etl_ecommerce.py
[2026-05-05T00:27:06.236+0000] {processor.py:840} INFO - DAG(s) 'etl_ecommerce' retrieved from /opt/airflow/dags/etl_ecommerce.py
[2026-05-05T00:27:06.276+0000] {logging_mixin.py:188} INFO - [2026-05-05T00:27:06.276+0000] {dag.py:3036} INFO - Sync 1 DAGs
[2026-05-05T00:27:06.303+0000] {logging_mixin.py:188} INFO - [2026-05-05T00:27:06.302+0000] {dag.py:3823} INFO - Setting next_dagrun for etl_ecommerce to 2026-05-05 00:00:00+00:00, run_after=2026-05-06 00:00:00+00:00
[2026-05-05T00:27:06.323+0000] {processor.py:183} INFO - Processing /opt/airflow/dags/etl_ecommerce.py took 0.130 seconds
[2026-05-05T00:27:36.673+0000] {processor.py:161} INFO - Started process (PID=588) to work on /opt/airflow/dags/etl_ecommerce.py
[2026-05-05T00:27:36.675+0000] {processor.py:830} INFO - Processing file /opt/airflow/dags/etl_ecommerce.py for tasks to queue
[2026-05-05T00:27:36.678+0000] {logging_mixin.py:188} INFO - [2026-05-05T00:27:36.677+0000] {dagbag.py:538} INFO - Filling up the DagBag from /opt/airflow/dags/etl_ecommerce.py
[2026-05-05T00:27:36.785+0000] {processor.py:840} INFO - DAG(s) 'etl_ecommerce' retrieved from /opt/airflow/dags/etl_ecommerce.py
[2026-05-05T00:27:36.871+0000] {logging_mixin.py:188} INFO - [2026-05-05T00:27:36.870+0000] {dag.py:3036} INFO - Sync 1 DAGs
[2026-05-05T00:27:36.916+0000] {logging_mixin.py:188} INFO - [2026-05-05T00:27:36.915+0000] {dag.py:3823} INFO - Setting next_dagrun for etl_ecommerce to 2026-05-05 00:00:00+00:00, run_after=2026-05-06 00:00:00+00:00
[2026-05-05T00:27:36.947+0000] {processor.py:183} INFO - Processing /opt/airflow/dags/etl_ecommerce.py took 0.282 seconds
[2026-05-05T00:28:07.275+0000] {processor.py:161} INFO - Started process (PID=593) to work on /opt/airflow/dags/etl_ecommerce.py
[2026-05-05T00:28:07.277+0000] {processor.py:830} INFO - Processing file /opt/airflow/dags/etl_ecommerce.py for tasks to queue
[2026-05-05T00:28:07.279+0000] {logging_mixin.py:188} INFO - [2026-05-05T00:28:07.279+0000] {dagbag.py:538} INFO - Filling up the DagBag from /opt/airflow/dags/etl_ecommerce.py
[2026-05-05T00:28:07.324+0000] {processor.py:840} INFO - DAG(s) 'etl_ecommerce' retrieved from /opt/airflow/dags/etl_ecommerce.py
[2026-05-05T00:28:07.364+0000] {logging_mixin.py:188} INFO - [2026-05-05T00:28:07.364+0000] {dag.py:3036} INFO - Sync 1 DAGs
[2026-05-05T00:28:07.391+0000] {logging_mixin.py:188} INFO - [2026-05-05T00:28:07.391+0000] {dag.py:3823} INFO - Setting next_dagrun for etl_ecommerce to 2026-05-05 00:00:00+00:00, run_after=2026-05-06 00:00:00+00:00
[2026-05-05T00:28:07.417+0000] {processor.py:183} INFO - Processing /opt/airflow/dags/etl_ecommerce.py took 0.149 seconds
[2026-05-05T00:28:37.605+0000] {processor.py:161} INFO - Started process (PID=598) to work on /opt/airflow/dags/etl_ecommerce.py
[2026-05-05T00:28:37.607+0000] {processor.py:830} INFO - Processing file /opt/airflow/dags/etl_ecommerce.py for tasks to queue
[2026-05-05T00:28:37.610+0000] {logging_mixin.py:188} INFO - [2026-05-05T00:28:37.609+0000] {dagbag.py:538} INFO - Filling up the DagBag from /opt/airflow/dags/etl_ecommerce.py
[2026-05-05T00:28:37.662+0000] {processor.py:840} INFO - DAG(s) 'etl_ecommerce' retrieved from /opt/airflow/dags/etl_ecommerce.py
[2026-05-05T00:28:37.714+0000] {logging_mixin.py:188} INFO - [2026-05-05T00:28:37.714+0000] {dag.py:3036} INFO - Sync 1 DAGs
[2026-05-05T00:28:37.744+0000] {logging_mixin.py:188} INFO - [2026-05-05T00:28:37.744+0000] {dag.py:3823} INFO - Setting next_dagrun for etl_ecommerce to 2026-05-05 00:00:00+00:00, run_after=2026-05-06 00:00:00+00:00
[2026-05-05T00:28:37.766+0000] {processor.py:183} INFO - Processing /opt/airflow/dags/etl_ecommerce.py took 0.177 seconds
[2026-05-05T00:29:08.081+0000] {processor.py:161} INFO - Started process (PID=603) to work on /opt/airflow/dags/etl_ecommerce.py
[2026-05-05T00:29:08.083+0000] {processor.py:830} INFO - Processing file /opt/airflow/dags/etl_ecommerce.py for tasks to queue
[2026-05-05T00:29:08.084+0000] {logging_mixin.py:188} INFO - [2026-05-05T00:29:08.084+0000] {dagbag.py:538} INFO - Filling up the DagBag from /opt/airflow/dags/etl_ecommerce.py
[2026-05-05T00:29:08.120+0000] {processor.py:840} INFO - DAG(s) 'etl_ecommerce' retrieved from /opt/airflow/dags/etl_ecommerce.py
[2026-05-05T00:29:08.159+0000] {logging_mixin.py:188} INFO - [2026-05-05T00:29:08.158+0000] {dag.py:3036} INFO - Sync 1 DAGs
[2026-05-05T00:29:08.187+0000] {logging_mixin.py:188} INFO - [2026-05-05T00:29:08.186+0000] {dag.py:3823} INFO - Setting next_dagrun for etl_ecommerce to 2026-05-05 00:00:00+00:00, run_after=2026-05-06 00:00:00+00:00
[2026-05-05T00:29:08.207+0000] {processor.py:183} INFO - Processing /opt/airflow/dags/etl_ecommerce.py took 0.131 seconds
[2026-05-05T00:29:38.410+0000] {processor.py:161} INFO - Started process (PID=608) to work on /opt/airflow/dags/etl_ecommerce.py
[2026-05-05T00:29:38.412+0000] {processor.py:830} INFO - Processing file /opt/airflow/dags/etl_ecommerce.py for tasks to queue
[2026-05-05T00:29:38.414+0000] {logging_mixin.py:188} INFO - [2026-05-05T00:29:38.414+0000] {dagbag.py:538} INFO - Filling up the DagBag from /opt/airflow/dags/etl_ecommerce.py
[2026-05-05T00:29:38.453+0000] {processor.py:840} INFO - DAG(s) 'etl_ecommerce' retrieved from /opt/airflow/dags/etl_ecommerce.py
[2026-05-05T00:29:38.492+0000] {logging_mixin.py:188} INFO - [2026-05-05T00:29:38.492+0000] {dag.py:3036} INFO - Sync 1 DAGs
[2026-05-05T00:29:38.522+0000] {logging_mixin.py:188} INFO - [2026-05-05T00:29:38.522+0000] {dag.py:3823} INFO - Setting next_dagrun for etl_ecommerce to 2026-05-05 00:00:00+00:00, run_after=2026-05-06 00:00:00+00:00
[2026-05-05T00:29:38.547+0000] {processor.py:183} INFO - Processing /opt/airflow/dags/etl_ecommerce.py took 0.143 seconds
[2026-05-05T00:30:08.839+0000] {processor.py:161} INFO - Started process (PID=618) to work on /opt/airflow/dags/etl_ecommerce.py
[2026-05-05T00:30:08.840+0000] {processor.py:830} INFO - Processing file /opt/airflow/dags/etl_ecommerce.py for tasks to queue
[2026-05-05T00:30:08.842+0000] {logging_mixin.py:188} INFO - [2026-05-05T00:30:08.842+0000] {dagbag.py:538} INFO - Filling up the DagBag from /opt/airflow/dags/etl_ecommerce.py
[2026-05-05T00:30:08.887+0000] {processor.py:840} INFO - DAG(s) 'etl_ecommerce' retrieved from /opt/airflow/dags/etl_ecommerce.py
[2026-05-05T00:30:08.934+0000] {logging_mixin.py:188} INFO - [2026-05-05T00:30:08.933+0000] {dag.py:3036} INFO - Sync 1 DAGs
[2026-05-05T00:30:08.962+0000] {logging_mixin.py:188} INFO - [2026-05-05T00:30:08.962+0000] {dag.py:3823} INFO - Setting next_dagrun for etl_ecommerce to 2026-05-05 00:00:00+00:00, run_after=2026-05-06 00:00:00+00:00
[2026-05-05T00:30:08.987+0000] {processor.py:183} INFO - Processing /opt/airflow/dags/etl_ecommerce.py took 0.156 seconds
[2026-05-05T00:30:39.159+0000] {processor.py:161} INFO - Started process (PID=623) to work on /opt/airflow/dags/etl_ecommerce.py
[2026-05-05T00:30:39.161+0000] {processor.py:830} INFO - Processing file /opt/airflow/dags/etl_ecommerce.py for tasks to queue
[2026-05-05T00:30:39.163+0000] {logging_mixin.py:188} INFO - [2026-05-05T00:30:39.162+0000] {dagbag.py:538} INFO - Filling up the DagBag from /opt/airflow/dags/etl_ecommerce.py
[2026-05-05T00:30:39.197+0000] {processor.py:840} INFO - DAG(s) 'etl_ecommerce' retrieved from /opt/airflow/dags/etl_ecommerce.py
[2026-05-05T00:30:39.229+0000] {logging_mixin.py:188} INFO - [2026-05-05T00:30:39.229+0000] {dag.py:3036} INFO - Sync 1 DAGs
[2026-05-05T00:30:39.256+0000] {logging_mixin.py:188} INFO - [2026-05-05T00:30:39.256+0000] {dag.py:3823} INFO - Setting next_dagrun for etl_ecommerce to 2026-05-05 00:00:00+00:00, run_after=2026-05-06 00:00:00+00:00
[2026-05-05T00:30:39.279+0000] {processor.py:183} INFO - Processing /opt/airflow/dags/etl_ecommerce.py took 0.125 seconds
[2026-05-05T00:31:09.504+0000] {processor.py:161} INFO - Started process (PID=628) to work on /opt/airflow/dags/etl_ecommerce.py
[2026-05-05T00:31:09.505+0000] {processor.py:830} INFO - Processing file /opt/airflow/dags/etl_ecommerce.py for tasks to queue
[2026-05-05T00:31:09.506+0000] {logging_mixin.py:188} INFO - [2026-05-05T00:31:09.506+0000] {dagbag.py:538} INFO - Filling up the DagBag from /opt/airflow/dags/etl_ecommerce.py
[2026-05-05T00:31:09.534+0000] {processor.py:840} INFO - DAG(s) 'etl_ecommerce' retrieved from /opt/airflow/dags/etl_ecommerce.py
[2026-05-05T00:31:09.562+0000] {logging_mixin.py:188} INFO - [2026-05-05T00:31:09.562+0000] {dag.py:3036} INFO - Sync 1 DAGs
[2026-05-05T00:31:09.585+0000] {logging_mixin.py:188} INFO - [2026-05-05T00:31:09.585+0000] {dag.py:3823} INFO - Setting next_dagrun for etl_ecommerce to 2026-05-05 00:00:00+00:00, run_after=2026-05-06 00:00:00+00:00
[2026-05-05T00:31:09.606+0000] {processor.py:183} INFO - Processing /opt/airflow/dags/etl_ecommerce.py took 0.105 seconds
[2026-05-05T00:31:39.874+0000] {processor.py:161} INFO - Started process (PID=633) to work on /opt/airflow/dags/etl_ecommerce.py
[2026-05-05T00:31:39.875+0000] {processor.py:830} INFO - Processing file /opt/airflow/dags/etl_ecommerce.py for tasks to queue
[2026-05-05T00:31:39.877+0000] {logging_mixin.py:188} INFO - [2026-05-05T00:31:39.877+0000] {dagbag.py:538} INFO - Filling up the DagBag from /opt/airflow/dags/etl_ecommerce.py
[2026-05-05T00:31:39.919+0000] {processor.py:840} INFO - DAG(s) 'etl_ecommerce' retrieved from /opt/airflow/dags/etl_ecommerce.py
[2026-05-05T00:31:39.964+0000] {logging_mixin.py:188} INFO - [2026-05-05T00:31:39.963+0000] {dag.py:3036} INFO - Sync 1 DAGs
[2026-05-05T00:31:39.994+0000] {logging_mixin.py:188} INFO - [2026-05-05T00:31:39.994+0000] {dag.py:3823} INFO - Setting next_dagrun for etl_ecommerce to 2026-05-05 00:00:00+00:00, run_after=2026-05-06 00:00:00+00:00
[2026-05-05T00:31:40.018+0000] {processor.py:183} INFO - Processing /opt/airflow/dags/etl_ecommerce.py took 0.151 seconds
[2026-05-05T00:32:10.254+0000] {processor.py:161} INFO - Started process (PID=638) to work on /opt/airflow/dags/etl_ecommerce.py
[2026-05-05T00:32:10.256+0000] {processor.py:830} INFO - Processing file /opt/airflow/dags/etl_ecommerce.py for tasks to queue
[2026-05-05T00:32:10.258+0000] {logging_mixin.py:188} INFO - [2026-05-05T00:32:10.257+0000] {dagbag.py:538} INFO - Filling up the DagBag from /opt/airflow/dags/etl_ecommerce.py
[2026-05-05T00:32:10.320+0000] {processor.py:840} INFO - DAG(s) 'etl_ecommerce' retrieved from /opt/airflow/dags/etl_ecommerce.py
[2026-05-05T00:32:10.397+0000] {logging_mixin.py:188} INFO - [2026-05-05T00:32:10.397+0000] {dag.py:3036} INFO - Sync 1 DAGs
[2026-05-05T00:32:10.432+0000] {logging_mixin.py:188} INFO - [2026-05-05T00:32:10.432+0000] {dag.py:3823} INFO - Setting next_dagrun for etl_ecommerce to 2026-05-05 00:00:00+00:00, run_after=2026-05-06 00:00:00+00:00
[2026-05-05T00:32:10.453+0000] {processor.py:183} INFO - Processing /opt/airflow/dags/etl_ecommerce.py took 0.206 seconds
[2026-05-05T00:32:40.635+0000] {processor.py:161} INFO - Started process (PID=643) to work on /opt/airflow/dags/etl_ecommerce.py
[2026-05-05T00:32:40.637+0000] {processor.py:830} INFO - Processing file /opt/airflow/dags/etl_ecommerce.py for tasks to queue
[2026-05-05T00:32:40.639+0000] {logging_mixin.py:188} INFO - [2026-05-05T00:32:40.638+0000] {dagbag.py:538} INFO - Filling up the DagBag from /opt/airflow/dags/etl_ecommerce.py
[2026-05-05T00:32:40.676+0000] {processor.py:840} INFO - DAG(s) 'etl_ecommerce' retrieved from /opt/airflow/dags/etl_ecommerce.py
[2026-05-05T00:32:40.713+0000] {logging_mixin.py:188} INFO - [2026-05-05T00:32:40.713+0000] {dag.py:3036} INFO - Sync 1 DAGs
[2026-05-05T00:32:40.740+0000] {logging_mixin.py:188} INFO - [2026-05-05T00:32:40.740+0000] {dag.py:3823} INFO - Setting next_dagrun for etl_ecommerce to 2026-05-05 00:00:00+00:00, run_after=2026-05-06 00:00:00+00:00
[2026-05-05T00:32:40.764+0000] {processor.py:183} INFO - Processing /opt/airflow/dags/etl_ecommerce.py took 0.135 seconds
[2026-05-05T00:33:11.076+0000] {processor.py:161} INFO - Started process (PID=648) to work on /opt/airflow/dags/etl_ecommerce.py
[2026-05-05T00:33:11.078+0000] {processor.py:830} INFO - Processing file /opt/airflow/dags/etl_ecommerce.py for tasks to queue
[2026-05-05T00:33:11.079+0000] {logging_mixin.py:188} INFO - [2026-05-05T00:33:11.079+0000] {dagbag.py:538} INFO - Filling up the DagBag from /opt/airflow/dags/etl_ecommerce.py
[2026-05-05T00:33:11.119+0000] {processor.py:840} INFO - DAG(s) 'etl_ecommerce' retrieved from /opt/airflow/dags/etl_ecommerce.py
[2026-05-05T00:33:11.155+0000] {logging_mixin.py:188} INFO - [2026-05-05T00:33:11.155+0000] {dag.py:3036} INFO - Sync 1 DAGs
[2026-05-05T00:33:11.183+0000] {logging_mixin.py:188} INFO - [2026-05-05T00:33:11.183+0000] {dag.py:3823} INFO - Setting next_dagrun for etl_ecommerce to 2026-05-05 00:00:00+00:00, run_after=2026-05-06 00:00:00+00:00
[2026-05-05T00:33:11.207+0000] {processor.py:183} INFO - Processing /opt/airflow/dags/etl_ecommerce.py took 0.135 seconds
[2026-05-05T00:33:23.344+0000] {processor.py:161} INFO - Started process (PID=653) to work on /opt/airflow/dags/etl_ecommerce.py
[2026-05-05T00:33:23.346+0000] {processor.py:830} INFO - Processing file /opt/airflow/dags/etl_ecommerce.py for tasks to queue
[2026-05-05T00:33:23.347+0000] {logging_mixin.py:188} INFO - [2026-05-05T00:33:23.347+0000] {dagbag.py:538} INFO - Filling up the DagBag from /opt/airflow/dags/etl_ecommerce.py
[2026-05-05T00:33:23.402+0000] {processor.py:840} INFO - DAG(s) 'etl_ecommerce' retrieved from /opt/airflow/dags/etl_ecommerce.py
[2026-05-05T00:33:23.435+0000] {logging_mixin.py:188} INFO - [2026-05-05T00:33:23.435+0000] {dag.py:3036} INFO - Sync 1 DAGs
[2026-05-05T00:33:23.462+0000] {logging_mixin.py:188} INFO - [2026-05-05T00:33:23.461+0000] {dag.py:3823} INFO - Setting next_dagrun for etl_ecommerce to 2026-05-05 00:00:00+00:00, run_after=2026-05-06 00:00:00+00:00
[2026-05-05T00:33:23.494+0000] {processor.py:183} INFO - Processing /opt/airflow/dags/etl_ecommerce.py took 0.156 seconds
[2026-05-05T00:33:53.783+0000] {processor.py:161} INFO - Started process (PID=658) to work on /opt/airflow/dags/etl_ecommerce.py
[2026-05-05T00:33:53.785+0000] {processor.py:830} INFO - Processing file /opt/airflow/dags/etl_ecommerce.py for tasks to queue
[2026-05-05T00:33:53.787+0000] {logging_mixin.py:188} INFO - [2026-05-05T00:33:53.787+0000] {dagbag.py:538} INFO - Filling up the DagBag from /opt/airflow/dags/etl_ecommerce.py
[2026-05-05T00:33:53.830+0000] {processor.py:840} INFO - DAG(s) 'etl_ecommerce' retrieved from /opt/airflow/dags/etl_ecommerce.py
[2026-05-05T00:33:53.872+0000] {logging_mixin.py:188} INFO - [2026-05-05T00:33:53.872+0000] {dag.py:3036} INFO - Sync 1 DAGs
[2026-05-05T00:33:53.904+0000] {logging_mixin.py:188} INFO - [2026-05-05T00:33:53.904+0000] {dag.py:3823} INFO - Setting next_dagrun for etl_ecommerce to 2026-05-05 00:00:00+00:00, run_after=2026-05-06 00:00:00+00:00
[2026-05-05T00:33:53.927+0000] {processor.py:183} INFO - Processing /opt/airflow/dags/etl_ecommerce.py took 0.154 seconds
[2026-05-05T00:34:24.221+0000] {processor.py:161} INFO - Started process (PID=668) to work on /opt/airflow/dags/etl_ecommerce.py
[2026-05-05T00:34:24.224+0000] {processor.py:830} INFO - Processing file /opt/airflow/dags/etl_ecommerce.py for tasks to queue
[2026-05-05T00:34:24.226+0000] {logging_mixin.py:188} INFO - [2026-05-05T00:34:24.226+0000] {dagbag.py:538} INFO - Filling up the DagBag from /opt/airflow/dags/etl_ecommerce.py
[2026-05-05T00:34:24.266+0000] {processor.py:840} INFO - DAG(s) 'etl_ecommerce' retrieved from /opt/airflow/dags/etl_ecommerce.py
[2026-05-05T00:34:24.290+0000] {logging_mixin.py:188} INFO - [2026-05-05T00:34:24.290+0000] {dag.py:3036} INFO - Sync 1 DAGs
[2026-05-05T00:34:24.332+0000] {logging_mixin.py:188} INFO - [2026-05-05T00:34:24.331+0000] {dag.py:3823} INFO - Setting next_dagrun for etl_ecommerce to 2026-05-05 00:00:00+00:00, run_after=2026-05-06 00:00:00+00:00
[2026-05-05T00:34:24.365+0000] {processor.py:183} INFO - Processing /opt/airflow/dags/etl_ecommerce.py took 0.153 seconds
[2026-05-05T00:34:54.562+0000] {processor.py:161} INFO - Started process (PID=676) to work on /opt/airflow/dags/etl_ecommerce.py
[2026-05-05T00:34:54.564+0000] {processor.py:830} INFO - Processing file /opt/airflow/dags/etl_ecommerce.py for tasks to queue
[2026-05-05T00:34:54.566+0000] {logging_mixin.py:188} INFO - [2026-05-05T00:34:54.565+0000] {dagbag.py:538} INFO - Filling up the DagBag from /opt/airflow/dags/etl_ecommerce.py
[2026-05-05T00:34:54.596+0000] {processor.py:840} INFO - DAG(s) 'etl_ecommerce' retrieved from /opt/airflow/dags/etl_ecommerce.py
[2026-05-05T00:34:54.841+0000] {logging_mixin.py:188} INFO - [2026-05-05T00:34:54.841+0000] {dag.py:3036} INFO - Sync 1 DAGs
[2026-05-05T00:34:54.863+0000] {logging_mixin.py:188} INFO - [2026-05-05T00:34:54.862+0000] {dag.py:3823} INFO - Setting next_dagrun for etl_ecommerce to 2026-05-05 00:00:00+00:00, run_after=2026-05-06 00:00:00+00:00
[2026-05-05T00:34:54.884+0000] {processor.py:183} INFO - Processing /opt/airflow/dags/etl_ecommerce.py took 0.326 seconds
[2026-05-05T00:35:24.984+0000] {processor.py:161} INFO - Started process (PID=681) to work on /opt/airflow/dags/etl_ecommerce.py
[2026-05-05T00:35:24.986+0000] {processor.py:830} INFO - Processing file /opt/airflow/dags/etl_ecommerce.py for tasks to queue
[2026-05-05T00:35:24.988+0000] {logging_mixin.py:188} INFO - [2026-05-05T00:35:24.987+0000] {dagbag.py:538} INFO - Filling up the DagBag from /opt/airflow/dags/etl_ecommerce.py
[2026-05-05T00:35:25.025+0000] {processor.py:840} INFO - DAG(s) 'etl_ecommerce' retrieved from /opt/airflow/dags/etl_ecommerce.py
[2026-05-05T00:35:25.065+0000] {logging_mixin.py:188} INFO - [2026-05-05T00:35:25.064+0000] {dag.py:3036} INFO - Sync 1 DAGs
[2026-05-05T00:35:25.092+0000] {logging_mixin.py:188} INFO - [2026-05-05T00:35:25.092+0000] {dag.py:3823} INFO - Setting next_dagrun for etl_ecommerce to 2026-05-05 00:00:00+00:00, run_after=2026-05-06 00:00:00+00:00
[2026-05-05T00:35:25.116+0000] {processor.py:183} INFO - Processing /opt/airflow/dags/etl_ecommerce.py took 0.140 seconds
[2026-05-05T00:35:55.259+0000] {processor.py:161} INFO - Started process (PID=686) to work on /opt/airflow/dags/etl_ecommerce.py
[2026-05-05T00:35:55.260+0000] {processor.py:830} INFO - Processing file /opt/airflow/dags/etl_ecommerce.py for tasks to queue
[2026-05-05T00:35:55.261+0000] {logging_mixin.py:188} INFO - [2026-05-05T00:35:55.261+0000] {dagbag.py:538} INFO - Filling up the DagBag from /opt/airflow/dags/etl_ecommerce.py
[2026-05-05T00:35:55.291+0000] {processor.py:840} INFO - DAG(s) 'etl_ecommerce' retrieved from /opt/airflow/dags/etl_ecommerce.py
[2026-05-05T00:35:55.324+0000] {logging_mixin.py:188} INFO - [2026-05-05T00:35:55.324+0000] {dag.py:3036} INFO - Sync 1 DAGs
[2026-05-05T00:35:55.349+0000] {logging_mixin.py:188} INFO - [2026-05-05T00:35:55.349+0000] {dag.py:3823} INFO - Setting next_dagrun for etl_ecommerce to 2026-05-05 00:00:00+00:00, run_after=2026-05-06 00:00:00+00:00
[2026-05-05T00:35:55.373+0000] {processor.py:183} INFO - Processing /opt/airflow/dags/etl_ecommerce.py took 0.118 seconds
[2026-05-05T00:36:25.576+0000] {processor.py:161} INFO - Started process (PID=691) to work on /opt/airflow/dags/etl_ecommerce.py
[2026-05-05T00:36:25.578+0000] {processor.py:830} INFO - Processing file /opt/airflow/dags/etl_ecommerce.py for tasks to queue
[2026-05-05T00:36:25.579+0000] {logging_mixin.py:188} INFO - [2026-05-05T00:36:25.579+0000] {dagbag.py:538} INFO - Filling up the DagBag from /opt/airflow/dags/etl_ecommerce.py
[2026-05-05T00:36:25.608+0000] {processor.py:840} INFO - DAG(s) 'etl_ecommerce' retrieved from /opt/airflow/dags/etl_ecommerce.py
[2026-05-05T00:36:25.642+0000] {logging_mixin.py:188} INFO - [2026-05-05T00:36:25.642+0000] {dag.py:3036} INFO - Sync 1 DAGs
[2026-05-05T00:36:25.667+0000] {logging_mixin.py:188} INFO - [2026-05-05T00:36:25.666+0000] {dag.py:3823} INFO - Setting next_dagrun for etl_ecommerce to 2026-05-05 00:00:00+00:00, run_after=2026-05-06 00:00:00+00:00
[2026-05-05T00:36:25.687+0000] {processor.py:183} INFO - Processing /opt/airflow/dags/etl_ecommerce.py took 0.116 seconds
[2026-05-05T00:36:56.008+0000] {processor.py:161} INFO - Started process (PID=696) to work on /opt/airflow/dags/etl_ecommerce.py
[2026-05-05T00:36:56.009+0000] {processor.py:830} INFO - Processing file /opt/airflow/dags/etl_ecommerce.py for tasks to queue
[2026-05-05T00:36:56.010+0000] {logging_mixin.py:188} INFO - [2026-05-05T00:36:56.010+0000] {dagbag.py:538} INFO - Filling up the DagBag from /opt/airflow/dags/etl_ecommerce.py
[2026-05-05T00:36:56.041+0000] {processor.py:840} INFO - DAG(s) 'etl_ecommerce' retrieved from /opt/airflow/dags/etl_ecommerce.py
[2026-05-05T00:36:56.072+0000] {logging_mixin.py:188} INFO - [2026-05-05T00:36:56.072+0000] {dag.py:3036} INFO - Sync 1 DAGs
[2026-05-05T00:36:56.097+0000] {logging_mixin.py:188} INFO - [2026-05-05T00:36:56.097+0000] {dag.py:3823} INFO - Setting next_dagrun for etl_ecommerce to 2026-05-05 00:00:00+00:00, run_after=2026-05-06 00:00:00+00:00
[2026-05-05T00:36:56.118+0000] {processor.py:183} INFO - Processing /opt/airflow/dags/etl_ecommerce.py took 0.114 seconds
[2026-05-05T00:37:26.361+0000] {processor.py:161} INFO - Started process (PID=701) to work on /opt/airflow/dags/etl_ecommerce.py
[2026-05-05T00:37:26.363+0000] {processor.py:830} INFO - Processing file /opt/airflow/dags/etl_ecommerce.py for tasks to queue
[2026-05-05T00:37:26.365+0000] {logging_mixin.py:188} INFO - [2026-05-05T00:37:26.365+0000] {dagbag.py:538} INFO - Filling up the DagBag from /opt/airflow/dags/etl_ecommerce.py
[2026-05-05T00:37:26.403+0000] {processor.py:840} INFO - DAG(s) 'etl_ecommerce' retrieved from /opt/airflow/dags/etl_ecommerce.py
[2026-05-05T00:37:26.442+0000] {logging_mixin.py:188} INFO - [2026-05-05T00:37:26.442+0000] {dag.py:3036} INFO - Sync 1 DAGs
[2026-05-05T00:37:26.469+0000] {logging_mixin.py:188} INFO - [2026-05-05T00:37:26.469+0000] {dag.py:3823} INFO - Setting next_dagrun for etl_ecommerce to 2026-05-05 00:00:00+00:00, run_after=2026-05-06 00:00:00+00:00
[2026-05-05T00:37:26.492+0000] {processor.py:183} INFO - Processing /opt/airflow/dags/etl_ecommerce.py took 0.138 seconds
[2026-05-05T00:37:56.780+0000] {processor.py:161} INFO - Started process (PID=706) to work on /opt/airflow/dags/etl_ecommerce.py
[2026-05-05T00:37:56.782+0000] {processor.py:830} INFO - Processing file /opt/airflow/dags/etl_ecommerce.py for tasks to queue
[2026-05-05T00:37:56.783+0000] {logging_mixin.py:188} INFO - [2026-05-05T00:37:56.783+0000] {dagbag.py:538} INFO - Filling up the DagBag from /opt/airflow/dags/etl_ecommerce.py
[2026-05-05T00:37:56.816+0000] {processor.py:840} INFO - DAG(s) 'etl_ecommerce' retrieved from /opt/airflow/dags/etl_ecommerce.py
[2026-05-05T00:37:56.850+0000] {logging_mixin.py:188} INFO - [2026-05-05T00:37:56.850+0000] {dag.py:3036} INFO - Sync 1 DAGs
[2026-05-05T00:37:56.873+0000] {logging_mixin.py:188} INFO - [2026-05-05T00:37:56.873+0000] {dag.py:3823} INFO - Setting next_dagrun for etl_ecommerce to 2026-05-05 00:00:00+00:00, run_after=2026-05-06 00:00:00+00:00
[2026-05-05T00:37:56.894+0000] {processor.py:183} INFO - Processing /opt/airflow/dags/etl_ecommerce.py took 0.119 seconds
[2026-05-05T00:38:27.184+0000] {processor.py:161} INFO - Started process (PID=711) to work on /opt/airflow/dags/etl_ecommerce.py
[2026-05-05T00:38:27.187+0000] {processor.py:830} INFO - Processing file /opt/airflow/dags/etl_ecommerce.py for tasks to queue
[2026-05-05T00:38:27.189+0000] {logging_mixin.py:188} INFO - [2026-05-05T00:38:27.188+0000] {dagbag.py:538} INFO - Filling up the DagBag from /opt/airflow/dags/etl_ecommerce.py
[2026-05-05T00:38:27.222+0000] {processor.py:840} INFO - DAG(s) 'etl_ecommerce' retrieved from /opt/airflow/dags/etl_ecommerce.py
[2026-05-05T00:38:27.260+0000] {logging_mixin.py:188} INFO - [2026-05-05T00:38:27.260+0000] {dag.py:3036} INFO - Sync 1 DAGs
[2026-05-05T00:38:27.288+0000] {logging_mixin.py:188} INFO - [2026-05-05T00:38:27.288+0000] {dag.py:3823} INFO - Setting next_dagrun for etl_ecommerce to 2026-05-05 00:00:00+00:00, run_after=2026-05-06 00:00:00+00:00
[2026-05-05T00:38:27.310+0000] {processor.py:183} INFO - Processing /opt/airflow/dags/etl_ecommerce.py took 0.131 seconds
[2026-05-05T00:38:57.566+0000] {processor.py:161} INFO - Started process (PID=716) to work on /opt/airflow/dags/etl_ecommerce.py
[2026-05-05T00:38:57.568+0000] {processor.py:830} INFO - Processing file /opt/airflow/dags/etl_ecommerce.py for tasks to queue
[2026-05-05T00:38:57.570+0000] {logging_mixin.py:188} INFO - [2026-05-05T00:38:57.569+0000] {dagbag.py:538} INFO - Filling up the DagBag from /opt/airflow/dags/etl_ecommerce.py
[2026-05-05T00:38:57.604+0000] {processor.py:840} INFO - DAG(s) 'etl_ecommerce' retrieved from /opt/airflow/dags/etl_ecommerce.py
[2026-05-05T00:38:57.640+0000] {logging_mixin.py:188} INFO - [2026-05-05T00:38:57.639+0000] {dag.py:3036} INFO - Sync 1 DAGs
[2026-05-05T00:38:57.667+0000] {logging_mixin.py:188} INFO - [2026-05-05T00:38:57.666+0000] {dag.py:3823} INFO - Setting next_dagrun for etl_ecommerce to 2026-05-05 00:00:00+00:00, run_after=2026-05-06 00:00:00+00:00
[2026-05-05T00:38:57.690+0000] {processor.py:183} INFO - Processing /opt/airflow/dags/etl_ecommerce.py took 0.129 seconds
[2026-05-05T00:39:27.955+0000] {processor.py:161} INFO - Started process (PID=724) to work on /opt/airflow/dags/etl_ecommerce.py
[2026-05-05T00:39:27.958+0000] {processor.py:830} INFO - Processing file /opt/airflow/dags/etl_ecommerce.py for tasks to queue
[2026-05-05T00:39:27.960+0000] {logging_mixin.py:188} INFO - [2026-05-05T00:39:27.959+0000] {dagbag.py:538} INFO - Filling up the DagBag from /opt/airflow/dags/etl_ecommerce.py
[2026-05-05T00:39:27.989+0000] {processor.py:840} INFO - DAG(s) 'etl_ecommerce' retrieved from /opt/airflow/dags/etl_ecommerce.py
[2026-05-05T00:39:28.018+0000] {logging_mixin.py:188} INFO - [2026-05-05T00:39:28.017+0000] {dag.py:3036} INFO - Sync 1 DAGs
[2026-05-05T00:39:28.040+0000] {logging_mixin.py:188} INFO - [2026-05-05T00:39:28.040+0000] {dag.py:3823} INFO - Setting next_dagrun for etl_ecommerce to 2026-05-05 00:00:00+00:00, run_after=2026-05-06 00:00:00+00:00
[2026-05-05T00:39:28.061+0000] {processor.py:183} INFO - Processing /opt/airflow/dags/etl_ecommerce.py took 0.112 seconds
[2026-05-05T00:39:58.375+0000] {processor.py:161} INFO - Started process (PID=729) to work on /opt/airflow/dags/etl_ecommerce.py
[2026-05-05T00:39:58.377+0000] {processor.py:830} INFO - Processing file /opt/airflow/dags/etl_ecommerce.py for tasks to queue
[2026-05-05T00:39:58.378+0000] {logging_mixin.py:188} INFO - [2026-05-05T00:39:58.378+0000] {dagbag.py:538} INFO - Filling up the DagBag from /opt/airflow/dags/etl_ecommerce.py
[2026-05-05T00:39:58.410+0000] {processor.py:840} INFO - DAG(s) 'etl_ecommerce' retrieved from /opt/airflow/dags/etl_ecommerce.py
[2026-05-05T00:39:58.450+0000] {logging_mixin.py:188} INFO - [2026-05-05T00:39:58.449+0000] {dag.py:3036} INFO - Sync 1 DAGs
[2026-05-05T00:39:58.479+0000] {logging_mixin.py:188} INFO - [2026-05-05T00:39:58.479+0000] {dag.py:3823} INFO - Setting next_dagrun for etl_ecommerce to 2026-05-05 00:00:00+00:00, run_after=2026-05-06 00:00:00+00:00
[2026-05-05T00:39:58.503+0000] {processor.py:183} INFO - Processing /opt/airflow/dags/etl_ecommerce.py took 0.132 seconds
[2026-05-05T00:40:23.731+0000] {processor.py:161} INFO - Started process (PID=734) to work on /opt/airflow/dags/etl_ecommerce.py
[2026-05-05T00:40:23.732+0000] {processor.py:830} INFO - Processing file /opt/airflow/dags/etl_ecommerce.py for tasks to queue
[2026-05-05T00:40:23.734+0000] {logging_mixin.py:188} INFO - [2026-05-05T00:40:23.734+0000] {dagbag.py:538} INFO - Filling up the DagBag from /opt/airflow/dags/etl_ecommerce.py
[2026-05-05T00:40:23.784+0000] {processor.py:840} INFO - DAG(s) 'etl_ecommerce' retrieved from /opt/airflow/dags/etl_ecommerce.py
[2026-05-05T00:40:23.821+0000] {logging_mixin.py:188} INFO - [2026-05-05T00:40:23.821+0000] {dag.py:3036} INFO - Sync 1 DAGs
[2026-05-05T00:40:23.850+0000] {logging_mixin.py:188} INFO - [2026-05-05T00:40:23.850+0000] {dag.py:3823} INFO - Setting next_dagrun for etl_ecommerce to 2026-05-05 00:00:00+00:00, run_after=2026-05-06 00:00:00+00:00
[2026-05-05T00:40:23.880+0000] {processor.py:183} INFO - Processing /opt/airflow/dags/etl_ecommerce.py took 0.155 seconds
[2026-05-05T00:40:54.159+0000] {processor.py:161} INFO - Started process (PID=739) to work on /opt/airflow/dags/etl_ecommerce.py
[2026-05-05T00:40:54.161+0000] {processor.py:830} INFO - Processing file /opt/airflow/dags/etl_ecommerce.py for tasks to queue
[2026-05-05T00:40:54.162+0000] {logging_mixin.py:188} INFO - [2026-05-05T00:40:54.162+0000] {dagbag.py:538} INFO - Filling up the DagBag from /opt/airflow/dags/etl_ecommerce.py
[2026-05-05T00:40:54.211+0000] {processor.py:840} INFO - DAG(s) 'etl_ecommerce' retrieved from /opt/airflow/dags/etl_ecommerce.py
[2026-05-05T00:40:54.252+0000] {logging_mixin.py:188} INFO - [2026-05-05T00:40:54.251+0000] {dag.py:3036} INFO - Sync 1 DAGs
[2026-05-05T00:40:54.283+0000] {logging_mixin.py:188} INFO - [2026-05-05T00:40:54.282+0000] {dag.py:3823} INFO - Setting next_dagrun for etl_ecommerce to 2026-05-05 00:00:00+00:00, run_after=2026-05-06 00:00:00+00:00
[2026-05-05T00:40:54.314+0000] {processor.py:183} INFO - Processing /opt/airflow/dags/etl_ecommerce.py took 0.158 seconds
[2026-05-05T00:41:15.597+0000] {processor.py:161} INFO - Started process (PID=744) to work on /opt/airflow/dags/etl_ecommerce.py
[2026-05-05T00:41:15.598+0000] {processor.py:830} INFO - Processing file /opt/airflow/dags/etl_ecommerce.py for tasks to queue
[2026-05-05T00:41:15.600+0000] {logging_mixin.py:188} INFO - [2026-05-05T00:41:15.599+0000] {dagbag.py:538} INFO - Filling up the DagBag from /opt/airflow/dags/etl_ecommerce.py
[2026-05-05T00:41:15.627+0000] {logging_mixin.py:188} INFO - [2026-05-05T00:41:15.621+0000] {dagbag.py:348} ERROR - Failed to import: /opt/airflow/dags/etl_ecommerce.py
Traceback (most recent call last):
  File "/home/airflow/.local/lib/python3.8/site-packages/airflow/models/dagbag.py", line 344, in parse
    loader.exec_module(new_module)
  File "<frozen importlib._bootstrap_external>", line 839, in exec_module
  File "<frozen importlib._bootstrap_external>", line 976, in get_code
  File "<frozen importlib._bootstrap_external>", line 906, in source_to_code
  File "<frozen importlib._bootstrap>", line 219, in _call_with_frames_removed
  File "/opt/airflow/dags/etl_ecommerce.py", line 89
    .merge(customers, on='customer_id', how='left')
    ^
IndentationError: unexpected indent
[2026-05-05T00:41:15.629+0000] {processor.py:842} WARNING - No viable dags retrieved from /opt/airflow/dags/etl_ecommerce.py
[2026-05-05T00:41:15.677+0000] {processor.py:183} INFO - Processing /opt/airflow/dags/etl_ecommerce.py took 0.084 seconds
[2026-05-05T00:41:26.813+0000] {processor.py:161} INFO - Started process (PID=749) to work on /opt/airflow/dags/etl_ecommerce.py
[2026-05-05T00:41:26.815+0000] {processor.py:830} INFO - Processing file /opt/airflow/dags/etl_ecommerce.py for tasks to queue
[2026-05-05T00:41:26.816+0000] {logging_mixin.py:188} INFO - [2026-05-05T00:41:26.816+0000] {dagbag.py:538} INFO - Filling up the DagBag from /opt/airflow/dags/etl_ecommerce.py
[2026-05-05T00:41:26.856+0000] {processor.py:840} INFO - DAG(s) 'etl_ecommerce' retrieved from /opt/airflow/dags/etl_ecommerce.py
[2026-05-05T00:41:26.889+0000] {logging_mixin.py:188} INFO - [2026-05-05T00:41:26.888+0000] {dag.py:3036} INFO - Sync 1 DAGs
[2026-05-05T00:41:26.913+0000] {logging_mixin.py:188} INFO - [2026-05-05T00:41:26.913+0000] {dag.py:3823} INFO - Setting next_dagrun for etl_ecommerce to 2026-05-05 00:00:00+00:00, run_after=2026-05-06 00:00:00+00:00
[2026-05-05T00:41:26.939+0000] {processor.py:183} INFO - Processing /opt/airflow/dags/etl_ecommerce.py took 0.130 seconds
[2026-05-05T00:41:32.027+0000] {processor.py:161} INFO - Started process (PID=754) to work on /opt/airflow/dags/etl_ecommerce.py
[2026-05-05T00:41:32.029+0000] {processor.py:830} INFO - Processing file /opt/airflow/dags/etl_ecommerce.py for tasks to queue
[2026-05-05T00:41:32.030+0000] {logging_mixin.py:188} INFO - [2026-05-05T00:41:32.030+0000] {dagbag.py:538} INFO - Filling up the DagBag from /opt/airflow/dags/etl_ecommerce.py
[2026-05-05T00:41:32.084+0000] {processor.py:840} INFO - DAG(s) 'etl_ecommerce' retrieved from /opt/airflow/dags/etl_ecommerce.py
[2026-05-05T00:41:32.116+0000] {logging_mixin.py:188} INFO - [2026-05-05T00:41:32.116+0000] {dag.py:3036} INFO - Sync 1 DAGs
[2026-05-05T00:41:32.141+0000] {logging_mixin.py:188} INFO - [2026-05-05T00:41:32.141+0000] {dag.py:3823} INFO - Setting next_dagrun for etl_ecommerce to 2026-05-05 00:00:00+00:00, run_after=2026-05-06 00:00:00+00:00
[2026-05-05T00:41:32.168+0000] {processor.py:183} INFO - Processing /opt/airflow/dags/etl_ecommerce.py took 0.146 seconds
[2026-05-05T00:42:00.354+0000] {processor.py:161} INFO - Started process (PID=759) to work on /opt/airflow/dags/etl_ecommerce.py
[2026-05-05T00:42:00.356+0000] {processor.py:830} INFO - Processing file /opt/airflow/dags/etl_ecommerce.py for tasks to queue
[2026-05-05T00:42:00.358+0000] {logging_mixin.py:188} INFO - [2026-05-05T00:42:00.357+0000] {dagbag.py:538} INFO - Filling up the DagBag from /opt/airflow/dags/etl_ecommerce.py
[2026-05-05T00:42:00.411+0000] {processor.py:840} INFO - DAG(s) 'etl_ecommerce' retrieved from /opt/airflow/dags/etl_ecommerce.py
[2026-05-05T00:42:00.448+0000] {logging_mixin.py:188} INFO - [2026-05-05T00:42:00.447+0000] {dag.py:3036} INFO - Sync 1 DAGs
[2026-05-05T00:42:00.473+0000] {logging_mixin.py:188} INFO - [2026-05-05T00:42:00.473+0000] {dag.py:3823} INFO - Setting next_dagrun for etl_ecommerce to 2026-05-05 00:00:00+00:00, run_after=2026-05-06 00:00:00+00:00
[2026-05-05T00:42:00.499+0000] {processor.py:183} INFO - Processing /opt/airflow/dags/etl_ecommerce.py took 0.151 seconds
[2026-05-05T00:42:06.564+0000] {processor.py:161} INFO - Started process (PID=764) to work on /opt/airflow/dags/etl_ecommerce.py
[2026-05-05T00:42:06.566+0000] {processor.py:830} INFO - Processing file /opt/airflow/dags/etl_ecommerce.py for tasks to queue
[2026-05-05T00:42:06.568+0000] {logging_mixin.py:188} INFO - [2026-05-05T00:42:06.567+0000] {dagbag.py:538} INFO - Filling up the DagBag from /opt/airflow/dags/etl_ecommerce.py
[2026-05-05T00:42:06.626+0000] {processor.py:840} INFO - DAG(s) 'etl_ecommerce' retrieved from /opt/airflow/dags/etl_ecommerce.py
[2026-05-05T00:42:06.656+0000] {logging_mixin.py:188} INFO - [2026-05-05T00:42:06.656+0000] {dag.py:3036} INFO - Sync 1 DAGs
[2026-05-05T00:42:06.679+0000] {logging_mixin.py:188} INFO - [2026-05-05T00:42:06.679+0000] {dag.py:3823} INFO - Setting next_dagrun for etl_ecommerce to 2026-05-05 00:00:00+00:00, run_after=2026-05-06 00:00:00+00:00
[2026-05-05T00:42:06.703+0000] {processor.py:183} INFO - Processing /opt/airflow/dags/etl_ecommerce.py took 0.144 seconds
[2026-05-05T00:42:36.963+0000] {processor.py:161} INFO - Started process (PID=769) to work on /opt/airflow/dags/etl_ecommerce.py
[2026-05-05T00:42:36.965+0000] {processor.py:830} INFO - Processing file /opt/airflow/dags/etl_ecommerce.py for tasks to queue
[2026-05-05T00:42:36.966+0000] {logging_mixin.py:188} INFO - [2026-05-05T00:42:36.966+0000] {dagbag.py:538} INFO - Filling up the DagBag from /opt/airflow/dags/etl_ecommerce.py
[2026-05-05T00:42:36.998+0000] {processor.py:840} INFO - DAG(s) 'etl_ecommerce' retrieved from /opt/airflow/dags/etl_ecommerce.py
[2026-05-05T00:42:37.030+0000] {logging_mixin.py:188} INFO - [2026-05-05T00:42:37.030+0000] {dag.py:3036} INFO - Sync 1 DAGs
[2026-05-05T00:42:37.054+0000] {logging_mixin.py:188} INFO - [2026-05-05T00:42:37.053+0000] {dag.py:3823} INFO - Setting next_dagrun for etl_ecommerce to 2026-05-05 00:00:00+00:00, run_after=2026-05-06 00:00:00+00:00
[2026-05-05T00:42:37.074+0000] {processor.py:183} INFO - Processing /opt/airflow/dags/etl_ecommerce.py took 0.115 seconds
[2026-05-05T00:42:55.321+0000] {processor.py:161} INFO - Started process (PID=774) to work on /opt/airflow/dags/etl_ecommerce.py
[2026-05-05T00:42:55.322+0000] {processor.py:830} INFO - Processing file /opt/airflow/dags/etl_ecommerce.py for tasks to queue
[2026-05-05T00:42:55.323+0000] {logging_mixin.py:188} INFO - [2026-05-05T00:42:55.323+0000] {dagbag.py:538} INFO - Filling up the DagBag from /opt/airflow/dags/etl_ecommerce.py
[2026-05-05T00:42:55.366+0000] {processor.py:840} INFO - DAG(s) 'etl_ecommerce' retrieved from /opt/airflow/dags/etl_ecommerce.py
[2026-05-05T00:42:55.399+0000] {logging_mixin.py:188} INFO - [2026-05-05T00:42:55.399+0000] {dag.py:3036} INFO - Sync 1 DAGs
[2026-05-05T00:42:55.423+0000] {logging_mixin.py:188} INFO - [2026-05-05T00:42:55.423+0000] {dag.py:3823} INFO - Setting next_dagrun for etl_ecommerce to 2026-05-05 00:00:00+00:00, run_after=2026-05-06 00:00:00+00:00
[2026-05-05T00:42:55.448+0000] {processor.py:183} INFO - Processing /opt/airflow/dags/etl_ecommerce.py took 0.131 seconds
[2026-05-05T00:42:58.529+0000] {processor.py:161} INFO - Started process (PID=779) to work on /opt/airflow/dags/etl_ecommerce.py
[2026-05-05T00:42:58.530+0000] {processor.py:830} INFO - Processing file /opt/airflow/dags/etl_ecommerce.py for tasks to queue
[2026-05-05T00:42:58.531+0000] {logging_mixin.py:188} INFO - [2026-05-05T00:42:58.531+0000] {dagbag.py:538} INFO - Filling up the DagBag from /opt/airflow/dags/etl_ecommerce.py
[2026-05-05T00:42:58.578+0000] {processor.py:840} INFO - DAG(s) 'etl_ecommerce' retrieved from /opt/airflow/dags/etl_ecommerce.py
[2026-05-05T00:42:58.609+0000] {logging_mixin.py:188} INFO - [2026-05-05T00:42:58.609+0000] {dag.py:3036} INFO - Sync 1 DAGs
[2026-05-05T00:42:58.632+0000] {logging_mixin.py:188} INFO - [2026-05-05T00:42:58.632+0000] {dag.py:3823} INFO - Setting next_dagrun for etl_ecommerce to 2026-05-05 00:00:00+00:00, run_after=2026-05-06 00:00:00+00:00
[2026-05-05T00:42:58.656+0000] {processor.py:183} INFO - Processing /opt/airflow/dags/etl_ecommerce.py took 0.131 seconds
[2026-05-05T00:43:11.707+0000] {processor.py:161} INFO - Started process (PID=784) to work on /opt/airflow/dags/etl_ecommerce.py
[2026-05-05T00:43:11.709+0000] {processor.py:830} INFO - Processing file /opt/airflow/dags/etl_ecommerce.py for tasks to queue
[2026-05-05T00:43:11.711+0000] {logging_mixin.py:188} INFO - [2026-05-05T00:43:11.710+0000] {dagbag.py:538} INFO - Filling up the DagBag from /opt/airflow/dags/etl_ecommerce.py
[2026-05-05T00:43:11.760+0000] {processor.py:840} INFO - DAG(s) 'etl_ecommerce' retrieved from /opt/airflow/dags/etl_ecommerce.py
[2026-05-05T00:43:11.790+0000] {logging_mixin.py:188} INFO - [2026-05-05T00:43:11.790+0000] {dag.py:3036} INFO - Sync 1 DAGs
[2026-05-05T00:43:11.813+0000] {logging_mixin.py:188} INFO - [2026-05-05T00:43:11.813+0000] {dag.py:3823} INFO - Setting next_dagrun for etl_ecommerce to 2026-05-05 00:00:00+00:00, run_after=2026-05-06 00:00:00+00:00
[2026-05-05T00:43:11.840+0000] {processor.py:183} INFO - Processing /opt/airflow/dags/etl_ecommerce.py took 0.142 seconds
[2026-05-05T00:43:41.173+0000] {processor.py:161} INFO - Started process (PID=789) to work on /opt/airflow/dags/etl_ecommerce.py
[2026-05-05T00:43:41.175+0000] {processor.py:830} INFO - Processing file /opt/airflow/dags/etl_ecommerce.py for tasks to queue
[2026-05-05T00:43:41.176+0000] {logging_mixin.py:188} INFO - [2026-05-05T00:43:41.176+0000] {dagbag.py:538} INFO - Filling up the DagBag from /opt/airflow/dags/etl_ecommerce.py
[2026-05-05T00:43:41.260+0000] {processor.py:840} INFO - DAG(s) 'etl_ecommerce' retrieved from /opt/airflow/dags/etl_ecommerce.py
[2026-05-05T00:43:41.401+0000] {logging_mixin.py:188} INFO - [2026-05-05T00:43:41.400+0000] {dag.py:3036} INFO - Sync 1 DAGs
[2026-05-05T00:43:41.422+0000] {logging_mixin.py:188} INFO - [2026-05-05T00:43:41.421+0000] {dag.py:3823} INFO - Setting next_dagrun for etl_ecommerce to 2026-05-05 00:00:00+00:00, run_after=2026-05-06 00:00:00+00:00
[2026-05-05T00:43:41.445+0000] {processor.py:183} INFO - Processing /opt/airflow/dags/etl_ecommerce.py took 0.277 seconds
[2026-05-05T00:44:11.758+0000] {processor.py:161} INFO - Started process (PID=799) to work on /opt/airflow/dags/etl_ecommerce.py
[2026-05-05T00:44:11.761+0000] {processor.py:830} INFO - Processing file /opt/airflow/dags/etl_ecommerce.py for tasks to queue
[2026-05-05T00:44:11.762+0000] {logging_mixin.py:188} INFO - [2026-05-05T00:44:11.762+0000] {dagbag.py:538} INFO - Filling up the DagBag from /opt/airflow/dags/etl_ecommerce.py
[2026-05-05T00:44:11.802+0000] {processor.py:840} INFO - DAG(s) 'etl_ecommerce' retrieved from /opt/airflow/dags/etl_ecommerce.py
[2026-05-05T00:44:11.822+0000] {logging_mixin.py:188} INFO - [2026-05-05T00:44:11.822+0000] {dag.py:3036} INFO - Sync 1 DAGs
[2026-05-05T00:44:11.853+0000] {logging_mixin.py:188} INFO - [2026-05-05T00:44:11.853+0000] {dag.py:3823} INFO - Setting next_dagrun for etl_ecommerce to 2026-05-05 00:00:00+00:00, run_after=2026-05-06 00:00:00+00:00
[2026-05-05T00:44:11.883+0000] {processor.py:183} INFO - Processing /opt/airflow/dags/etl_ecommerce.py took 0.130 seconds
[2026-05-05T00:44:42.106+0000] {processor.py:161} INFO - Started process (PID=807) to work on /opt/airflow/dags/etl_ecommerce.py
[2026-05-05T00:44:42.108+0000] {processor.py:830} INFO - Processing file /opt/airflow/dags/etl_ecommerce.py for tasks to queue
[2026-05-05T00:44:42.109+0000] {logging_mixin.py:188} INFO - [2026-05-05T00:44:42.109+0000] {dagbag.py:538} INFO - Filling up the DagBag from /opt/airflow/dags/etl_ecommerce.py
[2026-05-05T00:44:42.143+0000] {processor.py:840} INFO - DAG(s) 'etl_ecommerce' retrieved from /opt/airflow/dags/etl_ecommerce.py
[2026-05-05T00:44:42.261+0000] {logging_mixin.py:188} INFO - [2026-05-05T00:44:42.261+0000] {dag.py:3036} INFO - Sync 1 DAGs
[2026-05-05T00:44:42.281+0000] {logging_mixin.py:188} INFO - [2026-05-05T00:44:42.281+0000] {dag.py:3823} INFO - Setting next_dagrun for etl_ecommerce to 2026-05-05 00:00:00+00:00, run_after=2026-05-06 00:00:00+00:00
[2026-05-05T00:44:42.301+0000] {processor.py:183} INFO - Processing /opt/airflow/dags/etl_ecommerce.py took 0.201 seconds
[2026-05-05T00:45:12.610+0000] {processor.py:161} INFO - Started process (PID=812) to work on /opt/airflow/dags/etl_ecommerce.py
[2026-05-05T00:45:12.613+0000] {processor.py:830} INFO - Processing file /opt/airflow/dags/etl_ecommerce.py for tasks to queue
[2026-05-05T00:45:12.614+0000] {logging_mixin.py:188} INFO - [2026-05-05T00:45:12.614+0000] {dagbag.py:538} INFO - Filling up the DagBag from /opt/airflow/dags/etl_ecommerce.py
[2026-05-05T00:45:12.651+0000] {processor.py:840} INFO - DAG(s) 'etl_ecommerce' retrieved from /opt/airflow/dags/etl_ecommerce.py
[2026-05-05T00:45:12.685+0000] {logging_mixin.py:188} INFO - [2026-05-05T00:45:12.685+0000] {dag.py:3036} INFO - Sync 1 DAGs
[2026-05-05T00:45:12.712+0000] {logging_mixin.py:188} INFO - [2026-05-05T00:45:12.712+0000] {dag.py:3823} INFO - Setting next_dagrun for etl_ecommerce to 2026-05-05 00:00:00+00:00, run_after=2026-05-06 00:00:00+00:00
[2026-05-05T00:45:12.734+0000] {processor.py:183} INFO - Processing /opt/airflow/dags/etl_ecommerce.py took 0.130 seconds
[2026-05-05T00:45:42.971+0000] {processor.py:161} INFO - Started process (PID=817) to work on /opt/airflow/dags/etl_ecommerce.py
[2026-05-05T00:45:42.972+0000] {processor.py:830} INFO - Processing file /opt/airflow/dags/etl_ecommerce.py for tasks to queue
[2026-05-05T00:45:42.974+0000] {logging_mixin.py:188} INFO - [2026-05-05T00:45:42.974+0000] {dagbag.py:538} INFO - Filling up the DagBag from /opt/airflow/dags/etl_ecommerce.py
[2026-05-05T00:45:43.010+0000] {processor.py:840} INFO - DAG(s) 'etl_ecommerce' retrieved from /opt/airflow/dags/etl_ecommerce.py
[2026-05-05T00:45:43.044+0000] {logging_mixin.py:188} INFO - [2026-05-05T00:45:43.044+0000] {dag.py:3036} INFO - Sync 1 DAGs
[2026-05-05T00:45:43.069+0000] {logging_mixin.py:188} INFO - [2026-05-05T00:45:43.068+0000] {dag.py:3823} INFO - Setting next_dagrun for etl_ecommerce to 2026-05-05 00:00:00+00:00, run_after=2026-05-06 00:00:00+00:00
[2026-05-05T00:45:43.089+0000] {processor.py:183} INFO - Processing /opt/airflow/dags/etl_ecommerce.py took 0.125 seconds
[2026-05-05T00:46:13.399+0000] {processor.py:161} INFO - Started process (PID=822) to work on /opt/airflow/dags/etl_ecommerce.py
[2026-05-05T00:46:13.402+0000] {processor.py:830} INFO - Processing file /opt/airflow/dags/etl_ecommerce.py for tasks to queue
[2026-05-05T00:46:13.404+0000] {logging_mixin.py:188} INFO - [2026-05-05T00:46:13.404+0000] {dagbag.py:538} INFO - Filling up the DagBag from /opt/airflow/dags/etl_ecommerce.py
[2026-05-05T00:46:13.447+0000] {processor.py:840} INFO - DAG(s) 'etl_ecommerce' retrieved from /opt/airflow/dags/etl_ecommerce.py
[2026-05-05T00:46:13.490+0000] {logging_mixin.py:188} INFO - [2026-05-05T00:46:13.490+0000] {dag.py:3036} INFO - Sync 1 DAGs
[2026-05-05T00:46:13.521+0000] {logging_mixin.py:188} INFO - [2026-05-05T00:46:13.520+0000] {dag.py:3823} INFO - Setting next_dagrun for etl_ecommerce to 2026-05-05 00:00:00+00:00, run_after=2026-05-06 00:00:00+00:00
[2026-05-05T00:46:13.542+0000] {processor.py:183} INFO - Processing /opt/airflow/dags/etl_ecommerce.py took 0.150 seconds
[2026-05-05T00:46:43.828+0000] {processor.py:161} INFO - Started process (PID=827) to work on /opt/airflow/dags/etl_ecommerce.py
[2026-05-05T00:46:43.829+0000] {processor.py:830} INFO - Processing file /opt/airflow/dags/etl_ecommerce.py for tasks to queue
[2026-05-05T00:46:43.831+0000] {logging_mixin.py:188} INFO - [2026-05-05T00:46:43.831+0000] {dagbag.py:538} INFO - Filling up the DagBag from /opt/airflow/dags/etl_ecommerce.py
[2026-05-05T00:46:43.862+0000] {processor.py:840} INFO - DAG(s) 'etl_ecommerce' retrieved from /opt/airflow/dags/etl_ecommerce.py
[2026-05-05T00:46:43.895+0000] {logging_mixin.py:188} INFO - [2026-05-05T00:46:43.895+0000] {dag.py:3036} INFO - Sync 1 DAGs
[2026-05-05T00:46:43.923+0000] {logging_mixin.py:188} INFO - [2026-05-05T00:46:43.923+0000] {dag.py:3823} INFO - Setting next_dagrun for etl_ecommerce to 2026-05-05 00:00:00+00:00, run_after=2026-05-06 00:00:00+00:00
[2026-05-05T00:46:43.944+0000] {processor.py:183} INFO - Processing /opt/airflow/dags/etl_ecommerce.py took 0.122 seconds
[2026-05-05T00:47:14.192+0000] {processor.py:161} INFO - Started process (PID=832) to work on /opt/airflow/dags/etl_ecommerce.py
[2026-05-05T00:47:14.194+0000] {processor.py:830} INFO - Processing file /opt/airflow/dags/etl_ecommerce.py for tasks to queue
[2026-05-05T00:47:14.195+0000] {logging_mixin.py:188} INFO - [2026-05-05T00:47:14.195+0000] {dagbag.py:538} INFO - Filling up the DagBag from /opt/airflow/dags/etl_ecommerce.py
[2026-05-05T00:47:14.231+0000] {processor.py:840} INFO - DAG(s) 'etl_ecommerce' retrieved from /opt/airflow/dags/etl_ecommerce.py
[2026-05-05T00:47:14.268+0000] {logging_mixin.py:188} INFO - [2026-05-05T00:47:14.268+0000] {dag.py:3036} INFO - Sync 1 DAGs
[2026-05-05T00:47:14.295+0000] {logging_mixin.py:188} INFO - [2026-05-05T00:47:14.294+0000] {dag.py:3823} INFO - Setting next_dagrun for etl_ecommerce to 2026-05-05 00:00:00+00:00, run_after=2026-05-06 00:00:00+00:00
[2026-05-05T00:47:14.318+0000] {processor.py:183} INFO - Processing /opt/airflow/dags/etl_ecommerce.py took 0.131 seconds
[2026-05-05T00:47:44.609+0000] {processor.py:161} INFO - Started process (PID=842) to work on /opt/airflow/dags/etl_ecommerce.py
[2026-05-05T00:47:44.611+0000] {processor.py:830} INFO - Processing file /opt/airflow/dags/etl_ecommerce.py for tasks to queue
[2026-05-05T00:47:44.613+0000] {logging_mixin.py:188} INFO - [2026-05-05T00:47:44.612+0000] {dagbag.py:538} INFO - Filling up the DagBag from /opt/airflow/dags/etl_ecommerce.py
[2026-05-05T00:47:44.650+0000] {processor.py:840} INFO - DAG(s) 'etl_ecommerce' retrieved from /opt/airflow/dags/etl_ecommerce.py
[2026-05-05T00:47:44.692+0000] {logging_mixin.py:188} INFO - [2026-05-05T00:47:44.691+0000] {dag.py:3036} INFO - Sync 1 DAGs
[2026-05-05T00:47:44.728+0000] {logging_mixin.py:188} INFO - [2026-05-05T00:47:44.727+0000] {dag.py:3823} INFO - Setting next_dagrun for etl_ecommerce to 2026-05-05 00:00:00+00:00, run_after=2026-05-06 00:00:00+00:00
[2026-05-05T00:47:44.752+0000] {processor.py:183} INFO - Processing /opt/airflow/dags/etl_ecommerce.py took 0.148 seconds
[2026-05-05T00:48:15.019+0000] {processor.py:161} INFO - Started process (PID=847) to work on /opt/airflow/dags/etl_ecommerce.py
[2026-05-05T00:48:15.021+0000] {processor.py:830} INFO - Processing file /opt/airflow/dags/etl_ecommerce.py for tasks to queue
[2026-05-05T00:48:15.022+0000] {logging_mixin.py:188} INFO - [2026-05-05T00:48:15.022+0000] {dagbag.py:538} INFO - Filling up the DagBag from /opt/airflow/dags/etl_ecommerce.py
[2026-05-05T00:48:15.057+0000] {processor.py:840} INFO - DAG(s) 'etl_ecommerce' retrieved from /opt/airflow/dags/etl_ecommerce.py
[2026-05-05T00:48:15.090+0000] {logging_mixin.py:188} INFO - [2026-05-05T00:48:15.089+0000] {dag.py:3036} INFO - Sync 1 DAGs
[2026-05-05T00:48:15.116+0000] {logging_mixin.py:188} INFO - [2026-05-05T00:48:15.116+0000] {dag.py:3823} INFO - Setting next_dagrun for etl_ecommerce to 2026-05-05 00:00:00+00:00, run_after=2026-05-06 00:00:00+00:00
[2026-05-05T00:48:15.137+0000] {processor.py:183} INFO - Processing /opt/airflow/dags/etl_ecommerce.py took 0.125 seconds
[2026-05-05T00:48:45.426+0000] {processor.py:161} INFO - Started process (PID=852) to work on /opt/airflow/dags/etl_ecommerce.py
[2026-05-05T00:48:45.427+0000] {processor.py:830} INFO - Processing file /opt/airflow/dags/etl_ecommerce.py for tasks to queue
[2026-05-05T00:48:45.429+0000] {logging_mixin.py:188} INFO - [2026-05-05T00:48:45.428+0000] {dagbag.py:538} INFO - Filling up the DagBag from /opt/airflow/dags/etl_ecommerce.py
[2026-05-05T00:48:45.463+0000] {processor.py:840} INFO - DAG(s) 'etl_ecommerce' retrieved from /opt/airflow/dags/etl_ecommerce.py
[2026-05-05T00:48:45.497+0000] {logging_mixin.py:188} INFO - [2026-05-05T00:48:45.497+0000] {dag.py:3036} INFO - Sync 1 DAGs
[2026-05-05T00:48:45.523+0000] {logging_mixin.py:188} INFO - [2026-05-05T00:48:45.523+0000] {dag.py:3823} INFO - Setting next_dagrun for etl_ecommerce to 2026-05-05 00:00:00+00:00, run_after=2026-05-06 00:00:00+00:00
[2026-05-05T00:48:45.546+0000] {processor.py:183} INFO - Processing /opt/airflow/dags/etl_ecommerce.py took 0.126 seconds
[2026-05-05T00:49:15.787+0000] {processor.py:161} INFO - Started process (PID=860) to work on /opt/airflow/dags/etl_ecommerce.py
[2026-05-05T00:49:15.789+0000] {processor.py:830} INFO - Processing file /opt/airflow/dags/etl_ecommerce.py for tasks to queue
[2026-05-05T00:49:15.790+0000] {logging_mixin.py:188} INFO - [2026-05-05T00:49:15.790+0000] {dagbag.py:538} INFO - Filling up the DagBag from /opt/airflow/dags/etl_ecommerce.py
[2026-05-05T00:49:15.821+0000] {processor.py:840} INFO - DAG(s) 'etl_ecommerce' retrieved from /opt/airflow/dags/etl_ecommerce.py
[2026-05-05T00:49:15.871+0000] {logging_mixin.py:188} INFO - [2026-05-05T00:49:15.870+0000] {dag.py:3036} INFO - Sync 1 DAGs
[2026-05-05T00:49:15.914+0000] {logging_mixin.py:188} INFO - [2026-05-05T00:49:15.914+0000] {dag.py:3823} INFO - Setting next_dagrun for etl_ecommerce to 2026-05-05 00:00:00+00:00, run_after=2026-05-06 00:00:00+00:00
[2026-05-05T00:49:15.938+0000] {processor.py:183} INFO - Processing /opt/airflow/dags/etl_ecommerce.py took 0.156 seconds
[2026-05-05T00:49:46.254+0000] {processor.py:161} INFO - Started process (PID=868) to work on /opt/airflow/dags/etl_ecommerce.py
[2026-05-05T00:49:46.256+0000] {processor.py:830} INFO - Processing file /opt/airflow/dags/etl_ecommerce.py for tasks to queue
[2026-05-05T00:49:46.257+0000] {logging_mixin.py:188} INFO - [2026-05-05T00:49:46.257+0000] {dagbag.py:538} INFO - Filling up the DagBag from /opt/airflow/dags/etl_ecommerce.py
[2026-05-05T00:49:46.288+0000] {processor.py:840} INFO - DAG(s) 'etl_ecommerce' retrieved from /opt/airflow/dags/etl_ecommerce.py
[2026-05-05T00:49:46.324+0000] {logging_mixin.py:188} INFO - [2026-05-05T00:49:46.323+0000] {dag.py:3036} INFO - Sync 1 DAGs
[2026-05-05T00:49:46.354+0000] {logging_mixin.py:188} INFO - [2026-05-05T00:49:46.353+0000] {dag.py:3823} INFO - Setting next_dagrun for etl_ecommerce to 2026-05-05 00:00:00+00:00, run_after=2026-05-06 00:00:00+00:00
[2026-05-05T00:49:46.376+0000] {processor.py:183} INFO - Processing /opt/airflow/dags/etl_ecommerce.py took 0.127 seconds
[2026-05-05T00:50:16.614+0000] {processor.py:161} INFO - Started process (PID=873) to work on /opt/airflow/dags/etl_ecommerce.py
[2026-05-05T00:50:16.617+0000] {processor.py:830} INFO - Processing file /opt/airflow/dags/etl_ecommerce.py for tasks to queue
[2026-05-05T00:50:16.619+0000] {logging_mixin.py:188} INFO - [2026-05-05T00:50:16.619+0000] {dagbag.py:538} INFO - Filling up the DagBag from /opt/airflow/dags/etl_ecommerce.py
[2026-05-05T00:50:16.656+0000] {processor.py:840} INFO - DAG(s) 'etl_ecommerce' retrieved from /opt/airflow/dags/etl_ecommerce.py
[2026-05-05T00:50:16.777+0000] {logging_mixin.py:188} INFO - [2026-05-05T00:50:16.777+0000] {dag.py:3036} INFO - Sync 1 DAGs
[2026-05-05T00:50:16.806+0000] {logging_mixin.py:188} INFO - [2026-05-05T00:50:16.806+0000] {dag.py:3823} INFO - Setting next_dagrun for etl_ecommerce to 2026-05-05 00:00:00+00:00, run_after=2026-05-06 00:00:00+00:00
[2026-05-05T00:50:16.830+0000] {processor.py:183} INFO - Processing /opt/airflow/dags/etl_ecommerce.py took 0.145 seconds
[2026-05-05T00:50:47.184+0000] {processor.py:161} INFO - Started process (PID=878) to work on /opt/airflow/dags/etl_ecommerce.py
[2026-05-05T00:50:47.186+0000] {processor.py:830} INFO - Processing file /opt/airflow/dags/etl_ecommerce.py for tasks to queue
[2026-05-05T00:50:47.187+0000] {logging_mixin.py:188} INFO - [2026-05-05T00:50:47.187+0000] {dagbag.py:538} INFO - Filling up the DagBag from /opt/airflow/dags/etl_ecommerce.py
[2026-05-05T00:50:47.220+0000] {processor.py:840} INFO - DAG(s) 'etl_ecommerce' retrieved from /opt/airflow/dags/etl_ecommerce.py
[2026-05-05T00:50:47.254+0000] {logging_mixin.py:188} INFO - [2026-05-05T00:50:47.253+0000] {dag.py:3036} INFO - Sync 1 DAGs
[2026-05-05T00:50:47.278+0000] {logging_mixin.py:188} INFO - [2026-05-05T00:50:47.278+0000] {dag.py:3823} INFO - Setting next_dagrun for etl_ecommerce to 2026-05-05 00:00:00+00:00, run_after=2026-05-06 00:00:00+00:00
[2026-05-05T00:50:47.299+0000] {processor.py:183} INFO - Processing /opt/airflow/dags/etl_ecommerce.py took 0.119 seconds
[2026-05-05T00:51:17.502+0000] {processor.py:161} INFO - Started process (PID=883) to work on /opt/airflow/dags/etl_ecommerce.py
[2026-05-05T00:51:17.504+0000] {processor.py:830} INFO - Processing file /opt/airflow/dags/etl_ecommerce.py for tasks to queue
[2026-05-05T00:51:17.506+0000] {logging_mixin.py:188} INFO - [2026-05-05T00:51:17.505+0000] {dagbag.py:538} INFO - Filling up the DagBag from /opt/airflow/dags/etl_ecommerce.py
[2026-05-05T00:51:17.541+0000] {processor.py:840} INFO - DAG(s) 'etl_ecommerce' retrieved from /opt/airflow/dags/etl_ecommerce.py
[2026-05-05T00:51:17.578+0000] {logging_mixin.py:188} INFO - [2026-05-05T00:51:17.577+0000] {dag.py:3036} INFO - Sync 1 DAGs
[2026-05-05T00:51:17.604+0000] {logging_mixin.py:188} INFO - [2026-05-05T00:51:17.603+0000] {dag.py:3823} INFO - Setting next_dagrun for etl_ecommerce to 2026-05-05 00:00:00+00:00, run_after=2026-05-06 00:00:00+00:00
[2026-05-05T00:51:17.626+0000] {processor.py:183} INFO - Processing /opt/airflow/dags/etl_ecommerce.py took 0.130 seconds
[2026-05-05T00:51:47.976+0000] {processor.py:161} INFO - Started process (PID=888) to work on /opt/airflow/dags/etl_ecommerce.py
[2026-05-05T00:51:47.979+0000] {processor.py:830} INFO - Processing file /opt/airflow/dags/etl_ecommerce.py for tasks to queue
[2026-05-05T00:51:47.981+0000] {logging_mixin.py:188} INFO - [2026-05-05T00:51:47.981+0000] {dagbag.py:538} INFO - Filling up the DagBag from /opt/airflow/dags/etl_ecommerce.py
[2026-05-05T00:51:48.017+0000] {processor.py:840} INFO - DAG(s) 'etl_ecommerce' retrieved from /opt/airflow/dags/etl_ecommerce.py
[2026-05-05T00:51:48.051+0000] {logging_mixin.py:188} INFO - [2026-05-05T00:51:48.050+0000] {dag.py:3036} INFO - Sync 1 DAGs
[2026-05-05T00:51:48.076+0000] {logging_mixin.py:188} INFO - [2026-05-05T00:51:48.076+0000] {dag.py:3823} INFO - Setting next_dagrun for etl_ecommerce to 2026-05-05 00:00:00+00:00, run_after=2026-05-06 00:00:00+00:00
[2026-05-05T00:51:48.097+0000] {processor.py:183} INFO - Processing /opt/airflow/dags/etl_ecommerce.py took 0.125 seconds
[2026-05-05T00:52:18.308+0000] {processor.py:161} INFO - Started process (PID=893) to work on /opt/airflow/dags/etl_ecommerce.py
[2026-05-05T00:52:18.311+0000] {processor.py:830} INFO - Processing file /opt/airflow/dags/etl_ecommerce.py for tasks to queue
[2026-05-05T00:52:18.313+0000] {logging_mixin.py:188} INFO - [2026-05-05T00:52:18.312+0000] {dagbag.py:538} INFO - Filling up the DagBag from /opt/airflow/dags/etl_ecommerce.py
[2026-05-05T00:52:18.350+0000] {processor.py:840} INFO - DAG(s) 'etl_ecommerce' retrieved from /opt/airflow/dags/etl_ecommerce.py
[2026-05-05T00:52:18.405+0000] {logging_mixin.py:188} INFO - [2026-05-05T00:52:18.404+0000] {dag.py:3036} INFO - Sync 1 DAGs
[2026-05-05T00:52:18.440+0000] {logging_mixin.py:188} INFO - [2026-05-05T00:52:18.440+0000] {dag.py:3823} INFO - Setting next_dagrun for etl_ecommerce to 2026-05-05 00:00:00+00:00, run_after=2026-05-06 00:00:00+00:00
[2026-05-05T00:52:18.464+0000] {processor.py:183} INFO - Processing /opt/airflow/dags/etl_ecommerce.py took 0.162 seconds
[2026-05-05T00:52:48.753+0000] {processor.py:161} INFO - Started process (PID=898) to work on /opt/airflow/dags/etl_ecommerce.py
[2026-05-05T00:52:48.755+0000] {processor.py:830} INFO - Processing file /opt/airflow/dags/etl_ecommerce.py for tasks to queue
[2026-05-05T00:52:48.757+0000] {logging_mixin.py:188} INFO - [2026-05-05T00:52:48.757+0000] {dagbag.py:538} INFO - Filling up the DagBag from /opt/airflow/dags/etl_ecommerce.py
[2026-05-05T00:52:48.794+0000] {processor.py:840} INFO - DAG(s) 'etl_ecommerce' retrieved from /opt/airflow/dags/etl_ecommerce.py
[2026-05-05T00:52:48.829+0000] {logging_mixin.py:188} INFO - [2026-05-05T00:52:48.828+0000] {dag.py:3036} INFO - Sync 1 DAGs
[2026-05-05T00:52:48.855+0000] {logging_mixin.py:188} INFO - [2026-05-05T00:52:48.855+0000] {dag.py:3823} INFO - Setting next_dagrun for etl_ecommerce to 2026-05-05 00:00:00+00:00, run_after=2026-05-06 00:00:00+00:00
[2026-05-05T00:52:48.877+0000] {processor.py:183} INFO - Processing /opt/airflow/dags/etl_ecommerce.py took 0.130 seconds
[2026-05-05T00:53:19.115+0000] {processor.py:161} INFO - Started process (PID=905) to work on /opt/airflow/dags/etl_ecommerce.py
[2026-05-05T00:53:19.118+0000] {processor.py:830} INFO - Processing file /opt/airflow/dags/etl_ecommerce.py for tasks to queue
[2026-05-05T00:53:19.120+0000] {logging_mixin.py:188} INFO - [2026-05-05T00:53:19.120+0000] {dagbag.py:538} INFO - Filling up the DagBag from /opt/airflow/dags/etl_ecommerce.py
[2026-05-05T00:53:19.156+0000] {processor.py:840} INFO - DAG(s) 'etl_ecommerce' retrieved from /opt/airflow/dags/etl_ecommerce.py
[2026-05-05T00:53:19.203+0000] {logging_mixin.py:188} INFO - [2026-05-05T00:53:19.203+0000] {dag.py:3036} INFO - Sync 1 DAGs
[2026-05-05T00:53:19.239+0000] {logging_mixin.py:188} INFO - [2026-05-05T00:53:19.238+0000] {dag.py:3823} INFO - Setting next_dagrun for etl_ecommerce to 2026-05-05 00:00:00+00:00, run_after=2026-05-06 00:00:00+00:00
[2026-05-05T00:53:19.267+0000] {processor.py:183} INFO - Processing /opt/airflow/dags/etl_ecommerce.py took 0.158 seconds
[2026-05-05T00:53:49.508+0000] {processor.py:161} INFO - Started process (PID=913) to work on /opt/airflow/dags/etl_ecommerce.py
[2026-05-05T00:53:49.510+0000] {processor.py:830} INFO - Processing file /opt/airflow/dags/etl_ecommerce.py for tasks to queue
[2026-05-05T00:53:49.511+0000] {logging_mixin.py:188} INFO - [2026-05-05T00:53:49.511+0000] {dagbag.py:538} INFO - Filling up the DagBag from /opt/airflow/dags/etl_ecommerce.py
[2026-05-05T00:53:49.544+0000] {processor.py:840} INFO - DAG(s) 'etl_ecommerce' retrieved from /opt/airflow/dags/etl_ecommerce.py
[2026-05-05T00:53:49.577+0000] {logging_mixin.py:188} INFO - [2026-05-05T00:53:49.577+0000] {dag.py:3036} INFO - Sync 1 DAGs
[2026-05-05T00:53:49.602+0000] {logging_mixin.py:188} INFO - [2026-05-05T00:53:49.602+0000] {dag.py:3823} INFO - Setting next_dagrun for etl_ecommerce to 2026-05-05 00:00:00+00:00, run_after=2026-05-06 00:00:00+00:00
[2026-05-05T00:53:49.623+0000] {processor.py:183} INFO - Processing /opt/airflow/dags/etl_ecommerce.py took 0.121 seconds
[2026-05-05T00:54:19.872+0000] {processor.py:161} INFO - Started process (PID=918) to work on /opt/airflow/dags/etl_ecommerce.py
[2026-05-05T00:54:19.875+0000] {processor.py:830} INFO - Processing file /opt/airflow/dags/etl_ecommerce.py for tasks to queue
[2026-05-05T00:54:19.877+0000] {logging_mixin.py:188} INFO - [2026-05-05T00:54:19.876+0000] {dagbag.py:538} INFO - Filling up the DagBag from /opt/airflow/dags/etl_ecommerce.py
[2026-05-05T00:54:19.919+0000] {processor.py:840} INFO - DAG(s) 'etl_ecommerce' retrieved from /opt/airflow/dags/etl_ecommerce.py
[2026-05-05T00:54:19.976+0000] {logging_mixin.py:188} INFO - [2026-05-05T00:54:19.976+0000] {dag.py:3036} INFO - Sync 1 DAGs
[2026-05-05T00:54:20.013+0000] {logging_mixin.py:188} INFO - [2026-05-05T00:54:20.013+0000] {dag.py:3823} INFO - Setting next_dagrun for etl_ecommerce to 2026-05-05 00:00:00+00:00, run_after=2026-05-06 00:00:00+00:00
[2026-05-05T00:54:20.043+0000] {processor.py:183} INFO - Processing /opt/airflow/dags/etl_ecommerce.py took 0.177 seconds
[2026-05-05T00:54:50.228+0000] {processor.py:161} INFO - Started process (PID=923) to work on /opt/airflow/dags/etl_ecommerce.py
[2026-05-05T00:54:50.230+0000] {processor.py:830} INFO - Processing file /opt/airflow/dags/etl_ecommerce.py for tasks to queue
[2026-05-05T00:54:50.233+0000] {logging_mixin.py:188} INFO - [2026-05-05T00:54:50.232+0000] {dagbag.py:538} INFO - Filling up the DagBag from /opt/airflow/dags/etl_ecommerce.py
[2026-05-05T00:54:50.265+0000] {processor.py:840} INFO - DAG(s) 'etl_ecommerce' retrieved from /opt/airflow/dags/etl_ecommerce.py
[2026-05-05T00:54:50.304+0000] {logging_mixin.py:188} INFO - [2026-05-05T00:54:50.304+0000] {dag.py:3036} INFO - Sync 1 DAGs
[2026-05-05T00:54:50.333+0000] {logging_mixin.py:188} INFO - [2026-05-05T00:54:50.333+0000] {dag.py:3823} INFO - Setting next_dagrun for etl_ecommerce to 2026-05-05 00:00:00+00:00, run_after=2026-05-06 00:00:00+00:00
[2026-05-05T00:54:50.358+0000] {processor.py:183} INFO - Processing /opt/airflow/dags/etl_ecommerce.py took 0.136 seconds
[2026-05-05T00:55:14.412+0000] {processor.py:161} INFO - Started process (PID=928) to work on /opt/airflow/dags/etl_ecommerce.py
[2026-05-05T00:55:14.415+0000] {processor.py:830} INFO - Processing file /opt/airflow/dags/etl_ecommerce.py for tasks to queue
[2026-05-05T00:55:14.416+0000] {logging_mixin.py:188} INFO - [2026-05-05T00:55:14.416+0000] {dagbag.py:538} INFO - Filling up the DagBag from /opt/airflow/dags/etl_ecommerce.py
[2026-05-05T00:55:14.473+0000] {processor.py:840} INFO - DAG(s) 'etl_ecommerce' retrieved from /opt/airflow/dags/etl_ecommerce.py
[2026-05-05T00:55:14.514+0000] {logging_mixin.py:188} INFO - [2026-05-05T00:55:14.514+0000] {dag.py:3036} INFO - Sync 1 DAGs
[2026-05-05T00:55:14.548+0000] {logging_mixin.py:188} INFO - [2026-05-05T00:55:14.547+0000] {dag.py:3823} INFO - Setting next_dagrun for etl_ecommerce to 2026-05-05 00:00:00+00:00, run_after=2026-05-06 00:00:00+00:00
[2026-05-05T00:55:14.575+0000] {processor.py:183} INFO - Processing /opt/airflow/dags/etl_ecommerce.py took 0.168 seconds
[2026-05-05T00:55:44.871+0000] {processor.py:161} INFO - Started process (PID=933) to work on /opt/airflow/dags/etl_ecommerce.py
[2026-05-05T00:55:44.874+0000] {processor.py:830} INFO - Processing file /opt/airflow/dags/etl_ecommerce.py for tasks to queue
[2026-05-05T00:55:44.876+0000] {logging_mixin.py:188} INFO - [2026-05-05T00:55:44.875+0000] {dagbag.py:538} INFO - Filling up the DagBag from /opt/airflow/dags/etl_ecommerce.py
[2026-05-05T00:55:44.964+0000] {processor.py:840} INFO - DAG(s) 'etl_ecommerce' retrieved from /opt/airflow/dags/etl_ecommerce.py
[2026-05-05T00:55:45.042+0000] {logging_mixin.py:188} INFO - [2026-05-05T00:55:45.042+0000] {dag.py:3036} INFO - Sync 1 DAGs
[2026-05-05T00:55:45.076+0000] {logging_mixin.py:188} INFO - [2026-05-05T00:55:45.076+0000] {dag.py:3823} INFO - Setting next_dagrun for etl_ecommerce to 2026-05-05 00:00:00+00:00, run_after=2026-05-06 00:00:00+00:00
[2026-05-05T00:55:45.105+0000] {processor.py:183} INFO - Processing /opt/airflow/dags/etl_ecommerce.py took 0.240 seconds
[2026-05-05T00:56:15.190+0000] {processor.py:161} INFO - Started process (PID=945) to work on /opt/airflow/dags/etl_ecommerce.py
[2026-05-05T00:56:15.192+0000] {processor.py:830} INFO - Processing file /opt/airflow/dags/etl_ecommerce.py for tasks to queue
[2026-05-05T00:56:15.193+0000] {logging_mixin.py:188} INFO - [2026-05-05T00:56:15.193+0000] {dagbag.py:538} INFO - Filling up the DagBag from /opt/airflow/dags/etl_ecommerce.py
[2026-05-05T00:56:15.238+0000] {processor.py:840} INFO - DAG(s) 'etl_ecommerce' retrieved from /opt/airflow/dags/etl_ecommerce.py
[2026-05-05T00:56:15.291+0000] {logging_mixin.py:188} INFO - [2026-05-05T00:56:15.291+0000] {dag.py:3036} INFO - Sync 1 DAGs
[2026-05-05T00:56:15.327+0000] {logging_mixin.py:188} INFO - [2026-05-05T00:56:15.327+0000] {dag.py:3823} INFO - Setting next_dagrun for etl_ecommerce to 2026-05-05 00:00:00+00:00, run_after=2026-05-06 00:00:00+00:00
[2026-05-05T00:56:15.353+0000] {processor.py:183} INFO - Processing /opt/airflow/dags/etl_ecommerce.py took 0.172 seconds
[2026-05-05T00:56:45.547+0000] {processor.py:161} INFO - Started process (PID=950) to work on /opt/airflow/dags/etl_ecommerce.py
[2026-05-05T00:56:45.552+0000] {processor.py:830} INFO - Processing file /opt/airflow/dags/etl_ecommerce.py for tasks to queue
[2026-05-05T00:56:45.554+0000] {logging_mixin.py:188} INFO - [2026-05-05T00:56:45.553+0000] {dagbag.py:538} INFO - Filling up the DagBag from /opt/airflow/dags/etl_ecommerce.py
[2026-05-05T00:56:45.596+0000] {processor.py:840} INFO - DAG(s) 'etl_ecommerce' retrieved from /opt/airflow/dags/etl_ecommerce.py
[2026-05-05T00:56:45.647+0000] {logging_mixin.py:188} INFO - [2026-05-05T00:56:45.647+0000] {dag.py:3036} INFO - Sync 1 DAGs
[2026-05-05T00:56:45.680+0000] {logging_mixin.py:188} INFO - [2026-05-05T00:56:45.680+0000] {dag.py:3823} INFO - Setting next_dagrun for etl_ecommerce to 2026-05-04 00:00:00+00:00, run_after=2026-05-05 00:00:00+00:00
[2026-05-05T00:56:45.707+0000] {processor.py:183} INFO - Processing /opt/airflow/dags/etl_ecommerce.py took 0.169 seconds
[2026-05-05T00:57:15.990+0000] {processor.py:161} INFO - Started process (PID=969) to work on /opt/airflow/dags/etl_ecommerce.py
[2026-05-05T00:57:15.991+0000] {processor.py:830} INFO - Processing file /opt/airflow/dags/etl_ecommerce.py for tasks to queue
[2026-05-05T00:57:15.993+0000] {logging_mixin.py:188} INFO - [2026-05-05T00:57:15.992+0000] {dagbag.py:538} INFO - Filling up the DagBag from /opt/airflow/dags/etl_ecommerce.py
[2026-05-05T00:57:16.022+0000] {processor.py:840} INFO - DAG(s) 'etl_ecommerce' retrieved from /opt/airflow/dags/etl_ecommerce.py
[2026-05-05T00:57:16.050+0000] {logging_mixin.py:188} INFO - [2026-05-05T00:57:16.050+0000] {dag.py:3036} INFO - Sync 1 DAGs
[2026-05-05T00:57:16.073+0000] {logging_mixin.py:188} INFO - [2026-05-05T00:57:16.072+0000] {dag.py:3823} INFO - Setting next_dagrun for etl_ecommerce to 2026-05-05 00:00:00+00:00, run_after=2026-05-06 00:00:00+00:00
[2026-05-05T00:57:16.092+0000] {processor.py:183} INFO - Processing /opt/airflow/dags/etl_ecommerce.py took 0.106 seconds
[2026-05-05T00:57:46.340+0000] {processor.py:161} INFO - Started process (PID=974) to work on /opt/airflow/dags/etl_ecommerce.py
[2026-05-05T00:57:46.343+0000] {processor.py:830} INFO - Processing file /opt/airflow/dags/etl_ecommerce.py for tasks to queue
[2026-05-05T00:57:46.344+0000] {logging_mixin.py:188} INFO - [2026-05-05T00:57:46.344+0000] {dagbag.py:538} INFO - Filling up the DagBag from /opt/airflow/dags/etl_ecommerce.py
[2026-05-05T00:57:46.379+0000] {processor.py:840} INFO - DAG(s) 'etl_ecommerce' retrieved from /opt/airflow/dags/etl_ecommerce.py
[2026-05-05T00:57:46.419+0000] {logging_mixin.py:188} INFO - [2026-05-05T00:57:46.419+0000] {dag.py:3036} INFO - Sync 1 DAGs
[2026-05-05T00:57:46.449+0000] {logging_mixin.py:188} INFO - [2026-05-05T00:57:46.448+0000] {dag.py:3823} INFO - Setting next_dagrun for etl_ecommerce to 2026-05-05 00:00:00+00:00, run_after=2026-05-06 00:00:00+00:00
[2026-05-05T00:57:46.472+0000] {processor.py:183} INFO - Processing /opt/airflow/dags/etl_ecommerce.py took 0.138 seconds
[2026-05-05T00:58:16.829+0000] {processor.py:161} INFO - Started process (PID=979) to work on /opt/airflow/dags/etl_ecommerce.py
[2026-05-05T00:58:16.831+0000] {processor.py:830} INFO - Processing file /opt/airflow/dags/etl_ecommerce.py for tasks to queue
[2026-05-05T00:58:16.832+0000] {logging_mixin.py:188} INFO - [2026-05-05T00:58:16.832+0000] {dagbag.py:538} INFO - Filling up the DagBag from /opt/airflow/dags/etl_ecommerce.py
[2026-05-05T00:58:16.867+0000] {processor.py:840} INFO - DAG(s) 'etl_ecommerce' retrieved from /opt/airflow/dags/etl_ecommerce.py
[2026-05-05T00:58:16.901+0000] {logging_mixin.py:188} INFO - [2026-05-05T00:58:16.901+0000] {dag.py:3036} INFO - Sync 1 DAGs
[2026-05-05T00:58:16.927+0000] {logging_mixin.py:188} INFO - [2026-05-05T00:58:16.927+0000] {dag.py:3823} INFO - Setting next_dagrun for etl_ecommerce to 2026-05-05 00:00:00+00:00, run_after=2026-05-06 00:00:00+00:00
[2026-05-05T00:58:16.949+0000] {processor.py:183} INFO - Processing /opt/airflow/dags/etl_ecommerce.py took 0.125 seconds
[2026-05-05T00:58:47.209+0000] {processor.py:161} INFO - Started process (PID=984) to work on /opt/airflow/dags/etl_ecommerce.py
[2026-05-05T00:58:47.211+0000] {processor.py:830} INFO - Processing file /opt/airflow/dags/etl_ecommerce.py for tasks to queue
[2026-05-05T00:58:47.212+0000] {logging_mixin.py:188} INFO - [2026-05-05T00:58:47.212+0000] {dagbag.py:538} INFO - Filling up the DagBag from /opt/airflow/dags/etl_ecommerce.py
[2026-05-05T00:58:47.242+0000] {processor.py:840} INFO - DAG(s) 'etl_ecommerce' retrieved from /opt/airflow/dags/etl_ecommerce.py
[2026-05-05T00:58:47.274+0000] {logging_mixin.py:188} INFO - [2026-05-05T00:58:47.274+0000] {dag.py:3036} INFO - Sync 1 DAGs
[2026-05-05T00:58:47.299+0000] {logging_mixin.py:188} INFO - [2026-05-05T00:58:47.298+0000] {dag.py:3823} INFO - Setting next_dagrun for etl_ecommerce to 2026-05-05 00:00:00+00:00, run_after=2026-05-06 00:00:00+00:00
[2026-05-05T00:58:47.320+0000] {processor.py:183} INFO - Processing /opt/airflow/dags/etl_ecommerce.py took 0.114 seconds
[2026-05-05T00:59:17.686+0000] {processor.py:161} INFO - Started process (PID=989) to work on /opt/airflow/dags/etl_ecommerce.py
[2026-05-05T00:59:17.688+0000] {processor.py:830} INFO - Processing file /opt/airflow/dags/etl_ecommerce.py for tasks to queue
[2026-05-05T00:59:17.689+0000] {logging_mixin.py:188} INFO - [2026-05-05T00:59:17.688+0000] {dagbag.py:538} INFO - Filling up the DagBag from /opt/airflow/dags/etl_ecommerce.py
[2026-05-05T00:59:17.721+0000] {processor.py:840} INFO - DAG(s) 'etl_ecommerce' retrieved from /opt/airflow/dags/etl_ecommerce.py
[2026-05-05T00:59:17.754+0000] {logging_mixin.py:188} INFO - [2026-05-05T00:59:17.754+0000] {dag.py:3036} INFO - Sync 1 DAGs
[2026-05-05T00:59:17.779+0000] {logging_mixin.py:188} INFO - [2026-05-05T00:59:17.779+0000] {dag.py:3823} INFO - Setting next_dagrun for etl_ecommerce to 2026-05-05 00:00:00+00:00, run_after=2026-05-06 00:00:00+00:00
[2026-05-05T00:59:17.800+0000] {processor.py:183} INFO - Processing /opt/airflow/dags/etl_ecommerce.py took 0.118 seconds
[2026-05-05T00:59:48.028+0000] {processor.py:161} INFO - Started process (PID=994) to work on /opt/airflow/dags/etl_ecommerce.py
[2026-05-05T00:59:48.030+0000] {processor.py:830} INFO - Processing file /opt/airflow/dags/etl_ecommerce.py for tasks to queue
[2026-05-05T00:59:48.031+0000] {logging_mixin.py:188} INFO - [2026-05-05T00:59:48.031+0000] {dagbag.py:538} INFO - Filling up the DagBag from /opt/airflow/dags/etl_ecommerce.py
[2026-05-05T00:59:48.065+0000] {processor.py:840} INFO - DAG(s) 'etl_ecommerce' retrieved from /opt/airflow/dags/etl_ecommerce.py
[2026-05-05T00:59:48.098+0000] {logging_mixin.py:188} INFO - [2026-05-05T00:59:48.098+0000] {dag.py:3036} INFO - Sync 1 DAGs
[2026-05-05T00:59:48.123+0000] {logging_mixin.py:188} INFO - [2026-05-05T00:59:48.122+0000] {dag.py:3823} INFO - Setting next_dagrun for etl_ecommerce to 2026-05-05 00:00:00+00:00, run_after=2026-05-06 00:00:00+00:00
[2026-05-05T00:59:48.144+0000] {processor.py:183} INFO - Processing /opt/airflow/dags/etl_ecommerce.py took 0.120 seconds
[2026-05-05T01:00:18.473+0000] {processor.py:161} INFO - Started process (PID=999) to work on /opt/airflow/dags/etl_ecommerce.py
[2026-05-05T01:00:18.475+0000] {processor.py:830} INFO - Processing file /opt/airflow/dags/etl_ecommerce.py for tasks to queue
[2026-05-05T01:00:18.476+0000] {logging_mixin.py:188} INFO - [2026-05-05T01:00:18.476+0000] {dagbag.py:538} INFO - Filling up the DagBag from /opt/airflow/dags/etl_ecommerce.py
[2026-05-05T01:00:18.510+0000] {processor.py:840} INFO - DAG(s) 'etl_ecommerce' retrieved from /opt/airflow/dags/etl_ecommerce.py
[2026-05-05T01:00:18.568+0000] {logging_mixin.py:188} INFO - [2026-05-05T01:00:18.567+0000] {dag.py:3036} INFO - Sync 1 DAGs
[2026-05-05T01:00:18.606+0000] {logging_mixin.py:188} INFO - [2026-05-05T01:00:18.606+0000] {dag.py:3823} INFO - Setting next_dagrun for etl_ecommerce to 2026-05-05 00:00:00+00:00, run_after=2026-05-06 00:00:00+00:00
[2026-05-05T01:00:18.632+0000] {processor.py:183} INFO - Processing /opt/airflow/dags/etl_ecommerce.py took 0.163 seconds
[2026-05-05T01:00:48.843+0000] {processor.py:161} INFO - Started process (PID=1004) to work on /opt/airflow/dags/etl_ecommerce.py
[2026-05-05T01:00:48.846+0000] {processor.py:830} INFO - Processing file /opt/airflow/dags/etl_ecommerce.py for tasks to queue
[2026-05-05T01:00:48.847+0000] {logging_mixin.py:188} INFO - [2026-05-05T01:00:48.847+0000] {dagbag.py:538} INFO - Filling up the DagBag from /opt/airflow/dags/etl_ecommerce.py
[2026-05-05T01:00:48.882+0000] {processor.py:840} INFO - DAG(s) 'etl_ecommerce' retrieved from /opt/airflow/dags/etl_ecommerce.py
[2026-05-05T01:00:48.921+0000] {logging_mixin.py:188} INFO - [2026-05-05T01:00:48.921+0000] {dag.py:3036} INFO - Sync 1 DAGs
[2026-05-05T01:00:48.949+0000] {logging_mixin.py:188} INFO - [2026-05-05T01:00:48.948+0000] {dag.py:3823} INFO - Setting next_dagrun for etl_ecommerce to 2026-05-05 00:00:00+00:00, run_after=2026-05-06 00:00:00+00:00
[2026-05-05T01:00:49.098+0000] {processor.py:183} INFO - Processing /opt/airflow/dags/etl_ecommerce.py took 0.135 seconds
[2026-05-05T01:01:19.383+0000] {processor.py:161} INFO - Started process (PID=1009) to work on /opt/airflow/dags/etl_ecommerce.py
[2026-05-05T01:01:19.386+0000] {processor.py:830} INFO - Processing file /opt/airflow/dags/etl_ecommerce.py for tasks to queue
[2026-05-05T01:01:19.388+0000] {logging_mixin.py:188} INFO - [2026-05-05T01:01:19.388+0000] {dagbag.py:538} INFO - Filling up the DagBag from /opt/airflow/dags/etl_ecommerce.py
[2026-05-05T01:01:19.426+0000] {processor.py:840} INFO - DAG(s) 'etl_ecommerce' retrieved from /opt/airflow/dags/etl_ecommerce.py
[2026-05-05T01:01:19.465+0000] {logging_mixin.py:188} INFO - [2026-05-05T01:01:19.464+0000] {dag.py:3036} INFO - Sync 1 DAGs
[2026-05-05T01:01:19.493+0000] {logging_mixin.py:188} INFO - [2026-05-05T01:01:19.493+0000] {dag.py:3823} INFO - Setting next_dagrun for etl_ecommerce to 2026-05-05 00:00:00+00:00, run_after=2026-05-06 00:00:00+00:00
[2026-05-05T01:01:19.517+0000] {processor.py:183} INFO - Processing /opt/airflow/dags/etl_ecommerce.py took 0.139 seconds
[2026-05-05T01:01:49.740+0000] {processor.py:161} INFO - Started process (PID=1014) to work on /opt/airflow/dags/etl_ecommerce.py
[2026-05-05T01:01:49.742+0000] {processor.py:830} INFO - Processing file /opt/airflow/dags/etl_ecommerce.py for tasks to queue
[2026-05-05T01:01:49.743+0000] {logging_mixin.py:188} INFO - [2026-05-05T01:01:49.743+0000] {dagbag.py:538} INFO - Filling up the DagBag from /opt/airflow/dags/etl_ecommerce.py
[2026-05-05T01:01:49.776+0000] {processor.py:840} INFO - DAG(s) 'etl_ecommerce' retrieved from /opt/airflow/dags/etl_ecommerce.py
[2026-05-05T01:01:49.811+0000] {logging_mixin.py:188} INFO - [2026-05-05T01:01:49.811+0000] {dag.py:3036} INFO - Sync 1 DAGs
[2026-05-05T01:01:49.837+0000] {logging_mixin.py:188} INFO - [2026-05-05T01:01:49.837+0000] {dag.py:3823} INFO - Setting next_dagrun for etl_ecommerce to 2026-05-05 00:00:00+00:00, run_after=2026-05-06 00:00:00+00:00
[2026-05-05T01:01:49.859+0000] {processor.py:183} INFO - Processing /opt/airflow/dags/etl_ecommerce.py took 0.124 seconds
[2026-05-05T01:02:20.150+0000] {processor.py:161} INFO - Started process (PID=1019) to work on /opt/airflow/dags/etl_ecommerce.py
[2026-05-05T01:02:20.151+0000] {processor.py:830} INFO - Processing file /opt/airflow/dags/etl_ecommerce.py for tasks to queue
[2026-05-05T01:02:20.153+0000] {logging_mixin.py:188} INFO - [2026-05-05T01:02:20.152+0000] {dagbag.py:538} INFO - Filling up the DagBag from /opt/airflow/dags/etl_ecommerce.py
[2026-05-05T01:02:20.186+0000] {processor.py:840} INFO - DAG(s) 'etl_ecommerce' retrieved from /opt/airflow/dags/etl_ecommerce.py
[2026-05-05T01:02:20.219+0000] {logging_mixin.py:188} INFO - [2026-05-05T01:02:20.219+0000] {dag.py:3036} INFO - Sync 1 DAGs
[2026-05-05T01:02:20.245+0000] {logging_mixin.py:188} INFO - [2026-05-05T01:02:20.245+0000] {dag.py:3823} INFO - Setting next_dagrun for etl_ecommerce to 2026-05-05 00:00:00+00:00, run_after=2026-05-06 00:00:00+00:00
[2026-05-05T01:02:20.270+0000] {processor.py:183} INFO - Processing /opt/airflow/dags/etl_ecommerce.py took 0.124 seconds
[2026-05-05T01:02:50.536+0000] {processor.py:161} INFO - Started process (PID=1024) to work on /opt/airflow/dags/etl_ecommerce.py
[2026-05-05T01:02:50.537+0000] {processor.py:830} INFO - Processing file /opt/airflow/dags/etl_ecommerce.py for tasks to queue
[2026-05-05T01:02:50.539+0000] {logging_mixin.py:188} INFO - [2026-05-05T01:02:50.538+0000] {dagbag.py:538} INFO - Filling up the DagBag from /opt/airflow/dags/etl_ecommerce.py
[2026-05-05T01:02:50.576+0000] {processor.py:840} INFO - DAG(s) 'etl_ecommerce' retrieved from /opt/airflow/dags/etl_ecommerce.py
[2026-05-05T01:02:50.612+0000] {logging_mixin.py:188} INFO - [2026-05-05T01:02:50.612+0000] {dag.py:3036} INFO - Sync 1 DAGs
[2026-05-05T01:02:50.639+0000] {logging_mixin.py:188} INFO - [2026-05-05T01:02:50.639+0000] {dag.py:3823} INFO - Setting next_dagrun for etl_ecommerce to 2026-05-05 00:00:00+00:00, run_after=2026-05-06 00:00:00+00:00
[2026-05-05T01:02:50.663+0000] {processor.py:183} INFO - Processing /opt/airflow/dags/etl_ecommerce.py took 0.133 seconds
[2026-05-05T01:03:20.939+0000] {processor.py:161} INFO - Started process (PID=1029) to work on /opt/airflow/dags/etl_ecommerce.py
[2026-05-05T01:03:20.941+0000] {processor.py:830} INFO - Processing file /opt/airflow/dags/etl_ecommerce.py for tasks to queue
[2026-05-05T01:03:20.942+0000] {logging_mixin.py:188} INFO - [2026-05-05T01:03:20.942+0000] {dagbag.py:538} INFO - Filling up the DagBag from /opt/airflow/dags/etl_ecommerce.py
[2026-05-05T01:03:20.976+0000] {processor.py:840} INFO - DAG(s) 'etl_ecommerce' retrieved from /opt/airflow/dags/etl_ecommerce.py
[2026-05-05T01:03:21.011+0000] {logging_mixin.py:188} INFO - [2026-05-05T01:03:21.011+0000] {dag.py:3036} INFO - Sync 1 DAGs
[2026-05-05T01:03:21.037+0000] {logging_mixin.py:188} INFO - [2026-05-05T01:03:21.037+0000] {dag.py:3823} INFO - Setting next_dagrun for etl_ecommerce to 2026-05-05 00:00:00+00:00, run_after=2026-05-06 00:00:00+00:00
[2026-05-05T01:03:21.060+0000] {processor.py:183} INFO - Processing /opt/airflow/dags/etl_ecommerce.py took 0.125 seconds
[2026-05-05T01:03:51.282+0000] {processor.py:161} INFO - Started process (PID=1034) to work on /opt/airflow/dags/etl_ecommerce.py
[2026-05-05T01:03:51.283+0000] {processor.py:830} INFO - Processing file /opt/airflow/dags/etl_ecommerce.py for tasks to queue
[2026-05-05T01:03:51.284+0000] {logging_mixin.py:188} INFO - [2026-05-05T01:03:51.284+0000] {dagbag.py:538} INFO - Filling up the DagBag from /opt/airflow/dags/etl_ecommerce.py
[2026-05-05T01:03:51.317+0000] {processor.py:840} INFO - DAG(s) 'etl_ecommerce' retrieved from /opt/airflow/dags/etl_ecommerce.py
[2026-05-05T01:03:51.352+0000] {logging_mixin.py:188} INFO - [2026-05-05T01:03:51.351+0000] {dag.py:3036} INFO - Sync 1 DAGs
[2026-05-05T01:03:51.380+0000] {logging_mixin.py:188} INFO - [2026-05-05T01:03:51.380+0000] {dag.py:3823} INFO - Setting next_dagrun for etl_ecommerce to 2026-05-05 00:00:00+00:00, run_after=2026-05-06 00:00:00+00:00
[2026-05-05T01:03:51.404+0000] {processor.py:183} INFO - Processing /opt/airflow/dags/etl_ecommerce.py took 0.127 seconds
[2026-05-05T01:04:21.681+0000] {processor.py:161} INFO - Started process (PID=1039) to work on /opt/airflow/dags/etl_ecommerce.py
[2026-05-05T01:04:21.683+0000] {processor.py:830} INFO - Processing file /opt/airflow/dags/etl_ecommerce.py for tasks to queue
[2026-05-05T01:04:21.684+0000] {logging_mixin.py:188} INFO - [2026-05-05T01:04:21.684+0000] {dagbag.py:538} INFO - Filling up the DagBag from /opt/airflow/dags/etl_ecommerce.py
[2026-05-05T01:04:21.719+0000] {processor.py:840} INFO - DAG(s) 'etl_ecommerce' retrieved from /opt/airflow/dags/etl_ecommerce.py
[2026-05-05T01:04:21.754+0000] {logging_mixin.py:188} INFO - [2026-05-05T01:04:21.753+0000] {dag.py:3036} INFO - Sync 1 DAGs
[2026-05-05T01:04:21.782+0000] {logging_mixin.py:188} INFO - [2026-05-05T01:04:21.782+0000] {dag.py:3823} INFO - Setting next_dagrun for etl_ecommerce to 2026-05-05 00:00:00+00:00, run_after=2026-05-06 00:00:00+00:00
[2026-05-05T01:04:21.808+0000] {processor.py:183} INFO - Processing /opt/airflow/dags/etl_ecommerce.py took 0.131 seconds
[2026-05-05T01:04:52.042+0000] {processor.py:161} INFO - Started process (PID=1044) to work on /opt/airflow/dags/etl_ecommerce.py
[2026-05-05T01:04:52.044+0000] {processor.py:830} INFO - Processing file /opt/airflow/dags/etl_ecommerce.py for tasks to queue
[2026-05-05T01:04:52.046+0000] {logging_mixin.py:188} INFO - [2026-05-05T01:04:52.045+0000] {dagbag.py:538} INFO - Filling up the DagBag from /opt/airflow/dags/etl_ecommerce.py
[2026-05-05T01:04:52.078+0000] {processor.py:840} INFO - DAG(s) 'etl_ecommerce' retrieved from /opt/airflow/dags/etl_ecommerce.py
[2026-05-05T01:04:52.113+0000] {logging_mixin.py:188} INFO - [2026-05-05T01:04:52.113+0000] {dag.py:3036} INFO - Sync 1 DAGs
[2026-05-05T01:04:52.142+0000] {logging_mixin.py:188} INFO - [2026-05-05T01:04:52.141+0000] {dag.py:3823} INFO - Setting next_dagrun for etl_ecommerce to 2026-05-05 00:00:00+00:00, run_after=2026-05-06 00:00:00+00:00
[2026-05-05T01:04:52.167+0000] {processor.py:183} INFO - Processing /opt/airflow/dags/etl_ecommerce.py took 0.129 seconds
[2026-05-05T01:05:22.502+0000] {processor.py:161} INFO - Started process (PID=1049) to work on /opt/airflow/dags/etl_ecommerce.py
[2026-05-05T01:05:22.505+0000] {processor.py:830} INFO - Processing file /opt/airflow/dags/etl_ecommerce.py for tasks to queue
[2026-05-05T01:05:22.507+0000] {logging_mixin.py:188} INFO - [2026-05-05T01:05:22.506+0000] {dagbag.py:538} INFO - Filling up the DagBag from /opt/airflow/dags/etl_ecommerce.py
[2026-05-05T01:05:22.546+0000] {processor.py:840} INFO - DAG(s) 'etl_ecommerce' retrieved from /opt/airflow/dags/etl_ecommerce.py
[2026-05-05T01:05:22.591+0000] {logging_mixin.py:188} INFO - [2026-05-05T01:05:22.590+0000] {dag.py:3036} INFO - Sync 1 DAGs
[2026-05-05T01:05:22.623+0000] {logging_mixin.py:188} INFO - [2026-05-05T01:05:22.623+0000] {dag.py:3823} INFO - Setting next_dagrun for etl_ecommerce to 2026-05-05 00:00:00+00:00, run_after=2026-05-06 00:00:00+00:00
[2026-05-05T01:05:22.651+0000] {processor.py:183} INFO - Processing /opt/airflow/dags/etl_ecommerce.py took 0.153 seconds
[2026-05-05T01:05:52.905+0000] {processor.py:161} INFO - Started process (PID=1054) to work on /opt/airflow/dags/etl_ecommerce.py
[2026-05-05T01:05:52.906+0000] {processor.py:830} INFO - Processing file /opt/airflow/dags/etl_ecommerce.py for tasks to queue
[2026-05-05T01:05:52.909+0000] {logging_mixin.py:188} INFO - [2026-05-05T01:05:52.908+0000] {dagbag.py:538} INFO - Filling up the DagBag from /opt/airflow/dags/etl_ecommerce.py
[2026-05-05T01:05:52.941+0000] {processor.py:840} INFO - DAG(s) 'etl_ecommerce' retrieved from /opt/airflow/dags/etl_ecommerce.py
[2026-05-05T01:05:52.973+0000] {logging_mixin.py:188} INFO - [2026-05-05T01:05:52.973+0000] {dag.py:3036} INFO - Sync 1 DAGs
[2026-05-05T01:05:52.998+0000] {logging_mixin.py:188} INFO - [2026-05-05T01:05:52.998+0000] {dag.py:3823} INFO - Setting next_dagrun for etl_ecommerce to 2026-05-05 00:00:00+00:00, run_after=2026-05-06 00:00:00+00:00
[2026-05-05T01:05:53.021+0000] {processor.py:183} INFO - Processing /opt/airflow/dags/etl_ecommerce.py took 0.121 seconds
[2026-05-05T01:06:23.219+0000] {processor.py:161} INFO - Started process (PID=1059) to work on /opt/airflow/dags/etl_ecommerce.py
[2026-05-05T01:06:23.221+0000] {processor.py:830} INFO - Processing file /opt/airflow/dags/etl_ecommerce.py for tasks to queue
[2026-05-05T01:06:23.222+0000] {logging_mixin.py:188} INFO - [2026-05-05T01:06:23.221+0000] {dagbag.py:538} INFO - Filling up the DagBag from /opt/airflow/dags/etl_ecommerce.py
[2026-05-05T01:06:23.258+0000] {processor.py:840} INFO - DAG(s) 'etl_ecommerce' retrieved from /opt/airflow/dags/etl_ecommerce.py
[2026-05-05T01:06:23.294+0000] {logging_mixin.py:188} INFO - [2026-05-05T01:06:23.294+0000] {dag.py:3036} INFO - Sync 1 DAGs
[2026-05-05T01:06:23.322+0000] {logging_mixin.py:188} INFO - [2026-05-05T01:06:23.321+0000] {dag.py:3823} INFO - Setting next_dagrun for etl_ecommerce to 2026-05-05 00:00:00+00:00, run_after=2026-05-06 00:00:00+00:00
[2026-05-05T01:06:23.346+0000] {processor.py:183} INFO - Processing /opt/airflow/dags/etl_ecommerce.py took 0.132 seconds
[2026-05-05T01:06:53.675+0000] {processor.py:161} INFO - Started process (PID=1064) to work on /opt/airflow/dags/etl_ecommerce.py
[2026-05-05T01:06:53.677+0000] {processor.py:830} INFO - Processing file /opt/airflow/dags/etl_ecommerce.py for tasks to queue
[2026-05-05T01:06:53.678+0000] {logging_mixin.py:188} INFO - [2026-05-05T01:06:53.678+0000] {dagbag.py:538} INFO - Filling up the DagBag from /opt/airflow/dags/etl_ecommerce.py
[2026-05-05T01:06:53.708+0000] {processor.py:840} INFO - DAG(s) 'etl_ecommerce' retrieved from /opt/airflow/dags/etl_ecommerce.py
[2026-05-05T01:06:53.745+0000] {logging_mixin.py:188} INFO - [2026-05-05T01:06:53.744+0000] {dag.py:3036} INFO - Sync 1 DAGs
[2026-05-05T01:06:53.772+0000] {logging_mixin.py:188} INFO - [2026-05-05T01:06:53.772+0000] {dag.py:3823} INFO - Setting next_dagrun for etl_ecommerce to 2026-05-05 00:00:00+00:00, run_after=2026-05-06 00:00:00+00:00
[2026-05-05T01:06:53.797+0000] {processor.py:183} INFO - Processing /opt/airflow/dags/etl_ecommerce.py took 0.125 seconds
[2026-05-05T01:07:23.995+0000] {processor.py:161} INFO - Started process (PID=1069) to work on /opt/airflow/dags/etl_ecommerce.py
[2026-05-05T01:07:23.997+0000] {processor.py:830} INFO - Processing file /opt/airflow/dags/etl_ecommerce.py for tasks to queue
[2026-05-05T01:07:23.998+0000] {logging_mixin.py:188} INFO - [2026-05-05T01:07:23.998+0000] {dagbag.py:538} INFO - Filling up the DagBag from /opt/airflow/dags/etl_ecommerce.py
[2026-05-05T01:07:24.033+0000] {processor.py:840} INFO - DAG(s) 'etl_ecommerce' retrieved from /opt/airflow/dags/etl_ecommerce.py
[2026-05-05T01:07:24.071+0000] {logging_mixin.py:188} INFO - [2026-05-05T01:07:24.071+0000] {dag.py:3036} INFO - Sync 1 DAGs
[2026-05-05T01:07:24.097+0000] {logging_mixin.py:188} INFO - [2026-05-05T01:07:24.097+0000] {dag.py:3823} INFO - Setting next_dagrun for etl_ecommerce to 2026-05-05 00:00:00+00:00, run_after=2026-05-06 00:00:00+00:00
[2026-05-05T01:07:24.121+0000] {processor.py:183} INFO - Processing /opt/airflow/dags/etl_ecommerce.py took 0.130 seconds
[2026-05-05T01:07:54.621+0000] {processor.py:161} INFO - Started process (PID=1074) to work on /opt/airflow/dags/etl_ecommerce.py
[2026-05-05T01:07:54.636+0000] {processor.py:830} INFO - Processing file /opt/airflow/dags/etl_ecommerce.py for tasks to queue
[2026-05-05T01:07:54.641+0000] {logging_mixin.py:188} INFO - [2026-05-05T01:07:54.640+0000] {dagbag.py:538} INFO - Filling up the DagBag from /opt/airflow/dags/etl_ecommerce.py
[2026-05-05T01:07:54.845+0000] {processor.py:840} INFO - DAG(s) 'etl_ecommerce' retrieved from /opt/airflow/dags/etl_ecommerce.py
[2026-05-05T01:07:55.153+0000] {logging_mixin.py:188} INFO - [2026-05-05T01:07:55.152+0000] {dag.py:3036} INFO - Sync 1 DAGs
[2026-05-05T01:07:55.254+0000] {logging_mixin.py:188} INFO - [2026-05-05T01:07:55.253+0000] {dag.py:3823} INFO - Setting next_dagrun for etl_ecommerce to 2026-05-05 00:00:00+00:00, run_after=2026-05-06 00:00:00+00:00
[2026-05-05T01:07:55.302+0000] {processor.py:183} INFO - Processing /opt/airflow/dags/etl_ecommerce.py took 0.749 seconds
[2026-05-05T01:08:25.690+0000] {processor.py:161} INFO - Started process (PID=1079) to work on /opt/airflow/dags/etl_ecommerce.py
[2026-05-05T01:08:25.692+0000] {processor.py:830} INFO - Processing file /opt/airflow/dags/etl_ecommerce.py for tasks to queue
[2026-05-05T01:08:25.700+0000] {logging_mixin.py:188} INFO - [2026-05-05T01:08:25.697+0000] {dagbag.py:538} INFO - Filling up the DagBag from /opt/airflow/dags/etl_ecommerce.py
[2026-05-05T01:08:25.822+0000] {processor.py:840} INFO - DAG(s) 'etl_ecommerce' retrieved from /opt/airflow/dags/etl_ecommerce.py
[2026-05-05T01:08:25.964+0000] {logging_mixin.py:188} INFO - [2026-05-05T01:08:25.964+0000] {dag.py:3036} INFO - Sync 1 DAGs
[2026-05-05T01:08:26.006+0000] {logging_mixin.py:188} INFO - [2026-05-05T01:08:26.006+0000] {dag.py:3823} INFO - Setting next_dagrun for etl_ecommerce to 2026-05-05 00:00:00+00:00, run_after=2026-05-06 00:00:00+00:00
[2026-05-05T01:08:26.044+0000] {processor.py:183} INFO - Processing /opt/airflow/dags/etl_ecommerce.py took 0.357 seconds
[2026-05-05T01:08:56.240+0000] {processor.py:161} INFO - Started process (PID=1084) to work on /opt/airflow/dags/etl_ecommerce.py
[2026-05-05T01:08:56.242+0000] {processor.py:830} INFO - Processing file /opt/airflow/dags/etl_ecommerce.py for tasks to queue
[2026-05-05T01:08:56.243+0000] {logging_mixin.py:188} INFO - [2026-05-05T01:08:56.243+0000] {dagbag.py:538} INFO - Filling up the DagBag from /opt/airflow/dags/etl_ecommerce.py
[2026-05-05T01:08:56.275+0000] {processor.py:840} INFO - DAG(s) 'etl_ecommerce' retrieved from /opt/airflow/dags/etl_ecommerce.py
[2026-05-05T01:08:56.335+0000] {logging_mixin.py:188} INFO - [2026-05-05T01:08:56.335+0000] {dag.py:3036} INFO - Sync 1 DAGs
[2026-05-05T01:08:56.386+0000] {logging_mixin.py:188} INFO - [2026-05-05T01:08:56.385+0000] {dag.py:3823} INFO - Setting next_dagrun for etl_ecommerce to 2026-05-05 00:00:00+00:00, run_after=2026-05-06 00:00:00+00:00
[2026-05-05T01:08:56.415+0000] {processor.py:183} INFO - Processing /opt/airflow/dags/etl_ecommerce.py took 0.179 seconds
[2026-05-05T01:09:26.673+0000] {processor.py:161} INFO - Started process (PID=1089) to work on /opt/airflow/dags/etl_ecommerce.py
[2026-05-05T01:09:26.674+0000] {processor.py:830} INFO - Processing file /opt/airflow/dags/etl_ecommerce.py for tasks to queue
[2026-05-05T01:09:26.676+0000] {logging_mixin.py:188} INFO - [2026-05-05T01:09:26.675+0000] {dagbag.py:538} INFO - Filling up the DagBag from /opt/airflow/dags/etl_ecommerce.py
[2026-05-05T01:09:26.706+0000] {processor.py:840} INFO - DAG(s) 'etl_ecommerce' retrieved from /opt/airflow/dags/etl_ecommerce.py
[2026-05-05T01:09:26.735+0000] {logging_mixin.py:188} INFO - [2026-05-05T01:09:26.735+0000] {dag.py:3036} INFO - Sync 1 DAGs
[2026-05-05T01:09:26.759+0000] {logging_mixin.py:188} INFO - [2026-05-05T01:09:26.758+0000] {dag.py:3823} INFO - Setting next_dagrun for etl_ecommerce to 2026-05-05 00:00:00+00:00, run_after=2026-05-06 00:00:00+00:00
[2026-05-05T01:09:26.784+0000] {processor.py:183} INFO - Processing /opt/airflow/dags/etl_ecommerce.py took 0.115 seconds
[2026-05-05T01:09:56.985+0000] {processor.py:161} INFO - Started process (PID=1094) to work on /opt/airflow/dags/etl_ecommerce.py
[2026-05-05T01:09:56.986+0000] {processor.py:830} INFO - Processing file /opt/airflow/dags/etl_ecommerce.py for tasks to queue
[2026-05-05T01:09:56.988+0000] {logging_mixin.py:188} INFO - [2026-05-05T01:09:56.987+0000] {dagbag.py:538} INFO - Filling up the DagBag from /opt/airflow/dags/etl_ecommerce.py
[2026-05-05T01:09:57.018+0000] {processor.py:840} INFO - DAG(s) 'etl_ecommerce' retrieved from /opt/airflow/dags/etl_ecommerce.py
[2026-05-05T01:09:57.048+0000] {logging_mixin.py:188} INFO - [2026-05-05T01:09:57.048+0000] {dag.py:3036} INFO - Sync 1 DAGs
[2026-05-05T01:09:57.074+0000] {logging_mixin.py:188} INFO - [2026-05-05T01:09:57.074+0000] {dag.py:3823} INFO - Setting next_dagrun for etl_ecommerce to 2026-05-05 00:00:00+00:00, run_after=2026-05-06 00:00:00+00:00
[2026-05-05T01:09:57.096+0000] {processor.py:183} INFO - Processing /opt/airflow/dags/etl_ecommerce.py took 0.116 seconds
[2026-05-05T01:10:27.330+0000] {processor.py:161} INFO - Started process (PID=1099) to work on /opt/airflow/dags/etl_ecommerce.py
[2026-05-05T01:10:27.332+0000] {processor.py:830} INFO - Processing file /opt/airflow/dags/etl_ecommerce.py for tasks to queue
[2026-05-05T01:10:27.334+0000] {logging_mixin.py:188} INFO - [2026-05-05T01:10:27.333+0000] {dagbag.py:538} INFO - Filling up the DagBag from /opt/airflow/dags/etl_ecommerce.py
[2026-05-05T01:10:27.362+0000] {processor.py:840} INFO - DAG(s) 'etl_ecommerce' retrieved from /opt/airflow/dags/etl_ecommerce.py
[2026-05-05T01:10:27.394+0000] {logging_mixin.py:188} INFO - [2026-05-05T01:10:27.393+0000] {dag.py:3036} INFO - Sync 1 DAGs
[2026-05-05T01:10:27.417+0000] {logging_mixin.py:188} INFO - [2026-05-05T01:10:27.417+0000] {dag.py:3823} INFO - Setting next_dagrun for etl_ecommerce to 2026-05-05 00:00:00+00:00, run_after=2026-05-06 00:00:00+00:00
[2026-05-05T01:10:27.439+0000] {processor.py:183} INFO - Processing /opt/airflow/dags/etl_ecommerce.py took 0.113 seconds
[2026-05-05T01:10:57.758+0000] {processor.py:161} INFO - Started process (PID=1104) to work on /opt/airflow/dags/etl_ecommerce.py
[2026-05-05T01:10:57.760+0000] {processor.py:830} INFO - Processing file /opt/airflow/dags/etl_ecommerce.py for tasks to queue
[2026-05-05T01:10:57.761+0000] {logging_mixin.py:188} INFO - [2026-05-05T01:10:57.760+0000] {dagbag.py:538} INFO - Filling up the DagBag from /opt/airflow/dags/etl_ecommerce.py
[2026-05-05T01:10:57.792+0000] {processor.py:840} INFO - DAG(s) 'etl_ecommerce' retrieved from /opt/airflow/dags/etl_ecommerce.py
[2026-05-05T01:10:57.823+0000] {logging_mixin.py:188} INFO - [2026-05-05T01:10:57.823+0000] {dag.py:3036} INFO - Sync 1 DAGs
[2026-05-05T01:10:57.848+0000] {logging_mixin.py:188} INFO - [2026-05-05T01:10:57.848+0000] {dag.py:3823} INFO - Setting next_dagrun for etl_ecommerce to 2026-05-05 00:00:00+00:00, run_after=2026-05-06 00:00:00+00:00
[2026-05-05T01:10:57.872+0000] {processor.py:183} INFO - Processing /opt/airflow/dags/etl_ecommerce.py took 0.119 seconds
[2026-05-05T01:11:28.064+0000] {processor.py:161} INFO - Started process (PID=1109) to work on /opt/airflow/dags/etl_ecommerce.py
[2026-05-05T01:11:28.066+0000] {processor.py:830} INFO - Processing file /opt/airflow/dags/etl_ecommerce.py for tasks to queue
[2026-05-05T01:11:28.068+0000] {logging_mixin.py:188} INFO - [2026-05-05T01:11:28.068+0000] {dagbag.py:538} INFO - Filling up the DagBag from /opt/airflow/dags/etl_ecommerce.py
[2026-05-05T01:11:28.098+0000] {processor.py:840} INFO - DAG(s) 'etl_ecommerce' retrieved from /opt/airflow/dags/etl_ecommerce.py
[2026-05-05T01:11:28.133+0000] {logging_mixin.py:188} INFO - [2026-05-05T01:11:28.133+0000] {dag.py:3036} INFO - Sync 1 DAGs
[2026-05-05T01:11:28.157+0000] {logging_mixin.py:188} INFO - [2026-05-05T01:11:28.156+0000] {dag.py:3823} INFO - Setting next_dagrun for etl_ecommerce to 2026-05-05 00:00:00+00:00, run_after=2026-05-06 00:00:00+00:00
[2026-05-05T01:11:28.179+0000] {processor.py:183} INFO - Processing /opt/airflow/dags/etl_ecommerce.py took 0.119 seconds
[2026-05-05T01:11:58.542+0000] {processor.py:161} INFO - Started process (PID=1114) to work on /opt/airflow/dags/etl_ecommerce.py
[2026-05-05T01:11:58.544+0000] {processor.py:830} INFO - Processing file /opt/airflow/dags/etl_ecommerce.py for tasks to queue
[2026-05-05T01:11:58.545+0000] {logging_mixin.py:188} INFO - [2026-05-05T01:11:58.545+0000] {dagbag.py:538} INFO - Filling up the DagBag from /opt/airflow/dags/etl_ecommerce.py
[2026-05-05T01:11:58.578+0000] {processor.py:840} INFO - DAG(s) 'etl_ecommerce' retrieved from /opt/airflow/dags/etl_ecommerce.py
[2026-05-05T01:11:58.612+0000] {logging_mixin.py:188} INFO - [2026-05-05T01:11:58.611+0000] {dag.py:3036} INFO - Sync 1 DAGs
[2026-05-05T01:11:58.637+0000] {logging_mixin.py:188} INFO - [2026-05-05T01:11:58.637+0000] {dag.py:3823} INFO - Setting next_dagrun for etl_ecommerce to 2026-05-05 00:00:00+00:00, run_after=2026-05-06 00:00:00+00:00
[2026-05-05T01:11:58.661+0000] {processor.py:183} INFO - Processing /opt/airflow/dags/etl_ecommerce.py took 0.124 seconds
[2026-05-05T01:12:28.851+0000] {processor.py:161} INFO - Started process (PID=1119) to work on /opt/airflow/dags/etl_ecommerce.py
[2026-05-05T01:12:28.853+0000] {processor.py:830} INFO - Processing file /opt/airflow/dags/etl_ecommerce.py for tasks to queue
[2026-05-05T01:12:28.854+0000] {logging_mixin.py:188} INFO - [2026-05-05T01:12:28.854+0000] {dagbag.py:538} INFO - Filling up the DagBag from /opt/airflow/dags/etl_ecommerce.py
[2026-05-05T01:12:28.887+0000] {processor.py:840} INFO - DAG(s) 'etl_ecommerce' retrieved from /opt/airflow/dags/etl_ecommerce.py
[2026-05-05T01:12:28.930+0000] {logging_mixin.py:188} INFO - [2026-05-05T01:12:28.929+0000] {dag.py:3036} INFO - Sync 1 DAGs
[2026-05-05T01:12:28.961+0000] {logging_mixin.py:188} INFO - [2026-05-05T01:12:28.960+0000] {dag.py:3823} INFO - Setting next_dagrun for etl_ecommerce to 2026-05-05 00:00:00+00:00, run_after=2026-05-06 00:00:00+00:00
[2026-05-05T01:12:28.988+0000] {processor.py:183} INFO - Processing /opt/airflow/dags/etl_ecommerce.py took 0.143 seconds
[2026-05-05T01:12:59.258+0000] {processor.py:161} INFO - Started process (PID=1124) to work on /opt/airflow/dags/etl_ecommerce.py
[2026-05-05T01:12:59.259+0000] {processor.py:830} INFO - Processing file /opt/airflow/dags/etl_ecommerce.py for tasks to queue
[2026-05-05T01:12:59.261+0000] {logging_mixin.py:188} INFO - [2026-05-05T01:12:59.260+0000] {dagbag.py:538} INFO - Filling up the DagBag from /opt/airflow/dags/etl_ecommerce.py
[2026-05-05T01:12:59.288+0000] {processor.py:840} INFO - DAG(s) 'etl_ecommerce' retrieved from /opt/airflow/dags/etl_ecommerce.py
[2026-05-05T01:12:59.327+0000] {logging_mixin.py:188} INFO - [2026-05-05T01:12:59.326+0000] {dag.py:3036} INFO - Sync 1 DAGs
[2026-05-05T01:12:59.354+0000] {logging_mixin.py:188} INFO - [2026-05-05T01:12:59.354+0000] {dag.py:3823} INFO - Setting next_dagrun for etl_ecommerce to 2026-05-05 00:00:00+00:00, run_after=2026-05-06 00:00:00+00:00
[2026-05-05T01:12:59.376+0000] {processor.py:183} INFO - Processing /opt/airflow/dags/etl_ecommerce.py took 0.122 seconds
[2026-05-05T01:13:29.589+0000] {processor.py:161} INFO - Started process (PID=1129) to work on /opt/airflow/dags/etl_ecommerce.py
[2026-05-05T01:13:29.592+0000] {processor.py:830} INFO - Processing file /opt/airflow/dags/etl_ecommerce.py for tasks to queue
[2026-05-05T01:13:29.594+0000] {logging_mixin.py:188} INFO - [2026-05-05T01:13:29.593+0000] {dagbag.py:538} INFO - Filling up the DagBag from /opt/airflow/dags/etl_ecommerce.py
[2026-05-05T01:13:29.634+0000] {processor.py:840} INFO - DAG(s) 'etl_ecommerce' retrieved from /opt/airflow/dags/etl_ecommerce.py
[2026-05-05T01:13:29.682+0000] {logging_mixin.py:188} INFO - [2026-05-05T01:13:29.681+0000] {dag.py:3036} INFO - Sync 1 DAGs
[2026-05-05T01:13:29.715+0000] {logging_mixin.py:188} INFO - [2026-05-05T01:13:29.715+0000] {dag.py:3823} INFO - Setting next_dagrun for etl_ecommerce to 2026-05-05 00:00:00+00:00, run_after=2026-05-06 00:00:00+00:00
[2026-05-05T01:13:29.744+0000] {processor.py:183} INFO - Processing /opt/airflow/dags/etl_ecommerce.py took 0.163 seconds
[2026-05-05T01:14:00.049+0000] {processor.py:161} INFO - Started process (PID=1134) to work on /opt/airflow/dags/etl_ecommerce.py
[2026-05-05T01:14:00.051+0000] {processor.py:830} INFO - Processing file /opt/airflow/dags/etl_ecommerce.py for tasks to queue
[2026-05-05T01:14:00.052+0000] {logging_mixin.py:188} INFO - [2026-05-05T01:14:00.052+0000] {dagbag.py:538} INFO - Filling up the DagBag from /opt/airflow/dags/etl_ecommerce.py
[2026-05-05T01:14:00.089+0000] {processor.py:840} INFO - DAG(s) 'etl_ecommerce' retrieved from /opt/airflow/dags/etl_ecommerce.py
[2026-05-05T01:14:00.126+0000] {logging_mixin.py:188} INFO - [2026-05-05T01:14:00.126+0000] {dag.py:3036} INFO - Sync 1 DAGs
[2026-05-05T01:14:00.157+0000] {logging_mixin.py:188} INFO - [2026-05-05T01:14:00.156+0000] {dag.py:3823} INFO - Setting next_dagrun for etl_ecommerce to 2026-05-05 00:00:00+00:00, run_after=2026-05-06 00:00:00+00:00
[2026-05-05T01:14:00.179+0000] {processor.py:183} INFO - Processing /opt/airflow/dags/etl_ecommerce.py took 0.135 seconds
[2026-05-05T01:14:30.340+0000] {processor.py:161} INFO - Started process (PID=1139) to work on /opt/airflow/dags/etl_ecommerce.py
[2026-05-05T01:14:30.342+0000] {processor.py:830} INFO - Processing file /opt/airflow/dags/etl_ecommerce.py for tasks to queue
[2026-05-05T01:14:30.344+0000] {logging_mixin.py:188} INFO - [2026-05-05T01:14:30.343+0000] {dagbag.py:538} INFO - Filling up the DagBag from /opt/airflow/dags/etl_ecommerce.py
[2026-05-05T01:14:30.382+0000] {processor.py:840} INFO - DAG(s) 'etl_ecommerce' retrieved from /opt/airflow/dags/etl_ecommerce.py
[2026-05-05T01:14:30.428+0000] {logging_mixin.py:188} INFO - [2026-05-05T01:14:30.428+0000] {dag.py:3036} INFO - Sync 1 DAGs
[2026-05-05T01:14:30.454+0000] {logging_mixin.py:188} INFO - [2026-05-05T01:14:30.454+0000] {dag.py:3823} INFO - Setting next_dagrun for etl_ecommerce to 2026-05-05 00:00:00+00:00, run_after=2026-05-06 00:00:00+00:00
[2026-05-05T01:14:30.477+0000] {processor.py:183} INFO - Processing /opt/airflow/dags/etl_ecommerce.py took 0.141 seconds
[2026-05-05T01:15:00.837+0000] {processor.py:161} INFO - Started process (PID=1144) to work on /opt/airflow/dags/etl_ecommerce.py
[2026-05-05T01:15:00.838+0000] {processor.py:830} INFO - Processing file /opt/airflow/dags/etl_ecommerce.py for tasks to queue
[2026-05-05T01:15:00.840+0000] {logging_mixin.py:188} INFO - [2026-05-05T01:15:00.839+0000] {dagbag.py:538} INFO - Filling up the DagBag from /opt/airflow/dags/etl_ecommerce.py
[2026-05-05T01:15:00.871+0000] {processor.py:840} INFO - DAG(s) 'etl_ecommerce' retrieved from /opt/airflow/dags/etl_ecommerce.py
[2026-05-05T01:15:00.939+0000] {logging_mixin.py:188} INFO - [2026-05-05T01:15:00.939+0000] {dag.py:3036} INFO - Sync 1 DAGs
[2026-05-05T01:15:00.985+0000] {logging_mixin.py:188} INFO - [2026-05-05T01:15:00.985+0000] {dag.py:3823} INFO - Setting next_dagrun for etl_ecommerce to 2026-05-05 00:00:00+00:00, run_after=2026-05-06 00:00:00+00:00
[2026-05-05T01:15:01.008+0000] {processor.py:183} INFO - Processing /opt/airflow/dags/etl_ecommerce.py took 0.176 seconds
[2026-05-05T01:15:31.158+0000] {processor.py:161} INFO - Started process (PID=1149) to work on /opt/airflow/dags/etl_ecommerce.py
[2026-05-05T01:15:31.160+0000] {processor.py:830} INFO - Processing file /opt/airflow/dags/etl_ecommerce.py for tasks to queue
[2026-05-05T01:15:31.161+0000] {logging_mixin.py:188} INFO - [2026-05-05T01:15:31.161+0000] {dagbag.py:538} INFO - Filling up the DagBag from /opt/airflow/dags/etl_ecommerce.py
[2026-05-05T01:15:31.190+0000] {processor.py:840} INFO - DAG(s) 'etl_ecommerce' retrieved from /opt/airflow/dags/etl_ecommerce.py
[2026-05-05T01:15:31.226+0000] {logging_mixin.py:188} INFO - [2026-05-05T01:15:31.226+0000] {dag.py:3036} INFO - Sync 1 DAGs
[2026-05-05T01:15:31.254+0000] {logging_mixin.py:188} INFO - [2026-05-05T01:15:31.253+0000] {dag.py:3823} INFO - Setting next_dagrun for etl_ecommerce to 2026-05-05 00:00:00+00:00, run_after=2026-05-06 00:00:00+00:00
[2026-05-05T01:15:31.277+0000] {processor.py:183} INFO - Processing /opt/airflow/dags/etl_ecommerce.py took 0.123 seconds
[2026-05-05T01:16:01.501+0000] {processor.py:161} INFO - Started process (PID=1154) to work on /opt/airflow/dags/etl_ecommerce.py
[2026-05-05T01:16:01.504+0000] {processor.py:830} INFO - Processing file /opt/airflow/dags/etl_ecommerce.py for tasks to queue
[2026-05-05T01:16:01.506+0000] {logging_mixin.py:188} INFO - [2026-05-05T01:16:01.505+0000] {dagbag.py:538} INFO - Filling up the DagBag from /opt/airflow/dags/etl_ecommerce.py
[2026-05-05T01:16:01.543+0000] {processor.py:840} INFO - DAG(s) 'etl_ecommerce' retrieved from /opt/airflow/dags/etl_ecommerce.py
[2026-05-05T01:16:01.583+0000] {logging_mixin.py:188} INFO - [2026-05-05T01:16:01.582+0000] {dag.py:3036} INFO - Sync 1 DAGs
[2026-05-05T01:16:01.610+0000] {logging_mixin.py:188} INFO - [2026-05-05T01:16:01.609+0000] {dag.py:3823} INFO - Setting next_dagrun for etl_ecommerce to 2026-05-05 00:00:00+00:00, run_after=2026-05-06 00:00:00+00:00
[2026-05-05T01:16:01.633+0000] {processor.py:183} INFO - Processing /opt/airflow/dags/etl_ecommerce.py took 0.137 seconds
[2026-05-05T01:16:31.997+0000] {processor.py:161} INFO - Started process (PID=1159) to work on /opt/airflow/dags/etl_ecommerce.py
[2026-05-05T01:16:31.999+0000] {processor.py:830} INFO - Processing file /opt/airflow/dags/etl_ecommerce.py for tasks to queue
[2026-05-05T01:16:32.000+0000] {logging_mixin.py:188} INFO - [2026-05-05T01:16:31.999+0000] {dagbag.py:538} INFO - Filling up the DagBag from /opt/airflow/dags/etl_ecommerce.py
[2026-05-05T01:16:32.028+0000] {processor.py:840} INFO - DAG(s) 'etl_ecommerce' retrieved from /opt/airflow/dags/etl_ecommerce.py
[2026-05-05T01:16:32.058+0000] {logging_mixin.py:188} INFO - [2026-05-05T01:16:32.058+0000] {dag.py:3036} INFO - Sync 1 DAGs
[2026-05-05T01:16:32.085+0000] {logging_mixin.py:188} INFO - [2026-05-05T01:16:32.084+0000] {dag.py:3823} INFO - Setting next_dagrun for etl_ecommerce to 2026-05-05 00:00:00+00:00, run_after=2026-05-06 00:00:00+00:00
[2026-05-05T01:16:32.107+0000] {processor.py:183} INFO - Processing /opt/airflow/dags/etl_ecommerce.py took 0.114 seconds
[2026-05-05T01:17:02.264+0000] {processor.py:161} INFO - Started process (PID=1164) to work on /opt/airflow/dags/etl_ecommerce.py
[2026-05-05T01:17:02.265+0000] {processor.py:830} INFO - Processing file /opt/airflow/dags/etl_ecommerce.py for tasks to queue
[2026-05-05T01:17:02.267+0000] {logging_mixin.py:188} INFO - [2026-05-05T01:17:02.266+0000] {dagbag.py:538} INFO - Filling up the DagBag from /opt/airflow/dags/etl_ecommerce.py
[2026-05-05T01:17:02.294+0000] {processor.py:840} INFO - DAG(s) 'etl_ecommerce' retrieved from /opt/airflow/dags/etl_ecommerce.py
[2026-05-05T01:17:02.326+0000] {logging_mixin.py:188} INFO - [2026-05-05T01:17:02.326+0000] {dag.py:3036} INFO - Sync 1 DAGs
[2026-05-05T01:17:02.353+0000] {logging_mixin.py:188} INFO - [2026-05-05T01:17:02.353+0000] {dag.py:3823} INFO - Setting next_dagrun for etl_ecommerce to 2026-05-05 00:00:00+00:00, run_after=2026-05-06 00:00:00+00:00
[2026-05-05T01:17:02.376+0000] {processor.py:183} INFO - Processing /opt/airflow/dags/etl_ecommerce.py took 0.117 seconds
[2026-05-05T01:17:32.715+0000] {processor.py:161} INFO - Started process (PID=1169) to work on /opt/airflow/dags/etl_ecommerce.py
[2026-05-05T01:17:32.717+0000] {processor.py:830} INFO - Processing file /opt/airflow/dags/etl_ecommerce.py for tasks to queue
[2026-05-05T01:17:32.718+0000] {logging_mixin.py:188} INFO - [2026-05-05T01:17:32.717+0000] {dagbag.py:538} INFO - Filling up the DagBag from /opt/airflow/dags/etl_ecommerce.py
[2026-05-05T01:17:32.746+0000] {processor.py:840} INFO - DAG(s) 'etl_ecommerce' retrieved from /opt/airflow/dags/etl_ecommerce.py
[2026-05-05T01:17:32.781+0000] {logging_mixin.py:188} INFO - [2026-05-05T01:17:32.780+0000] {dag.py:3036} INFO - Sync 1 DAGs
[2026-05-05T01:17:32.807+0000] {logging_mixin.py:188} INFO - [2026-05-05T01:17:32.807+0000] {dag.py:3823} INFO - Setting next_dagrun for etl_ecommerce to 2026-05-05 00:00:00+00:00, run_after=2026-05-06 00:00:00+00:00
[2026-05-05T01:17:32.831+0000] {processor.py:183} INFO - Processing /opt/airflow/dags/etl_ecommerce.py took 0.119 seconds
[2026-05-05T01:18:03.066+0000] {processor.py:161} INFO - Started process (PID=1174) to work on /opt/airflow/dags/etl_ecommerce.py
[2026-05-05T01:18:03.068+0000] {processor.py:830} INFO - Processing file /opt/airflow/dags/etl_ecommerce.py for tasks to queue
[2026-05-05T01:18:03.070+0000] {logging_mixin.py:188} INFO - [2026-05-05T01:18:03.069+0000] {dagbag.py:538} INFO - Filling up the DagBag from /opt/airflow/dags/etl_ecommerce.py
[2026-05-05T01:18:03.111+0000] {processor.py:840} INFO - DAG(s) 'etl_ecommerce' retrieved from /opt/airflow/dags/etl_ecommerce.py
[2026-05-05T01:18:03.146+0000] {logging_mixin.py:188} INFO - [2026-05-05T01:18:03.146+0000] {dag.py:3036} INFO - Sync 1 DAGs
[2026-05-05T01:18:03.173+0000] {logging_mixin.py:188} INFO - [2026-05-05T01:18:03.173+0000] {dag.py:3823} INFO - Setting next_dagrun for etl_ecommerce to 2026-05-05 00:00:00+00:00, run_after=2026-05-06 00:00:00+00:00
[2026-05-05T01:18:03.197+0000] {processor.py:183} INFO - Processing /opt/airflow/dags/etl_ecommerce.py took 0.138 seconds
[2026-05-05T01:18:33.483+0000] {processor.py:161} INFO - Started process (PID=1179) to work on /opt/airflow/dags/etl_ecommerce.py
[2026-05-05T01:18:33.485+0000] {processor.py:830} INFO - Processing file /opt/airflow/dags/etl_ecommerce.py for tasks to queue
[2026-05-05T01:18:33.486+0000] {logging_mixin.py:188} INFO - [2026-05-05T01:18:33.486+0000] {dagbag.py:538} INFO - Filling up the DagBag from /opt/airflow/dags/etl_ecommerce.py
[2026-05-05T01:18:33.525+0000] {processor.py:840} INFO - DAG(s) 'etl_ecommerce' retrieved from /opt/airflow/dags/etl_ecommerce.py
[2026-05-05T01:18:33.570+0000] {logging_mixin.py:188} INFO - [2026-05-05T01:18:33.569+0000] {dag.py:3036} INFO - Sync 1 DAGs
[2026-05-05T01:18:33.597+0000] {logging_mixin.py:188} INFO - [2026-05-05T01:18:33.596+0000] {dag.py:3823} INFO - Setting next_dagrun for etl_ecommerce to 2026-05-05 00:00:00+00:00, run_after=2026-05-06 00:00:00+00:00
[2026-05-05T01:18:33.620+0000] {processor.py:183} INFO - Processing /opt/airflow/dags/etl_ecommerce.py took 0.140 seconds
[2026-05-05T01:19:03.854+0000] {processor.py:161} INFO - Started process (PID=1184) to work on /opt/airflow/dags/etl_ecommerce.py
[2026-05-05T01:19:03.856+0000] {processor.py:830} INFO - Processing file /opt/airflow/dags/etl_ecommerce.py for tasks to queue
[2026-05-05T01:19:03.857+0000] {logging_mixin.py:188} INFO - [2026-05-05T01:19:03.857+0000] {dagbag.py:538} INFO - Filling up the DagBag from /opt/airflow/dags/etl_ecommerce.py
[2026-05-05T01:19:03.890+0000] {processor.py:840} INFO - DAG(s) 'etl_ecommerce' retrieved from /opt/airflow/dags/etl_ecommerce.py
[2026-05-05T01:19:03.926+0000] {logging_mixin.py:188} INFO - [2026-05-05T01:19:03.926+0000] {dag.py:3036} INFO - Sync 1 DAGs
[2026-05-05T01:19:03.954+0000] {logging_mixin.py:188} INFO - [2026-05-05T01:19:03.954+0000] {dag.py:3823} INFO - Setting next_dagrun for etl_ecommerce to 2026-05-05 00:00:00+00:00, run_after=2026-05-06 00:00:00+00:00
[2026-05-05T01:19:03.976+0000] {processor.py:183} INFO - Processing /opt/airflow/dags/etl_ecommerce.py took 0.127 seconds
[2026-05-05T01:19:34.289+0000] {processor.py:161} INFO - Started process (PID=1189) to work on /opt/airflow/dags/etl_ecommerce.py
[2026-05-05T01:19:34.290+0000] {processor.py:830} INFO - Processing file /opt/airflow/dags/etl_ecommerce.py for tasks to queue
[2026-05-05T01:19:34.291+0000] {logging_mixin.py:188} INFO - [2026-05-05T01:19:34.291+0000] {dagbag.py:538} INFO - Filling up the DagBag from /opt/airflow/dags/etl_ecommerce.py
[2026-05-05T01:19:34.323+0000] {processor.py:840} INFO - DAG(s) 'etl_ecommerce' retrieved from /opt/airflow/dags/etl_ecommerce.py
[2026-05-05T01:19:34.366+0000] {logging_mixin.py:188} INFO - [2026-05-05T01:19:34.365+0000] {dag.py:3036} INFO - Sync 1 DAGs
[2026-05-05T01:19:34.393+0000] {logging_mixin.py:188} INFO - [2026-05-05T01:19:34.392+0000] {dag.py:3823} INFO - Setting next_dagrun for etl_ecommerce to 2026-05-05 00:00:00+00:00, run_after=2026-05-06 00:00:00+00:00
[2026-05-05T01:19:34.416+0000] {processor.py:183} INFO - Processing /opt/airflow/dags/etl_ecommerce.py took 0.131 seconds
[2026-05-05T01:20:04.741+0000] {processor.py:161} INFO - Started process (PID=1194) to work on /opt/airflow/dags/etl_ecommerce.py
[2026-05-05T01:20:04.743+0000] {processor.py:830} INFO - Processing file /opt/airflow/dags/etl_ecommerce.py for tasks to queue
[2026-05-05T01:20:04.744+0000] {logging_mixin.py:188} INFO - [2026-05-05T01:20:04.744+0000] {dagbag.py:538} INFO - Filling up the DagBag from /opt/airflow/dags/etl_ecommerce.py
[2026-05-05T01:20:04.776+0000] {processor.py:840} INFO - DAG(s) 'etl_ecommerce' retrieved from /opt/airflow/dags/etl_ecommerce.py
[2026-05-05T01:20:04.812+0000] {logging_mixin.py:188} INFO - [2026-05-05T01:20:04.812+0000] {dag.py:3036} INFO - Sync 1 DAGs
[2026-05-05T01:20:04.838+0000] {logging_mixin.py:188} INFO - [2026-05-05T01:20:04.838+0000] {dag.py:3823} INFO - Setting next_dagrun for etl_ecommerce to 2026-05-05 00:00:00+00:00, run_after=2026-05-06 00:00:00+00:00
[2026-05-05T01:20:04.864+0000] {processor.py:183} INFO - Processing /opt/airflow/dags/etl_ecommerce.py took 0.129 seconds
[2026-05-05T01:20:35.122+0000] {processor.py:161} INFO - Started process (PID=1199) to work on /opt/airflow/dags/etl_ecommerce.py
[2026-05-05T01:20:35.124+0000] {processor.py:830} INFO - Processing file /opt/airflow/dags/etl_ecommerce.py for tasks to queue
[2026-05-05T01:20:35.126+0000] {logging_mixin.py:188} INFO - [2026-05-05T01:20:35.126+0000] {dagbag.py:538} INFO - Filling up the DagBag from /opt/airflow/dags/etl_ecommerce.py
[2026-05-05T01:20:35.158+0000] {processor.py:840} INFO - DAG(s) 'etl_ecommerce' retrieved from /opt/airflow/dags/etl_ecommerce.py
[2026-05-05T01:20:35.199+0000] {logging_mixin.py:188} INFO - [2026-05-05T01:20:35.198+0000] {dag.py:3036} INFO - Sync 1 DAGs
[2026-05-05T01:20:35.227+0000] {logging_mixin.py:188} INFO - [2026-05-05T01:20:35.226+0000] {dag.py:3823} INFO - Setting next_dagrun for etl_ecommerce to 2026-05-05 00:00:00+00:00, run_after=2026-05-06 00:00:00+00:00
[2026-05-05T01:20:35.250+0000] {processor.py:183} INFO - Processing /opt/airflow/dags/etl_ecommerce.py took 0.135 seconds
[2026-05-05T01:21:05.496+0000] {processor.py:161} INFO - Started process (PID=1204) to work on /opt/airflow/dags/etl_ecommerce.py
[2026-05-05T01:21:05.498+0000] {processor.py:830} INFO - Processing file /opt/airflow/dags/etl_ecommerce.py for tasks to queue
[2026-05-05T01:21:05.499+0000] {logging_mixin.py:188} INFO - [2026-05-05T01:21:05.499+0000] {dagbag.py:538} INFO - Filling up the DagBag from /opt/airflow/dags/etl_ecommerce.py
[2026-05-05T01:21:05.533+0000] {processor.py:840} INFO - DAG(s) 'etl_ecommerce' retrieved from /opt/airflow/dags/etl_ecommerce.py
[2026-05-05T01:21:05.573+0000] {logging_mixin.py:188} INFO - [2026-05-05T01:21:05.573+0000] {dag.py:3036} INFO - Sync 1 DAGs
[2026-05-05T01:21:05.605+0000] {logging_mixin.py:188} INFO - [2026-05-05T01:21:05.604+0000] {dag.py:3823} INFO - Setting next_dagrun for etl_ecommerce to 2026-05-05 00:00:00+00:00, run_after=2026-05-06 00:00:00+00:00
[2026-05-05T01:21:05.631+0000] {processor.py:183} INFO - Processing /opt/airflow/dags/etl_ecommerce.py took 0.143 seconds
[2026-05-05T01:21:35.869+0000] {processor.py:161} INFO - Started process (PID=1209) to work on /opt/airflow/dags/etl_ecommerce.py
[2026-05-05T01:21:35.870+0000] {processor.py:830} INFO - Processing file /opt/airflow/dags/etl_ecommerce.py for tasks to queue
[2026-05-05T01:21:35.871+0000] {logging_mixin.py:188} INFO - [2026-05-05T01:21:35.871+0000] {dagbag.py:538} INFO - Filling up the DagBag from /opt/airflow/dags/etl_ecommerce.py
[2026-05-05T01:21:35.896+0000] {processor.py:840} INFO - DAG(s) 'etl_ecommerce' retrieved from /opt/airflow/dags/etl_ecommerce.py
[2026-05-05T01:21:35.928+0000] {logging_mixin.py:188} INFO - [2026-05-05T01:21:35.927+0000] {dag.py:3036} INFO - Sync 1 DAGs
[2026-05-05T01:21:35.953+0000] {logging_mixin.py:188} INFO - [2026-05-05T01:21:35.952+0000] {dag.py:3823} INFO - Setting next_dagrun for etl_ecommerce to 2026-05-05 00:00:00+00:00, run_after=2026-05-06 00:00:00+00:00
[2026-05-05T01:21:35.973+0000] {processor.py:183} INFO - Processing /opt/airflow/dags/etl_ecommerce.py took 0.109 seconds
[2026-05-05T01:22:06.302+0000] {processor.py:161} INFO - Started process (PID=1214) to work on /opt/airflow/dags/etl_ecommerce.py
[2026-05-05T01:22:06.303+0000] {processor.py:830} INFO - Processing file /opt/airflow/dags/etl_ecommerce.py for tasks to queue
[2026-05-05T01:22:06.304+0000] {logging_mixin.py:188} INFO - [2026-05-05T01:22:06.304+0000] {dagbag.py:538} INFO - Filling up the DagBag from /opt/airflow/dags/etl_ecommerce.py
[2026-05-05T01:22:06.328+0000] {processor.py:840} INFO - DAG(s) 'etl_ecommerce' retrieved from /opt/airflow/dags/etl_ecommerce.py
[2026-05-05T01:22:06.357+0000] {logging_mixin.py:188} INFO - [2026-05-05T01:22:06.357+0000] {dag.py:3036} INFO - Sync 1 DAGs
[2026-05-05T01:22:06.380+0000] {logging_mixin.py:188} INFO - [2026-05-05T01:22:06.379+0000] {dag.py:3823} INFO - Setting next_dagrun for etl_ecommerce to 2026-05-05 00:00:00+00:00, run_after=2026-05-06 00:00:00+00:00
[2026-05-05T01:22:06.400+0000] {processor.py:183} INFO - Processing /opt/airflow/dags/etl_ecommerce.py took 0.101 seconds
[2026-05-05T01:22:36.703+0000] {processor.py:161} INFO - Started process (PID=1219) to work on /opt/airflow/dags/etl_ecommerce.py
[2026-05-05T01:22:36.704+0000] {processor.py:830} INFO - Processing file /opt/airflow/dags/etl_ecommerce.py for tasks to queue
[2026-05-05T01:22:36.705+0000] {logging_mixin.py:188} INFO - [2026-05-05T01:22:36.705+0000] {dagbag.py:538} INFO - Filling up the DagBag from /opt/airflow/dags/etl_ecommerce.py
[2026-05-05T01:22:36.732+0000] {processor.py:840} INFO - DAG(s) 'etl_ecommerce' retrieved from /opt/airflow/dags/etl_ecommerce.py
[2026-05-05T01:22:36.762+0000] {logging_mixin.py:188} INFO - [2026-05-05T01:22:36.762+0000] {dag.py:3036} INFO - Sync 1 DAGs
[2026-05-05T01:22:36.785+0000] {logging_mixin.py:188} INFO - [2026-05-05T01:22:36.785+0000] {dag.py:3823} INFO - Setting next_dagrun for etl_ecommerce to 2026-05-05 00:00:00+00:00, run_after=2026-05-06 00:00:00+00:00
[2026-05-05T01:22:36.804+0000] {processor.py:183} INFO - Processing /opt/airflow/dags/etl_ecommerce.py took 0.104 seconds
[2026-05-05T01:23:07.049+0000] {processor.py:161} INFO - Started process (PID=1224) to work on /opt/airflow/dags/etl_ecommerce.py
[2026-05-05T01:23:07.051+0000] {processor.py:830} INFO - Processing file /opt/airflow/dags/etl_ecommerce.py for tasks to queue
[2026-05-05T01:23:07.052+0000] {logging_mixin.py:188} INFO - [2026-05-05T01:23:07.051+0000] {dagbag.py:538} INFO - Filling up the DagBag from /opt/airflow/dags/etl_ecommerce.py
[2026-05-05T01:23:07.075+0000] {processor.py:840} INFO - DAG(s) 'etl_ecommerce' retrieved from /opt/airflow/dags/etl_ecommerce.py
[2026-05-05T01:23:07.123+0000] {logging_mixin.py:188} INFO - [2026-05-05T01:23:07.122+0000] {dag.py:3036} INFO - Sync 1 DAGs
[2026-05-05T01:23:07.148+0000] {logging_mixin.py:188} INFO - [2026-05-05T01:23:07.147+0000] {dag.py:3823} INFO - Setting next_dagrun for etl_ecommerce to 2026-05-05 00:00:00+00:00, run_after=2026-05-06 00:00:00+00:00
[2026-05-05T01:23:07.182+0000] {processor.py:183} INFO - Processing /opt/airflow/dags/etl_ecommerce.py took 0.136 seconds
[2026-05-05T01:23:37.454+0000] {processor.py:161} INFO - Started process (PID=1229) to work on /opt/airflow/dags/etl_ecommerce.py
[2026-05-05T01:23:37.455+0000] {processor.py:830} INFO - Processing file /opt/airflow/dags/etl_ecommerce.py for tasks to queue
[2026-05-05T01:23:37.456+0000] {logging_mixin.py:188} INFO - [2026-05-05T01:23:37.456+0000] {dagbag.py:538} INFO - Filling up the DagBag from /opt/airflow/dags/etl_ecommerce.py
[2026-05-05T01:23:37.481+0000] {processor.py:840} INFO - DAG(s) 'etl_ecommerce' retrieved from /opt/airflow/dags/etl_ecommerce.py
[2026-05-05T01:23:37.510+0000] {logging_mixin.py:188} INFO - [2026-05-05T01:23:37.510+0000] {dag.py:3036} INFO - Sync 1 DAGs
[2026-05-05T01:23:37.533+0000] {logging_mixin.py:188} INFO - [2026-05-05T01:23:37.533+0000] {dag.py:3823} INFO - Setting next_dagrun for etl_ecommerce to 2026-05-05 00:00:00+00:00, run_after=2026-05-06 00:00:00+00:00
[2026-05-05T01:23:37.552+0000] {processor.py:183} INFO - Processing /opt/airflow/dags/etl_ecommerce.py took 0.101 seconds
[2026-05-05T01:24:07.827+0000] {processor.py:161} INFO - Started process (PID=1234) to work on /opt/airflow/dags/etl_ecommerce.py
[2026-05-05T01:24:07.828+0000] {processor.py:830} INFO - Processing file /opt/airflow/dags/etl_ecommerce.py for tasks to queue
[2026-05-05T01:24:07.829+0000] {logging_mixin.py:188} INFO - [2026-05-05T01:24:07.829+0000] {dagbag.py:538} INFO - Filling up the DagBag from /opt/airflow/dags/etl_ecommerce.py
[2026-05-05T01:24:07.857+0000] {processor.py:840} INFO - DAG(s) 'etl_ecommerce' retrieved from /opt/airflow/dags/etl_ecommerce.py
[2026-05-05T01:24:07.895+0000] {logging_mixin.py:188} INFO - [2026-05-05T01:24:07.895+0000] {dag.py:3036} INFO - Sync 1 DAGs
[2026-05-05T01:24:07.917+0000] {logging_mixin.py:188} INFO - [2026-05-05T01:24:07.917+0000] {dag.py:3823} INFO - Setting next_dagrun for etl_ecommerce to 2026-05-05 00:00:00+00:00, run_after=2026-05-06 00:00:00+00:00
[2026-05-05T01:24:07.936+0000] {processor.py:183} INFO - Processing /opt/airflow/dags/etl_ecommerce.py took 0.113 seconds
[2026-05-05T01:24:38.182+0000] {processor.py:161} INFO - Started process (PID=1239) to work on /opt/airflow/dags/etl_ecommerce.py
[2026-05-05T01:24:38.183+0000] {processor.py:830} INFO - Processing file /opt/airflow/dags/etl_ecommerce.py for tasks to queue
[2026-05-05T01:24:38.185+0000] {logging_mixin.py:188} INFO - [2026-05-05T01:24:38.184+0000] {dagbag.py:538} INFO - Filling up the DagBag from /opt/airflow/dags/etl_ecommerce.py
[2026-05-05T01:24:38.208+0000] {processor.py:840} INFO - DAG(s) 'etl_ecommerce' retrieved from /opt/airflow/dags/etl_ecommerce.py
[2026-05-05T01:24:38.239+0000] {logging_mixin.py:188} INFO - [2026-05-05T01:24:38.239+0000] {dag.py:3036} INFO - Sync 1 DAGs
[2026-05-05T01:24:38.267+0000] {logging_mixin.py:188} INFO - [2026-05-05T01:24:38.267+0000] {dag.py:3823} INFO - Setting next_dagrun for etl_ecommerce to 2026-05-05 00:00:00+00:00, run_after=2026-05-06 00:00:00+00:00
[2026-05-05T01:24:38.289+0000] {processor.py:183} INFO - Processing /opt/airflow/dags/etl_ecommerce.py took 0.111 seconds
[2026-05-05T01:25:08.625+0000] {processor.py:161} INFO - Started process (PID=1244) to work on /opt/airflow/dags/etl_ecommerce.py
[2026-05-05T01:25:08.626+0000] {processor.py:830} INFO - Processing file /opt/airflow/dags/etl_ecommerce.py for tasks to queue
[2026-05-05T01:25:08.627+0000] {logging_mixin.py:188} INFO - [2026-05-05T01:25:08.627+0000] {dagbag.py:538} INFO - Filling up the DagBag from /opt/airflow/dags/etl_ecommerce.py
[2026-05-05T01:25:08.655+0000] {processor.py:840} INFO - DAG(s) 'etl_ecommerce' retrieved from /opt/airflow/dags/etl_ecommerce.py
[2026-05-05T01:25:08.680+0000] {logging_mixin.py:188} INFO - [2026-05-05T01:25:08.679+0000] {dag.py:3036} INFO - Sync 1 DAGs
[2026-05-05T01:25:08.702+0000] {logging_mixin.py:188} INFO - [2026-05-05T01:25:08.701+0000] {dag.py:3823} INFO - Setting next_dagrun for etl_ecommerce to 2026-05-05 00:00:00+00:00, run_after=2026-05-06 00:00:00+00:00
[2026-05-05T01:25:08.721+0000] {processor.py:183} INFO - Processing /opt/airflow/dags/etl_ecommerce.py took 0.099 seconds
[2026-05-05T01:25:39.005+0000] {processor.py:161} INFO - Started process (PID=1249) to work on /opt/airflow/dags/etl_ecommerce.py
[2026-05-05T01:25:39.006+0000] {processor.py:830} INFO - Processing file /opt/airflow/dags/etl_ecommerce.py for tasks to queue
[2026-05-05T01:25:39.007+0000] {logging_mixin.py:188} INFO - [2026-05-05T01:25:39.007+0000] {dagbag.py:538} INFO - Filling up the DagBag from /opt/airflow/dags/etl_ecommerce.py
[2026-05-05T01:25:39.035+0000] {processor.py:840} INFO - DAG(s) 'etl_ecommerce' retrieved from /opt/airflow/dags/etl_ecommerce.py
[2026-05-05T01:25:39.064+0000] {logging_mixin.py:188} INFO - [2026-05-05T01:25:39.064+0000] {dag.py:3036} INFO - Sync 1 DAGs
[2026-05-05T01:25:39.088+0000] {logging_mixin.py:188} INFO - [2026-05-05T01:25:39.088+0000] {dag.py:3823} INFO - Setting next_dagrun for etl_ecommerce to 2026-05-05 00:00:00+00:00, run_after=2026-05-06 00:00:00+00:00
[2026-05-05T01:25:39.108+0000] {processor.py:183} INFO - Processing /opt/airflow/dags/etl_ecommerce.py took 0.107 seconds
[2026-05-05T01:26:09.468+0000] {processor.py:161} INFO - Started process (PID=1254) to work on /opt/airflow/dags/etl_ecommerce.py
[2026-05-05T01:26:09.470+0000] {processor.py:830} INFO - Processing file /opt/airflow/dags/etl_ecommerce.py for tasks to queue
[2026-05-05T01:26:09.472+0000] {logging_mixin.py:188} INFO - [2026-05-05T01:26:09.471+0000] {dagbag.py:538} INFO - Filling up the DagBag from /opt/airflow/dags/etl_ecommerce.py
[2026-05-05T01:26:09.504+0000] {processor.py:840} INFO - DAG(s) 'etl_ecommerce' retrieved from /opt/airflow/dags/etl_ecommerce.py
[2026-05-05T01:26:09.530+0000] {logging_mixin.py:188} INFO - [2026-05-05T01:26:09.530+0000] {dag.py:3036} INFO - Sync 1 DAGs
[2026-05-05T01:26:09.555+0000] {logging_mixin.py:188} INFO - [2026-05-05T01:26:09.554+0000] {dag.py:3823} INFO - Setting next_dagrun for etl_ecommerce to 2026-05-05 00:00:00+00:00, run_after=2026-05-06 00:00:00+00:00
[2026-05-05T01:26:09.574+0000] {processor.py:183} INFO - Processing /opt/airflow/dags/etl_ecommerce.py took 0.113 seconds
[2026-05-05T01:26:39.922+0000] {processor.py:161} INFO - Started process (PID=1259) to work on /opt/airflow/dags/etl_ecommerce.py
[2026-05-05T01:26:39.923+0000] {processor.py:830} INFO - Processing file /opt/airflow/dags/etl_ecommerce.py for tasks to queue
[2026-05-05T01:26:39.924+0000] {logging_mixin.py:188} INFO - [2026-05-05T01:26:39.924+0000] {dagbag.py:538} INFO - Filling up the DagBag from /opt/airflow/dags/etl_ecommerce.py
[2026-05-05T01:26:39.947+0000] {processor.py:840} INFO - DAG(s) 'etl_ecommerce' retrieved from /opt/airflow/dags/etl_ecommerce.py
[2026-05-05T01:26:39.974+0000] {logging_mixin.py:188} INFO - [2026-05-05T01:26:39.974+0000] {dag.py:3036} INFO - Sync 1 DAGs
[2026-05-05T01:26:39.995+0000] {logging_mixin.py:188} INFO - [2026-05-05T01:26:39.995+0000] {dag.py:3823} INFO - Setting next_dagrun for etl_ecommerce to 2026-05-05 00:00:00+00:00, run_after=2026-05-06 00:00:00+00:00
[2026-05-05T01:26:40.015+0000] {processor.py:183} INFO - Processing /opt/airflow/dags/etl_ecommerce.py took 0.097 seconds
[2026-05-05T01:27:10.370+0000] {processor.py:161} INFO - Started process (PID=1264) to work on /opt/airflow/dags/etl_ecommerce.py
[2026-05-05T01:27:10.371+0000] {processor.py:830} INFO - Processing file /opt/airflow/dags/etl_ecommerce.py for tasks to queue
[2026-05-05T01:27:10.372+0000] {logging_mixin.py:188} INFO - [2026-05-05T01:27:10.372+0000] {dagbag.py:538} INFO - Filling up the DagBag from /opt/airflow/dags/etl_ecommerce.py
[2026-05-05T01:27:10.400+0000] {processor.py:840} INFO - DAG(s) 'etl_ecommerce' retrieved from /opt/airflow/dags/etl_ecommerce.py
[2026-05-05T01:27:10.428+0000] {logging_mixin.py:188} INFO - [2026-05-05T01:27:10.428+0000] {dag.py:3036} INFO - Sync 1 DAGs
[2026-05-05T01:27:10.453+0000] {logging_mixin.py:188} INFO - [2026-05-05T01:27:10.453+0000] {dag.py:3823} INFO - Setting next_dagrun for etl_ecommerce to 2026-05-05 00:00:00+00:00, run_after=2026-05-06 00:00:00+00:00
[2026-05-05T01:27:10.473+0000] {processor.py:183} INFO - Processing /opt/airflow/dags/etl_ecommerce.py took 0.107 seconds
[2026-05-05T01:27:40.765+0000] {processor.py:161} INFO - Started process (PID=1269) to work on /opt/airflow/dags/etl_ecommerce.py
[2026-05-05T01:27:40.767+0000] {processor.py:830} INFO - Processing file /opt/airflow/dags/etl_ecommerce.py for tasks to queue
[2026-05-05T01:27:40.768+0000] {logging_mixin.py:188} INFO - [2026-05-05T01:27:40.767+0000] {dagbag.py:538} INFO - Filling up the DagBag from /opt/airflow/dags/etl_ecommerce.py
[2026-05-05T01:27:40.792+0000] {processor.py:840} INFO - DAG(s) 'etl_ecommerce' retrieved from /opt/airflow/dags/etl_ecommerce.py
[2026-05-05T01:27:40.820+0000] {logging_mixin.py:188} INFO - [2026-05-05T01:27:40.820+0000] {dag.py:3036} INFO - Sync 1 DAGs
[2026-05-05T01:27:40.844+0000] {logging_mixin.py:188} INFO - [2026-05-05T01:27:40.844+0000] {dag.py:3823} INFO - Setting next_dagrun for etl_ecommerce to 2026-05-05 00:00:00+00:00, run_after=2026-05-06 00:00:00+00:00
[2026-05-05T01:27:40.864+0000] {processor.py:183} INFO - Processing /opt/airflow/dags/etl_ecommerce.py took 0.103 seconds
[2026-05-05T01:28:11.240+0000] {processor.py:161} INFO - Started process (PID=1274) to work on /opt/airflow/dags/etl_ecommerce.py
[2026-05-05T01:28:11.242+0000] {processor.py:830} INFO - Processing file /opt/airflow/dags/etl_ecommerce.py for tasks to queue
[2026-05-05T01:28:11.243+0000] {logging_mixin.py:188} INFO - [2026-05-05T01:28:11.243+0000] {dagbag.py:538} INFO - Filling up the DagBag from /opt/airflow/dags/etl_ecommerce.py
[2026-05-05T01:28:11.272+0000] {processor.py:840} INFO - DAG(s) 'etl_ecommerce' retrieved from /opt/airflow/dags/etl_ecommerce.py
[2026-05-05T01:28:11.303+0000] {logging_mixin.py:188} INFO - [2026-05-05T01:28:11.303+0000] {dag.py:3036} INFO - Sync 1 DAGs
[2026-05-05T01:28:11.328+0000] {logging_mixin.py:188} INFO - [2026-05-05T01:28:11.328+0000] {dag.py:3823} INFO - Setting next_dagrun for etl_ecommerce to 2026-05-05 00:00:00+00:00, run_after=2026-05-06 00:00:00+00:00
[2026-05-05T01:28:11.350+0000] {processor.py:183} INFO - Processing /opt/airflow/dags/etl_ecommerce.py took 0.114 seconds
[2026-05-05T01:28:41.609+0000] {processor.py:161} INFO - Started process (PID=1279) to work on /opt/airflow/dags/etl_ecommerce.py
[2026-05-05T01:28:41.611+0000] {processor.py:830} INFO - Processing file /opt/airflow/dags/etl_ecommerce.py for tasks to queue
[2026-05-05T01:28:41.612+0000] {logging_mixin.py:188} INFO - [2026-05-05T01:28:41.611+0000] {dagbag.py:538} INFO - Filling up the DagBag from /opt/airflow/dags/etl_ecommerce.py
[2026-05-05T01:28:41.637+0000] {processor.py:840} INFO - DAG(s) 'etl_ecommerce' retrieved from /opt/airflow/dags/etl_ecommerce.py
[2026-05-05T01:28:41.670+0000] {logging_mixin.py:188} INFO - [2026-05-05T01:28:41.669+0000] {dag.py:3036} INFO - Sync 1 DAGs
[2026-05-05T01:28:41.692+0000] {logging_mixin.py:188} INFO - [2026-05-05T01:28:41.692+0000] {dag.py:3823} INFO - Setting next_dagrun for etl_ecommerce to 2026-05-05 00:00:00+00:00, run_after=2026-05-06 00:00:00+00:00
[2026-05-05T01:28:41.715+0000] {processor.py:183} INFO - Processing /opt/airflow/dags/etl_ecommerce.py took 0.110 seconds
[2026-05-05T01:29:12.032+0000] {processor.py:161} INFO - Started process (PID=1284) to work on /opt/airflow/dags/etl_ecommerce.py
[2026-05-05T01:29:12.033+0000] {processor.py:830} INFO - Processing file /opt/airflow/dags/etl_ecommerce.py for tasks to queue
[2026-05-05T01:29:12.035+0000] {logging_mixin.py:188} INFO - [2026-05-05T01:29:12.034+0000] {dagbag.py:538} INFO - Filling up the DagBag from /opt/airflow/dags/etl_ecommerce.py
[2026-05-05T01:29:12.063+0000] {processor.py:840} INFO - DAG(s) 'etl_ecommerce' retrieved from /opt/airflow/dags/etl_ecommerce.py
[2026-05-05T01:29:12.109+0000] {logging_mixin.py:188} INFO - [2026-05-05T01:29:12.109+0000] {dag.py:3036} INFO - Sync 1 DAGs
[2026-05-05T01:29:12.133+0000] {logging_mixin.py:188} INFO - [2026-05-05T01:29:12.133+0000] {dag.py:3823} INFO - Setting next_dagrun for etl_ecommerce to 2026-05-05 00:00:00+00:00, run_after=2026-05-06 00:00:00+00:00
[2026-05-05T01:29:12.157+0000] {processor.py:183} INFO - Processing /opt/airflow/dags/etl_ecommerce.py took 0.131 seconds
[2026-05-05T01:29:42.350+0000] {processor.py:161} INFO - Started process (PID=1289) to work on /opt/airflow/dags/etl_ecommerce.py
[2026-05-05T01:29:42.352+0000] {processor.py:830} INFO - Processing file /opt/airflow/dags/etl_ecommerce.py for tasks to queue
[2026-05-05T01:29:42.353+0000] {logging_mixin.py:188} INFO - [2026-05-05T01:29:42.353+0000] {dagbag.py:538} INFO - Filling up the DagBag from /opt/airflow/dags/etl_ecommerce.py
[2026-05-05T01:29:42.384+0000] {processor.py:840} INFO - DAG(s) 'etl_ecommerce' retrieved from /opt/airflow/dags/etl_ecommerce.py
[2026-05-05T01:29:42.416+0000] {logging_mixin.py:188} INFO - [2026-05-05T01:29:42.415+0000] {dag.py:3036} INFO - Sync 1 DAGs
[2026-05-05T01:29:42.438+0000] {logging_mixin.py:188} INFO - [2026-05-05T01:29:42.438+0000] {dag.py:3823} INFO - Setting next_dagrun for etl_ecommerce to 2026-05-05 00:00:00+00:00, run_after=2026-05-06 00:00:00+00:00
[2026-05-05T01:29:42.458+0000] {processor.py:183} INFO - Processing /opt/airflow/dags/etl_ecommerce.py took 0.111 seconds
[2026-05-05T01:30:13.156+0000] {processor.py:161} INFO - Started process (PID=1294) to work on /opt/airflow/dags/etl_ecommerce.py
[2026-05-05T01:30:13.171+0000] {processor.py:830} INFO - Processing file /opt/airflow/dags/etl_ecommerce.py for tasks to queue
[2026-05-05T01:30:13.180+0000] {logging_mixin.py:188} INFO - [2026-05-05T01:30:13.176+0000] {dagbag.py:538} INFO - Filling up the DagBag from /opt/airflow/dags/etl_ecommerce.py
[2026-05-05T01:30:13.285+0000] {processor.py:840} INFO - DAG(s) 'etl_ecommerce' retrieved from /opt/airflow/dags/etl_ecommerce.py
[2026-05-05T01:30:13.415+0000] {logging_mixin.py:188} INFO - [2026-05-05T01:30:13.414+0000] {dag.py:3036} INFO - Sync 1 DAGs
[2026-05-05T01:30:13.524+0000] {logging_mixin.py:188} INFO - [2026-05-05T01:30:13.524+0000] {dag.py:3823} INFO - Setting next_dagrun for etl_ecommerce to 2026-05-05 00:00:00+00:00, run_after=2026-05-06 00:00:00+00:00
[2026-05-05T01:30:13.548+0000] {processor.py:183} INFO - Processing /opt/airflow/dags/etl_ecommerce.py took 0.574 seconds
[2026-05-05T01:30:43.926+0000] {processor.py:161} INFO - Started process (PID=1299) to work on /opt/airflow/dags/etl_ecommerce.py
[2026-05-05T01:30:43.933+0000] {processor.py:830} INFO - Processing file /opt/airflow/dags/etl_ecommerce.py for tasks to queue
[2026-05-05T01:30:43.937+0000] {logging_mixin.py:188} INFO - [2026-05-05T01:30:43.936+0000] {dagbag.py:538} INFO - Filling up the DagBag from /opt/airflow/dags/etl_ecommerce.py
[2026-05-05T01:30:44.006+0000] {processor.py:840} INFO - DAG(s) 'etl_ecommerce' retrieved from /opt/airflow/dags/etl_ecommerce.py
[2026-05-05T01:30:44.076+0000] {logging_mixin.py:188} INFO - [2026-05-05T01:30:44.076+0000] {dag.py:3036} INFO - Sync 1 DAGs
[2026-05-05T01:30:44.097+0000] {logging_mixin.py:188} INFO - [2026-05-05T01:30:44.096+0000] {dag.py:3823} INFO - Setting next_dagrun for etl_ecommerce to 2026-05-05 00:00:00+00:00, run_after=2026-05-06 00:00:00+00:00
[2026-05-05T01:30:44.124+0000] {processor.py:183} INFO - Processing /opt/airflow/dags/etl_ecommerce.py took 0.202 seconds
[2026-05-05T01:31:14.267+0000] {processor.py:161} INFO - Started process (PID=1304) to work on /opt/airflow/dags/etl_ecommerce.py
[2026-05-05T01:31:14.269+0000] {processor.py:830} INFO - Processing file /opt/airflow/dags/etl_ecommerce.py for tasks to queue
[2026-05-05T01:31:14.270+0000] {logging_mixin.py:188} INFO - [2026-05-05T01:31:14.269+0000] {dagbag.py:538} INFO - Filling up the DagBag from /opt/airflow/dags/etl_ecommerce.py
[2026-05-05T01:31:14.297+0000] {processor.py:840} INFO - DAG(s) 'etl_ecommerce' retrieved from /opt/airflow/dags/etl_ecommerce.py
[2026-05-05T01:31:14.371+0000] {logging_mixin.py:188} INFO - [2026-05-05T01:31:14.371+0000] {dag.py:3036} INFO - Sync 1 DAGs
[2026-05-05T01:31:14.400+0000] {logging_mixin.py:188} INFO - [2026-05-05T01:31:14.400+0000] {dag.py:3823} INFO - Setting next_dagrun for etl_ecommerce to 2026-05-05 00:00:00+00:00, run_after=2026-05-06 00:00:00+00:00
[2026-05-05T01:31:14.453+0000] {processor.py:183} INFO - Processing /opt/airflow/dags/etl_ecommerce.py took 0.189 seconds
[2026-05-05T01:31:44.647+0000] {processor.py:161} INFO - Started process (PID=1309) to work on /opt/airflow/dags/etl_ecommerce.py
[2026-05-05T01:31:44.648+0000] {processor.py:830} INFO - Processing file /opt/airflow/dags/etl_ecommerce.py for tasks to queue
[2026-05-05T01:31:44.649+0000] {logging_mixin.py:188} INFO - [2026-05-05T01:31:44.649+0000] {dagbag.py:538} INFO - Filling up the DagBag from /opt/airflow/dags/etl_ecommerce.py
[2026-05-05T01:31:44.675+0000] {processor.py:840} INFO - DAG(s) 'etl_ecommerce' retrieved from /opt/airflow/dags/etl_ecommerce.py
[2026-05-05T01:31:44.701+0000] {logging_mixin.py:188} INFO - [2026-05-05T01:31:44.701+0000] {dag.py:3036} INFO - Sync 1 DAGs
[2026-05-05T01:31:45.051+0000] {logging_mixin.py:188} INFO - [2026-05-05T01:31:45.051+0000] {dag.py:3823} INFO - Setting next_dagrun for etl_ecommerce to 2026-05-05 00:00:00+00:00, run_after=2026-05-06 00:00:00+00:00
[2026-05-05T01:31:45.100+0000] {processor.py:183} INFO - Processing /opt/airflow/dags/etl_ecommerce.py took 0.457 seconds
[2026-05-05T01:32:15.450+0000] {processor.py:161} INFO - Started process (PID=1314) to work on /opt/airflow/dags/etl_ecommerce.py
[2026-05-05T01:32:15.452+0000] {processor.py:830} INFO - Processing file /opt/airflow/dags/etl_ecommerce.py for tasks to queue
[2026-05-05T01:32:15.453+0000] {logging_mixin.py:188} INFO - [2026-05-05T01:32:15.453+0000] {dagbag.py:538} INFO - Filling up the DagBag from /opt/airflow/dags/etl_ecommerce.py
[2026-05-05T01:32:15.484+0000] {processor.py:840} INFO - DAG(s) 'etl_ecommerce' retrieved from /opt/airflow/dags/etl_ecommerce.py
[2026-05-05T01:32:15.514+0000] {logging_mixin.py:188} INFO - [2026-05-05T01:32:15.514+0000] {dag.py:3036} INFO - Sync 1 DAGs
[2026-05-05T01:32:15.535+0000] {logging_mixin.py:188} INFO - [2026-05-05T01:32:15.534+0000] {dag.py:3823} INFO - Setting next_dagrun for etl_ecommerce to 2026-05-05 00:00:00+00:00, run_after=2026-05-06 00:00:00+00:00
[2026-05-05T01:32:15.552+0000] {processor.py:183} INFO - Processing /opt/airflow/dags/etl_ecommerce.py took 0.107 seconds
[2026-05-05T01:32:45.845+0000] {processor.py:161} INFO - Started process (PID=1319) to work on /opt/airflow/dags/etl_ecommerce.py
[2026-05-05T01:32:45.846+0000] {processor.py:830} INFO - Processing file /opt/airflow/dags/etl_ecommerce.py for tasks to queue
[2026-05-05T01:32:45.848+0000] {logging_mixin.py:188} INFO - [2026-05-05T01:32:45.847+0000] {dagbag.py:538} INFO - Filling up the DagBag from /opt/airflow/dags/etl_ecommerce.py
[2026-05-05T01:32:45.878+0000] {processor.py:840} INFO - DAG(s) 'etl_ecommerce' retrieved from /opt/airflow/dags/etl_ecommerce.py
[2026-05-05T01:32:45.906+0000] {logging_mixin.py:188} INFO - [2026-05-05T01:32:45.906+0000] {dag.py:3036} INFO - Sync 1 DAGs
[2026-05-05T01:32:45.927+0000] {logging_mixin.py:188} INFO - [2026-05-05T01:32:45.927+0000] {dag.py:3823} INFO - Setting next_dagrun for etl_ecommerce to 2026-05-05 00:00:00+00:00, run_after=2026-05-06 00:00:00+00:00
[2026-05-05T01:32:45.945+0000] {processor.py:183} INFO - Processing /opt/airflow/dags/etl_ecommerce.py took 0.104 seconds
[2026-05-05T01:33:16.282+0000] {processor.py:161} INFO - Started process (PID=1324) to work on /opt/airflow/dags/etl_ecommerce.py
[2026-05-05T01:33:16.283+0000] {processor.py:830} INFO - Processing file /opt/airflow/dags/etl_ecommerce.py for tasks to queue
[2026-05-05T01:33:16.284+0000] {logging_mixin.py:188} INFO - [2026-05-05T01:33:16.284+0000] {dagbag.py:538} INFO - Filling up the DagBag from /opt/airflow/dags/etl_ecommerce.py
[2026-05-05T01:33:16.309+0000] {processor.py:840} INFO - DAG(s) 'etl_ecommerce' retrieved from /opt/airflow/dags/etl_ecommerce.py
[2026-05-05T01:33:16.335+0000] {logging_mixin.py:188} INFO - [2026-05-05T01:33:16.335+0000] {dag.py:3036} INFO - Sync 1 DAGs
[2026-05-05T01:33:16.357+0000] {logging_mixin.py:188} INFO - [2026-05-05T01:33:16.357+0000] {dag.py:3823} INFO - Setting next_dagrun for etl_ecommerce to 2026-05-05 00:00:00+00:00, run_after=2026-05-06 00:00:00+00:00
[2026-05-05T01:33:16.376+0000] {processor.py:183} INFO - Processing /opt/airflow/dags/etl_ecommerce.py took 0.097 seconds
[2026-05-05T01:33:46.649+0000] {processor.py:161} INFO - Started process (PID=1329) to work on /opt/airflow/dags/etl_ecommerce.py
[2026-05-05T01:33:46.650+0000] {processor.py:830} INFO - Processing file /opt/airflow/dags/etl_ecommerce.py for tasks to queue
[2026-05-05T01:33:46.651+0000] {logging_mixin.py:188} INFO - [2026-05-05T01:33:46.651+0000] {dagbag.py:538} INFO - Filling up the DagBag from /opt/airflow/dags/etl_ecommerce.py
[2026-05-05T01:33:46.677+0000] {processor.py:840} INFO - DAG(s) 'etl_ecommerce' retrieved from /opt/airflow/dags/etl_ecommerce.py
[2026-05-05T01:33:46.703+0000] {logging_mixin.py:188} INFO - [2026-05-05T01:33:46.703+0000] {dag.py:3036} INFO - Sync 1 DAGs
[2026-05-05T01:33:46.726+0000] {logging_mixin.py:188} INFO - [2026-05-05T01:33:46.726+0000] {dag.py:3823} INFO - Setting next_dagrun for etl_ecommerce to 2026-05-05 00:00:00+00:00, run_after=2026-05-06 00:00:00+00:00
[2026-05-05T01:33:46.747+0000] {processor.py:183} INFO - Processing /opt/airflow/dags/etl_ecommerce.py took 0.101 seconds
[2026-05-05T01:34:17.137+0000] {processor.py:161} INFO - Started process (PID=1334) to work on /opt/airflow/dags/etl_ecommerce.py
[2026-05-05T01:34:17.139+0000] {processor.py:830} INFO - Processing file /opt/airflow/dags/etl_ecommerce.py for tasks to queue
[2026-05-05T01:34:17.140+0000] {logging_mixin.py:188} INFO - [2026-05-05T01:34:17.139+0000] {dagbag.py:538} INFO - Filling up the DagBag from /opt/airflow/dags/etl_ecommerce.py
[2026-05-05T01:34:17.165+0000] {processor.py:840} INFO - DAG(s) 'etl_ecommerce' retrieved from /opt/airflow/dags/etl_ecommerce.py
[2026-05-05T01:34:17.194+0000] {logging_mixin.py:188} INFO - [2026-05-05T01:34:17.194+0000] {dag.py:3036} INFO - Sync 1 DAGs
[2026-05-05T01:34:17.217+0000] {logging_mixin.py:188} INFO - [2026-05-05T01:34:17.217+0000] {dag.py:3823} INFO - Setting next_dagrun for etl_ecommerce to 2026-05-05 00:00:00+00:00, run_after=2026-05-06 00:00:00+00:00
[2026-05-05T01:34:17.236+0000] {processor.py:183} INFO - Processing /opt/airflow/dags/etl_ecommerce.py took 0.101 seconds
[2026-05-05T01:34:47.621+0000] {processor.py:161} INFO - Started process (PID=1339) to work on /opt/airflow/dags/etl_ecommerce.py
[2026-05-05T01:34:47.622+0000] {processor.py:830} INFO - Processing file /opt/airflow/dags/etl_ecommerce.py for tasks to queue
[2026-05-05T01:34:47.623+0000] {logging_mixin.py:188} INFO - [2026-05-05T01:34:47.623+0000] {dagbag.py:538} INFO - Filling up the DagBag from /opt/airflow/dags/etl_ecommerce.py
[2026-05-05T01:34:47.651+0000] {processor.py:840} INFO - DAG(s) 'etl_ecommerce' retrieved from /opt/airflow/dags/etl_ecommerce.py
[2026-05-05T01:34:47.677+0000] {logging_mixin.py:188} INFO - [2026-05-05T01:34:47.676+0000] {dag.py:3036} INFO - Sync 1 DAGs
[2026-05-05T01:34:47.698+0000] {logging_mixin.py:188} INFO - [2026-05-05T01:34:47.697+0000] {dag.py:3823} INFO - Setting next_dagrun for etl_ecommerce to 2026-05-05 00:00:00+00:00, run_after=2026-05-06 00:00:00+00:00
[2026-05-05T01:34:47.716+0000] {processor.py:183} INFO - Processing /opt/airflow/dags/etl_ecommerce.py took 0.098 seconds
[2026-05-05T01:35:17.954+0000] {processor.py:161} INFO - Started process (PID=1344) to work on /opt/airflow/dags/etl_ecommerce.py
[2026-05-05T01:35:17.956+0000] {processor.py:830} INFO - Processing file /opt/airflow/dags/etl_ecommerce.py for tasks to queue
[2026-05-05T01:35:17.957+0000] {logging_mixin.py:188} INFO - [2026-05-05T01:35:17.957+0000] {dagbag.py:538} INFO - Filling up the DagBag from /opt/airflow/dags/etl_ecommerce.py
[2026-05-05T01:35:17.986+0000] {processor.py:840} INFO - DAG(s) 'etl_ecommerce' retrieved from /opt/airflow/dags/etl_ecommerce.py
[2026-05-05T01:35:18.015+0000] {logging_mixin.py:188} INFO - [2026-05-05T01:35:18.015+0000] {dag.py:3036} INFO - Sync 1 DAGs
[2026-05-05T01:35:18.038+0000] {logging_mixin.py:188} INFO - [2026-05-05T01:35:18.038+0000] {dag.py:3823} INFO - Setting next_dagrun for etl_ecommerce to 2026-05-05 00:00:00+00:00, run_after=2026-05-06 00:00:00+00:00
[2026-05-05T01:35:18.058+0000] {processor.py:183} INFO - Processing /opt/airflow/dags/etl_ecommerce.py took 0.108 seconds
[2026-05-05T01:35:48.377+0000] {processor.py:161} INFO - Started process (PID=1349) to work on /opt/airflow/dags/etl_ecommerce.py
[2026-05-05T01:35:48.378+0000] {processor.py:830} INFO - Processing file /opt/airflow/dags/etl_ecommerce.py for tasks to queue
[2026-05-05T01:35:48.379+0000] {logging_mixin.py:188} INFO - [2026-05-05T01:35:48.379+0000] {dagbag.py:538} INFO - Filling up the DagBag from /opt/airflow/dags/etl_ecommerce.py
[2026-05-05T01:35:48.409+0000] {processor.py:840} INFO - DAG(s) 'etl_ecommerce' retrieved from /opt/airflow/dags/etl_ecommerce.py
[2026-05-05T01:35:48.438+0000] {logging_mixin.py:188} INFO - [2026-05-05T01:35:48.437+0000] {dag.py:3036} INFO - Sync 1 DAGs
[2026-05-05T01:35:48.460+0000] {logging_mixin.py:188} INFO - [2026-05-05T01:35:48.460+0000] {dag.py:3823} INFO - Setting next_dagrun for etl_ecommerce to 2026-05-05 00:00:00+00:00, run_after=2026-05-06 00:00:00+00:00
[2026-05-05T01:35:48.479+0000] {processor.py:183} INFO - Processing /opt/airflow/dags/etl_ecommerce.py took 0.112 seconds
[2026-05-05T01:36:18.804+0000] {processor.py:161} INFO - Started process (PID=1354) to work on /opt/airflow/dags/etl_ecommerce.py
[2026-05-05T01:36:18.805+0000] {processor.py:830} INFO - Processing file /opt/airflow/dags/etl_ecommerce.py for tasks to queue
[2026-05-05T01:36:18.806+0000] {logging_mixin.py:188} INFO - [2026-05-05T01:36:18.806+0000] {dagbag.py:538} INFO - Filling up the DagBag from /opt/airflow/dags/etl_ecommerce.py
[2026-05-05T01:36:18.835+0000] {processor.py:840} INFO - DAG(s) 'etl_ecommerce' retrieved from /opt/airflow/dags/etl_ecommerce.py
[2026-05-05T01:36:18.863+0000] {logging_mixin.py:188} INFO - [2026-05-05T01:36:18.862+0000] {dag.py:3036} INFO - Sync 1 DAGs
[2026-05-05T01:36:18.886+0000] {logging_mixin.py:188} INFO - [2026-05-05T01:36:18.886+0000] {dag.py:3823} INFO - Setting next_dagrun for etl_ecommerce to 2026-05-05 00:00:00+00:00, run_after=2026-05-06 00:00:00+00:00
[2026-05-05T01:36:18.906+0000] {processor.py:183} INFO - Processing /opt/airflow/dags/etl_ecommerce.py took 0.105 seconds
[2026-05-05T01:36:49.181+0000] {processor.py:161} INFO - Started process (PID=1359) to work on /opt/airflow/dags/etl_ecommerce.py
[2026-05-05T01:36:49.182+0000] {processor.py:830} INFO - Processing file /opt/airflow/dags/etl_ecommerce.py for tasks to queue
[2026-05-05T01:36:49.183+0000] {logging_mixin.py:188} INFO - [2026-05-05T01:36:49.183+0000] {dagbag.py:538} INFO - Filling up the DagBag from /opt/airflow/dags/etl_ecommerce.py
[2026-05-05T01:36:49.211+0000] {processor.py:840} INFO - DAG(s) 'etl_ecommerce' retrieved from /opt/airflow/dags/etl_ecommerce.py
[2026-05-05T01:36:49.238+0000] {logging_mixin.py:188} INFO - [2026-05-05T01:36:49.238+0000] {dag.py:3036} INFO - Sync 1 DAGs
[2026-05-05T01:36:49.260+0000] {logging_mixin.py:188} INFO - [2026-05-05T01:36:49.260+0000] {dag.py:3823} INFO - Setting next_dagrun for etl_ecommerce to 2026-05-05 00:00:00+00:00, run_after=2026-05-06 00:00:00+00:00
[2026-05-05T01:36:49.280+0000] {processor.py:183} INFO - Processing /opt/airflow/dags/etl_ecommerce.py took 0.103 seconds
[2026-05-05T01:37:19.646+0000] {processor.py:161} INFO - Started process (PID=1364) to work on /opt/airflow/dags/etl_ecommerce.py
[2026-05-05T01:37:19.647+0000] {processor.py:830} INFO - Processing file /opt/airflow/dags/etl_ecommerce.py for tasks to queue
[2026-05-05T01:37:19.648+0000] {logging_mixin.py:188} INFO - [2026-05-05T01:37:19.648+0000] {dagbag.py:538} INFO - Filling up the DagBag from /opt/airflow/dags/etl_ecommerce.py
[2026-05-05T01:37:19.675+0000] {processor.py:840} INFO - DAG(s) 'etl_ecommerce' retrieved from /opt/airflow/dags/etl_ecommerce.py
[2026-05-05T01:37:19.700+0000] {logging_mixin.py:188} INFO - [2026-05-05T01:37:19.699+0000] {dag.py:3036} INFO - Sync 1 DAGs
[2026-05-05T01:37:19.721+0000] {logging_mixin.py:188} INFO - [2026-05-05T01:37:19.721+0000] {dag.py:3823} INFO - Setting next_dagrun for etl_ecommerce to 2026-05-05 00:00:00+00:00, run_after=2026-05-06 00:00:00+00:00
[2026-05-05T01:37:19.741+0000] {processor.py:183} INFO - Processing /opt/airflow/dags/etl_ecommerce.py took 0.098 seconds
[2026-05-05T01:37:49.995+0000] {processor.py:161} INFO - Started process (PID=1369) to work on /opt/airflow/dags/etl_ecommerce.py
[2026-05-05T01:37:49.997+0000] {processor.py:830} INFO - Processing file /opt/airflow/dags/etl_ecommerce.py for tasks to queue
[2026-05-05T01:37:49.999+0000] {logging_mixin.py:188} INFO - [2026-05-05T01:37:49.998+0000] {dagbag.py:538} INFO - Filling up the DagBag from /opt/airflow/dags/etl_ecommerce.py
[2026-05-05T01:37:50.035+0000] {processor.py:840} INFO - DAG(s) 'etl_ecommerce' retrieved from /opt/airflow/dags/etl_ecommerce.py
[2026-05-05T01:37:50.064+0000] {logging_mixin.py:188} INFO - [2026-05-05T01:37:50.064+0000] {dag.py:3036} INFO - Sync 1 DAGs
[2026-05-05T01:37:50.089+0000] {logging_mixin.py:188} INFO - [2026-05-05T01:37:50.089+0000] {dag.py:3823} INFO - Setting next_dagrun for etl_ecommerce to 2026-05-05 00:00:00+00:00, run_after=2026-05-06 00:00:00+00:00
[2026-05-05T01:37:50.111+0000] {processor.py:183} INFO - Processing /opt/airflow/dags/etl_ecommerce.py took 0.124 seconds
[2026-05-05T01:38:20.362+0000] {processor.py:161} INFO - Started process (PID=1374) to work on /opt/airflow/dags/etl_ecommerce.py
[2026-05-05T01:38:20.364+0000] {processor.py:830} INFO - Processing file /opt/airflow/dags/etl_ecommerce.py for tasks to queue
[2026-05-05T01:38:20.365+0000] {logging_mixin.py:188} INFO - [2026-05-05T01:38:20.364+0000] {dagbag.py:538} INFO - Filling up the DagBag from /opt/airflow/dags/etl_ecommerce.py
[2026-05-05T01:38:20.391+0000] {processor.py:840} INFO - DAG(s) 'etl_ecommerce' retrieved from /opt/airflow/dags/etl_ecommerce.py
[2026-05-05T01:38:20.421+0000] {logging_mixin.py:188} INFO - [2026-05-05T01:38:20.421+0000] {dag.py:3036} INFO - Sync 1 DAGs
[2026-05-05T01:38:20.444+0000] {logging_mixin.py:188} INFO - [2026-05-05T01:38:20.444+0000] {dag.py:3823} INFO - Setting next_dagrun for etl_ecommerce to 2026-05-05 00:00:00+00:00, run_after=2026-05-06 00:00:00+00:00
[2026-05-05T01:38:20.464+0000] {processor.py:183} INFO - Processing /opt/airflow/dags/etl_ecommerce.py took 0.105 seconds
[2026-05-05T01:38:50.779+0000] {processor.py:161} INFO - Started process (PID=1379) to work on /opt/airflow/dags/etl_ecommerce.py
[2026-05-05T01:38:50.780+0000] {processor.py:830} INFO - Processing file /opt/airflow/dags/etl_ecommerce.py for tasks to queue
[2026-05-05T01:38:50.782+0000] {logging_mixin.py:188} INFO - [2026-05-05T01:38:50.781+0000] {dagbag.py:538} INFO - Filling up the DagBag from /opt/airflow/dags/etl_ecommerce.py
[2026-05-05T01:38:50.807+0000] {processor.py:840} INFO - DAG(s) 'etl_ecommerce' retrieved from /opt/airflow/dags/etl_ecommerce.py
[2026-05-05T01:38:50.846+0000] {logging_mixin.py:188} INFO - [2026-05-05T01:38:50.845+0000] {dag.py:3036} INFO - Sync 1 DAGs
[2026-05-05T01:38:50.875+0000] {logging_mixin.py:188} INFO - [2026-05-05T01:38:50.875+0000] {dag.py:3823} INFO - Setting next_dagrun for etl_ecommerce to 2026-05-05 00:00:00+00:00, run_after=2026-05-06 00:00:00+00:00
[2026-05-05T01:38:50.898+0000] {processor.py:183} INFO - Processing /opt/airflow/dags/etl_ecommerce.py took 0.123 seconds
[2026-05-05T01:39:21.145+0000] {processor.py:161} INFO - Started process (PID=1384) to work on /opt/airflow/dags/etl_ecommerce.py
[2026-05-05T01:39:21.146+0000] {processor.py:830} INFO - Processing file /opt/airflow/dags/etl_ecommerce.py for tasks to queue
[2026-05-05T01:39:21.147+0000] {logging_mixin.py:188} INFO - [2026-05-05T01:39:21.147+0000] {dagbag.py:538} INFO - Filling up the DagBag from /opt/airflow/dags/etl_ecommerce.py
[2026-05-05T01:39:21.174+0000] {processor.py:840} INFO - DAG(s) 'etl_ecommerce' retrieved from /opt/airflow/dags/etl_ecommerce.py
[2026-05-05T01:39:21.204+0000] {logging_mixin.py:188} INFO - [2026-05-05T01:39:21.204+0000] {dag.py:3036} INFO - Sync 1 DAGs
[2026-05-05T01:39:21.229+0000] {logging_mixin.py:188} INFO - [2026-05-05T01:39:21.229+0000] {dag.py:3823} INFO - Setting next_dagrun for etl_ecommerce to 2026-05-05 00:00:00+00:00, run_after=2026-05-06 00:00:00+00:00
[2026-05-05T01:39:21.249+0000] {processor.py:183} INFO - Processing /opt/airflow/dags/etl_ecommerce.py took 0.108 seconds
[2026-05-05T01:39:51.511+0000] {processor.py:161} INFO - Started process (PID=1389) to work on /opt/airflow/dags/etl_ecommerce.py
[2026-05-05T01:39:51.513+0000] {processor.py:830} INFO - Processing file /opt/airflow/dags/etl_ecommerce.py for tasks to queue
[2026-05-05T01:39:51.514+0000] {logging_mixin.py:188} INFO - [2026-05-05T01:39:51.513+0000] {dagbag.py:538} INFO - Filling up the DagBag from /opt/airflow/dags/etl_ecommerce.py
[2026-05-05T01:39:51.542+0000] {processor.py:840} INFO - DAG(s) 'etl_ecommerce' retrieved from /opt/airflow/dags/etl_ecommerce.py
[2026-05-05T01:39:51.580+0000] {logging_mixin.py:188} INFO - [2026-05-05T01:39:51.580+0000] {dag.py:3036} INFO - Sync 1 DAGs
[2026-05-05T01:39:51.607+0000] {logging_mixin.py:188} INFO - [2026-05-05T01:39:51.606+0000] {dag.py:3823} INFO - Setting next_dagrun for etl_ecommerce to 2026-05-05 00:00:00+00:00, run_after=2026-05-06 00:00:00+00:00
[2026-05-05T01:39:51.655+0000] {processor.py:183} INFO - Processing /opt/airflow/dags/etl_ecommerce.py took 0.147 seconds
[2026-05-05T01:40:21.917+0000] {processor.py:161} INFO - Started process (PID=1394) to work on /opt/airflow/dags/etl_ecommerce.py
[2026-05-05T01:40:21.918+0000] {processor.py:830} INFO - Processing file /opt/airflow/dags/etl_ecommerce.py for tasks to queue
[2026-05-05T01:40:21.919+0000] {logging_mixin.py:188} INFO - [2026-05-05T01:40:21.919+0000] {dagbag.py:538} INFO - Filling up the DagBag from /opt/airflow/dags/etl_ecommerce.py
[2026-05-05T01:40:21.946+0000] {processor.py:840} INFO - DAG(s) 'etl_ecommerce' retrieved from /opt/airflow/dags/etl_ecommerce.py
[2026-05-05T01:40:21.977+0000] {logging_mixin.py:188} INFO - [2026-05-05T01:40:21.977+0000] {dag.py:3036} INFO - Sync 1 DAGs
[2026-05-05T01:40:21.999+0000] {logging_mixin.py:188} INFO - [2026-05-05T01:40:21.999+0000] {dag.py:3823} INFO - Setting next_dagrun for etl_ecommerce to 2026-05-05 00:00:00+00:00, run_after=2026-05-06 00:00:00+00:00
[2026-05-05T01:40:22.036+0000] {processor.py:183} INFO - Processing /opt/airflow/dags/etl_ecommerce.py took 0.123 seconds
[2026-05-05T01:40:52.368+0000] {processor.py:161} INFO - Started process (PID=1399) to work on /opt/airflow/dags/etl_ecommerce.py
[2026-05-05T01:40:52.369+0000] {processor.py:830} INFO - Processing file /opt/airflow/dags/etl_ecommerce.py for tasks to queue
[2026-05-05T01:40:52.370+0000] {logging_mixin.py:188} INFO - [2026-05-05T01:40:52.370+0000] {dagbag.py:538} INFO - Filling up the DagBag from /opt/airflow/dags/etl_ecommerce.py
[2026-05-05T01:40:52.395+0000] {processor.py:840} INFO - DAG(s) 'etl_ecommerce' retrieved from /opt/airflow/dags/etl_ecommerce.py
[2026-05-05T01:40:52.424+0000] {logging_mixin.py:188} INFO - [2026-05-05T01:40:52.424+0000] {dag.py:3036} INFO - Sync 1 DAGs
[2026-05-05T01:40:52.445+0000] {logging_mixin.py:188} INFO - [2026-05-05T01:40:52.445+0000] {dag.py:3823} INFO - Setting next_dagrun for etl_ecommerce to 2026-05-05 00:00:00+00:00, run_after=2026-05-06 00:00:00+00:00
[2026-05-05T01:40:52.815+0000] {processor.py:183} INFO - Processing /opt/airflow/dags/etl_ecommerce.py took 0.450 seconds
[2026-05-05T01:41:23.174+0000] {processor.py:161} INFO - Started process (PID=1404) to work on /opt/airflow/dags/etl_ecommerce.py
[2026-05-05T01:41:23.175+0000] {processor.py:830} INFO - Processing file /opt/airflow/dags/etl_ecommerce.py for tasks to queue
[2026-05-05T01:41:23.176+0000] {logging_mixin.py:188} INFO - [2026-05-05T01:41:23.176+0000] {dagbag.py:538} INFO - Filling up the DagBag from /opt/airflow/dags/etl_ecommerce.py
[2026-05-05T01:41:23.206+0000] {processor.py:840} INFO - DAG(s) 'etl_ecommerce' retrieved from /opt/airflow/dags/etl_ecommerce.py
[2026-05-05T01:41:23.237+0000] {logging_mixin.py:188} INFO - [2026-05-05T01:41:23.237+0000] {dag.py:3036} INFO - Sync 1 DAGs
[2026-05-05T01:41:23.261+0000] {logging_mixin.py:188} INFO - [2026-05-05T01:41:23.261+0000] {dag.py:3823} INFO - Setting next_dagrun for etl_ecommerce to 2026-05-05 00:00:00+00:00, run_after=2026-05-06 00:00:00+00:00
[2026-05-05T01:41:23.281+0000] {processor.py:183} INFO - Processing /opt/airflow/dags/etl_ecommerce.py took 0.111 seconds
[2026-05-05T01:41:53.484+0000] {processor.py:161} INFO - Started process (PID=1409) to work on /opt/airflow/dags/etl_ecommerce.py
[2026-05-05T01:41:53.486+0000] {processor.py:830} INFO - Processing file /opt/airflow/dags/etl_ecommerce.py for tasks to queue
[2026-05-05T01:41:53.487+0000] {logging_mixin.py:188} INFO - [2026-05-05T01:41:53.487+0000] {dagbag.py:538} INFO - Filling up the DagBag from /opt/airflow/dags/etl_ecommerce.py
[2026-05-05T01:41:53.516+0000] {processor.py:840} INFO - DAG(s) 'etl_ecommerce' retrieved from /opt/airflow/dags/etl_ecommerce.py
[2026-05-05T01:41:53.551+0000] {logging_mixin.py:188} INFO - [2026-05-05T01:41:53.551+0000] {dag.py:3036} INFO - Sync 1 DAGs
[2026-05-05T01:41:53.575+0000] {logging_mixin.py:188} INFO - [2026-05-05T01:41:53.574+0000] {dag.py:3823} INFO - Setting next_dagrun for etl_ecommerce to 2026-05-05 00:00:00+00:00, run_after=2026-05-06 00:00:00+00:00
[2026-05-05T01:41:53.595+0000] {processor.py:183} INFO - Processing /opt/airflow/dags/etl_ecommerce.py took 0.114 seconds
[2026-05-05T01:42:23.870+0000] {processor.py:161} INFO - Started process (PID=1414) to work on /opt/airflow/dags/etl_ecommerce.py
[2026-05-05T01:42:23.871+0000] {processor.py:830} INFO - Processing file /opt/airflow/dags/etl_ecommerce.py for tasks to queue
[2026-05-05T01:42:23.872+0000] {logging_mixin.py:188} INFO - [2026-05-05T01:42:23.872+0000] {dagbag.py:538} INFO - Filling up the DagBag from /opt/airflow/dags/etl_ecommerce.py
[2026-05-05T01:42:23.898+0000] {processor.py:840} INFO - DAG(s) 'etl_ecommerce' retrieved from /opt/airflow/dags/etl_ecommerce.py
[2026-05-05T01:42:23.933+0000] {logging_mixin.py:188} INFO - [2026-05-05T01:42:23.933+0000] {dag.py:3036} INFO - Sync 1 DAGs
[2026-05-05T01:42:23.956+0000] {logging_mixin.py:188} INFO - [2026-05-05T01:42:23.956+0000] {dag.py:3823} INFO - Setting next_dagrun for etl_ecommerce to 2026-05-05 00:00:00+00:00, run_after=2026-05-06 00:00:00+00:00
[2026-05-05T01:42:23.975+0000] {processor.py:183} INFO - Processing /opt/airflow/dags/etl_ecommerce.py took 0.109 seconds
[2026-05-05T01:42:54.329+0000] {processor.py:161} INFO - Started process (PID=1419) to work on /opt/airflow/dags/etl_ecommerce.py
[2026-05-05T01:42:54.330+0000] {processor.py:830} INFO - Processing file /opt/airflow/dags/etl_ecommerce.py for tasks to queue
[2026-05-05T01:42:54.331+0000] {logging_mixin.py:188} INFO - [2026-05-05T01:42:54.331+0000] {dagbag.py:538} INFO - Filling up the DagBag from /opt/airflow/dags/etl_ecommerce.py
[2026-05-05T01:42:54.364+0000] {processor.py:840} INFO - DAG(s) 'etl_ecommerce' retrieved from /opt/airflow/dags/etl_ecommerce.py
[2026-05-05T01:42:54.396+0000] {logging_mixin.py:188} INFO - [2026-05-05T01:42:54.396+0000] {dag.py:3036} INFO - Sync 1 DAGs
[2026-05-05T01:42:54.422+0000] {logging_mixin.py:188} INFO - [2026-05-05T01:42:54.421+0000] {dag.py:3823} INFO - Setting next_dagrun for etl_ecommerce to 2026-05-05 00:00:00+00:00, run_after=2026-05-06 00:00:00+00:00
[2026-05-05T01:42:54.444+0000] {processor.py:183} INFO - Processing /opt/airflow/dags/etl_ecommerce.py took 0.119 seconds
[2026-05-05T01:43:24.744+0000] {processor.py:161} INFO - Started process (PID=1424) to work on /opt/airflow/dags/etl_ecommerce.py
[2026-05-05T01:43:24.745+0000] {processor.py:830} INFO - Processing file /opt/airflow/dags/etl_ecommerce.py for tasks to queue
[2026-05-05T01:43:24.746+0000] {logging_mixin.py:188} INFO - [2026-05-05T01:43:24.746+0000] {dagbag.py:538} INFO - Filling up the DagBag from /opt/airflow/dags/etl_ecommerce.py
[2026-05-05T01:43:24.773+0000] {processor.py:840} INFO - DAG(s) 'etl_ecommerce' retrieved from /opt/airflow/dags/etl_ecommerce.py
[2026-05-05T01:43:24.805+0000] {logging_mixin.py:188} INFO - [2026-05-05T01:43:24.805+0000] {dag.py:3036} INFO - Sync 1 DAGs
[2026-05-05T01:43:24.829+0000] {logging_mixin.py:188} INFO - [2026-05-05T01:43:24.828+0000] {dag.py:3823} INFO - Setting next_dagrun for etl_ecommerce to 2026-05-05 00:00:00+00:00, run_after=2026-05-06 00:00:00+00:00
[2026-05-05T01:43:24.848+0000] {processor.py:183} INFO - Processing /opt/airflow/dags/etl_ecommerce.py took 0.110 seconds
[2026-05-05T01:43:55.239+0000] {processor.py:161} INFO - Started process (PID=1429) to work on /opt/airflow/dags/etl_ecommerce.py
[2026-05-05T01:43:55.241+0000] {processor.py:830} INFO - Processing file /opt/airflow/dags/etl_ecommerce.py for tasks to queue
[2026-05-05T01:43:55.242+0000] {logging_mixin.py:188} INFO - [2026-05-05T01:43:55.242+0000] {dagbag.py:538} INFO - Filling up the DagBag from /opt/airflow/dags/etl_ecommerce.py
[2026-05-05T01:43:55.282+0000] {processor.py:840} INFO - DAG(s) 'etl_ecommerce' retrieved from /opt/airflow/dags/etl_ecommerce.py
[2026-05-05T01:43:55.320+0000] {logging_mixin.py:188} INFO - [2026-05-05T01:43:55.320+0000] {dag.py:3036} INFO - Sync 1 DAGs
[2026-05-05T01:43:55.345+0000] {logging_mixin.py:188} INFO - [2026-05-05T01:43:55.345+0000] {dag.py:3823} INFO - Setting next_dagrun for etl_ecommerce to 2026-05-05 00:00:00+00:00, run_after=2026-05-06 00:00:00+00:00
[2026-05-05T01:43:55.365+0000] {processor.py:183} INFO - Processing /opt/airflow/dags/etl_ecommerce.py took 0.130 seconds
[2026-05-05T01:44:25.530+0000] {processor.py:161} INFO - Started process (PID=1434) to work on /opt/airflow/dags/etl_ecommerce.py
[2026-05-05T01:44:25.532+0000] {processor.py:830} INFO - Processing file /opt/airflow/dags/etl_ecommerce.py for tasks to queue
[2026-05-05T01:44:25.533+0000] {logging_mixin.py:188} INFO - [2026-05-05T01:44:25.533+0000] {dagbag.py:538} INFO - Filling up the DagBag from /opt/airflow/dags/etl_ecommerce.py
[2026-05-05T01:44:25.567+0000] {processor.py:840} INFO - DAG(s) 'etl_ecommerce' retrieved from /opt/airflow/dags/etl_ecommerce.py
[2026-05-05T01:44:25.604+0000] {logging_mixin.py:188} INFO - [2026-05-05T01:44:25.604+0000] {dag.py:3036} INFO - Sync 1 DAGs
[2026-05-05T01:44:25.628+0000] {logging_mixin.py:188} INFO - [2026-05-05T01:44:25.627+0000] {dag.py:3823} INFO - Setting next_dagrun for etl_ecommerce to 2026-05-05 00:00:00+00:00, run_after=2026-05-06 00:00:00+00:00
[2026-05-05T01:44:25.646+0000] {processor.py:183} INFO - Processing /opt/airflow/dags/etl_ecommerce.py took 0.121 seconds
[2026-05-05T01:44:56.019+0000] {processor.py:161} INFO - Started process (PID=1439) to work on /opt/airflow/dags/etl_ecommerce.py
[2026-05-05T01:44:56.020+0000] {processor.py:830} INFO - Processing file /opt/airflow/dags/etl_ecommerce.py for tasks to queue
[2026-05-05T01:44:56.022+0000] {logging_mixin.py:188} INFO - [2026-05-05T01:44:56.021+0000] {dagbag.py:538} INFO - Filling up the DagBag from /opt/airflow/dags/etl_ecommerce.py
[2026-05-05T01:44:56.050+0000] {processor.py:840} INFO - DAG(s) 'etl_ecommerce' retrieved from /opt/airflow/dags/etl_ecommerce.py
[2026-05-05T01:44:56.080+0000] {logging_mixin.py:188} INFO - [2026-05-05T01:44:56.080+0000] {dag.py:3036} INFO - Sync 1 DAGs
[2026-05-05T01:44:56.103+0000] {logging_mixin.py:188} INFO - [2026-05-05T01:44:56.102+0000] {dag.py:3823} INFO - Setting next_dagrun for etl_ecommerce to 2026-05-05 00:00:00+00:00, run_after=2026-05-06 00:00:00+00:00
[2026-05-05T01:44:56.122+0000] {processor.py:183} INFO - Processing /opt/airflow/dags/etl_ecommerce.py took 0.107 seconds
[2026-05-05T01:45:26.390+0000] {processor.py:161} INFO - Started process (PID=1444) to work on /opt/airflow/dags/etl_ecommerce.py
[2026-05-05T01:45:26.392+0000] {processor.py:830} INFO - Processing file /opt/airflow/dags/etl_ecommerce.py for tasks to queue
[2026-05-05T01:45:26.394+0000] {logging_mixin.py:188} INFO - [2026-05-05T01:45:26.393+0000] {dagbag.py:538} INFO - Filling up the DagBag from /opt/airflow/dags/etl_ecommerce.py
[2026-05-05T01:45:26.427+0000] {processor.py:840} INFO - DAG(s) 'etl_ecommerce' retrieved from /opt/airflow/dags/etl_ecommerce.py
[2026-05-05T01:45:26.462+0000] {logging_mixin.py:188} INFO - [2026-05-05T01:45:26.462+0000] {dag.py:3036} INFO - Sync 1 DAGs
[2026-05-05T01:45:26.486+0000] {logging_mixin.py:188} INFO - [2026-05-05T01:45:26.486+0000] {dag.py:3823} INFO - Setting next_dagrun for etl_ecommerce to 2026-05-05 00:00:00+00:00, run_after=2026-05-06 00:00:00+00:00
[2026-05-05T01:45:26.506+0000] {processor.py:183} INFO - Processing /opt/airflow/dags/etl_ecommerce.py took 0.122 seconds
[2026-05-05T01:45:56.850+0000] {processor.py:161} INFO - Started process (PID=1449) to work on /opt/airflow/dags/etl_ecommerce.py
[2026-05-05T01:45:56.851+0000] {processor.py:830} INFO - Processing file /opt/airflow/dags/etl_ecommerce.py for tasks to queue
[2026-05-05T01:45:56.852+0000] {logging_mixin.py:188} INFO - [2026-05-05T01:45:56.852+0000] {dagbag.py:538} INFO - Filling up the DagBag from /opt/airflow/dags/etl_ecommerce.py
[2026-05-05T01:45:56.880+0000] {processor.py:840} INFO - DAG(s) 'etl_ecommerce' retrieved from /opt/airflow/dags/etl_ecommerce.py
[2026-05-05T01:45:56.910+0000] {logging_mixin.py:188} INFO - [2026-05-05T01:45:56.909+0000] {dag.py:3036} INFO - Sync 1 DAGs
[2026-05-05T01:45:56.933+0000] {logging_mixin.py:188} INFO - [2026-05-05T01:45:56.932+0000] {dag.py:3823} INFO - Setting next_dagrun for etl_ecommerce to 2026-05-05 00:00:00+00:00, run_after=2026-05-06 00:00:00+00:00
[2026-05-05T01:45:56.952+0000] {processor.py:183} INFO - Processing /opt/airflow/dags/etl_ecommerce.py took 0.105 seconds
[2026-05-05T01:46:27.213+0000] {processor.py:161} INFO - Started process (PID=1454) to work on /opt/airflow/dags/etl_ecommerce.py
[2026-05-05T01:46:27.214+0000] {processor.py:830} INFO - Processing file /opt/airflow/dags/etl_ecommerce.py for tasks to queue
[2026-05-05T01:46:27.215+0000] {logging_mixin.py:188} INFO - [2026-05-05T01:46:27.215+0000] {dagbag.py:538} INFO - Filling up the DagBag from /opt/airflow/dags/etl_ecommerce.py
[2026-05-05T01:46:27.245+0000] {processor.py:840} INFO - DAG(s) 'etl_ecommerce' retrieved from /opt/airflow/dags/etl_ecommerce.py
[2026-05-05T01:46:27.275+0000] {logging_mixin.py:188} INFO - [2026-05-05T01:46:27.275+0000] {dag.py:3036} INFO - Sync 1 DAGs
[2026-05-05T01:46:27.298+0000] {logging_mixin.py:188} INFO - [2026-05-05T01:46:27.298+0000] {dag.py:3823} INFO - Setting next_dagrun for etl_ecommerce to 2026-05-05 00:00:00+00:00, run_after=2026-05-06 00:00:00+00:00
[2026-05-05T01:46:27.319+0000] {processor.py:183} INFO - Processing /opt/airflow/dags/etl_ecommerce.py took 0.109 seconds
[2026-05-05T01:46:57.576+0000] {processor.py:161} INFO - Started process (PID=1459) to work on /opt/airflow/dags/etl_ecommerce.py
[2026-05-05T01:46:57.578+0000] {processor.py:830} INFO - Processing file /opt/airflow/dags/etl_ecommerce.py for tasks to queue
[2026-05-05T01:46:57.579+0000] {logging_mixin.py:188} INFO - [2026-05-05T01:46:57.578+0000] {dagbag.py:538} INFO - Filling up the DagBag from /opt/airflow/dags/etl_ecommerce.py
[2026-05-05T01:46:57.608+0000] {processor.py:840} INFO - DAG(s) 'etl_ecommerce' retrieved from /opt/airflow/dags/etl_ecommerce.py
[2026-05-05T01:46:57.638+0000] {logging_mixin.py:188} INFO - [2026-05-05T01:46:57.638+0000] {dag.py:3036} INFO - Sync 1 DAGs
[2026-05-05T01:46:57.661+0000] {logging_mixin.py:188} INFO - [2026-05-05T01:46:57.660+0000] {dag.py:3823} INFO - Setting next_dagrun for etl_ecommerce to 2026-05-05 00:00:00+00:00, run_after=2026-05-06 00:00:00+00:00
[2026-05-05T01:46:57.679+0000] {processor.py:183} INFO - Processing /opt/airflow/dags/etl_ecommerce.py took 0.106 seconds
[2026-05-05T01:47:27.918+0000] {processor.py:161} INFO - Started process (PID=1464) to work on /opt/airflow/dags/etl_ecommerce.py
[2026-05-05T01:47:27.920+0000] {processor.py:830} INFO - Processing file /opt/airflow/dags/etl_ecommerce.py for tasks to queue
[2026-05-05T01:47:27.921+0000] {logging_mixin.py:188} INFO - [2026-05-05T01:47:27.921+0000] {dagbag.py:538} INFO - Filling up the DagBag from /opt/airflow/dags/etl_ecommerce.py
[2026-05-05T01:47:27.946+0000] {processor.py:840} INFO - DAG(s) 'etl_ecommerce' retrieved from /opt/airflow/dags/etl_ecommerce.py
[2026-05-05T01:47:27.975+0000] {logging_mixin.py:188} INFO - [2026-05-05T01:47:27.975+0000] {dag.py:3036} INFO - Sync 1 DAGs
[2026-05-05T01:47:27.998+0000] {logging_mixin.py:188} INFO - [2026-05-05T01:47:27.998+0000] {dag.py:3823} INFO - Setting next_dagrun for etl_ecommerce to 2026-05-05 00:00:00+00:00, run_after=2026-05-06 00:00:00+00:00
[2026-05-05T01:47:28.017+0000] {processor.py:183} INFO - Processing /opt/airflow/dags/etl_ecommerce.py took 0.102 seconds
[2026-05-05T01:47:58.320+0000] {processor.py:161} INFO - Started process (PID=1469) to work on /opt/airflow/dags/etl_ecommerce.py
[2026-05-05T01:47:58.322+0000] {processor.py:830} INFO - Processing file /opt/airflow/dags/etl_ecommerce.py for tasks to queue
[2026-05-05T01:47:58.323+0000] {logging_mixin.py:188} INFO - [2026-05-05T01:47:58.323+0000] {dagbag.py:538} INFO - Filling up the DagBag from /opt/airflow/dags/etl_ecommerce.py
[2026-05-05T01:47:58.349+0000] {processor.py:840} INFO - DAG(s) 'etl_ecommerce' retrieved from /opt/airflow/dags/etl_ecommerce.py
[2026-05-05T01:47:58.379+0000] {logging_mixin.py:188} INFO - [2026-05-05T01:47:58.379+0000] {dag.py:3036} INFO - Sync 1 DAGs
[2026-05-05T01:47:58.402+0000] {logging_mixin.py:188} INFO - [2026-05-05T01:47:58.402+0000] {dag.py:3823} INFO - Setting next_dagrun for etl_ecommerce to 2026-05-05 00:00:00+00:00, run_after=2026-05-06 00:00:00+00:00
[2026-05-05T01:47:58.420+0000] {processor.py:183} INFO - Processing /opt/airflow/dags/etl_ecommerce.py took 0.104 seconds
[2026-05-05T01:48:28.623+0000] {processor.py:161} INFO - Started process (PID=1474) to work on /opt/airflow/dags/etl_ecommerce.py
[2026-05-05T01:48:28.625+0000] {processor.py:830} INFO - Processing file /opt/airflow/dags/etl_ecommerce.py for tasks to queue
[2026-05-05T01:48:28.626+0000] {logging_mixin.py:188} INFO - [2026-05-05T01:48:28.626+0000] {dagbag.py:538} INFO - Filling up the DagBag from /opt/airflow/dags/etl_ecommerce.py
[2026-05-05T01:48:28.658+0000] {processor.py:840} INFO - DAG(s) 'etl_ecommerce' retrieved from /opt/airflow/dags/etl_ecommerce.py
[2026-05-05T01:48:28.690+0000] {logging_mixin.py:188} INFO - [2026-05-05T01:48:28.689+0000] {dag.py:3036} INFO - Sync 1 DAGs
[2026-05-05T01:48:28.712+0000] {logging_mixin.py:188} INFO - [2026-05-05T01:48:28.712+0000] {dag.py:3823} INFO - Setting next_dagrun for etl_ecommerce to 2026-05-05 00:00:00+00:00, run_after=2026-05-06 00:00:00+00:00
[2026-05-05T01:48:28.731+0000] {processor.py:183} INFO - Processing /opt/airflow/dags/etl_ecommerce.py took 0.112 seconds
[2026-05-05T01:48:59.049+0000] {processor.py:161} INFO - Started process (PID=1479) to work on /opt/airflow/dags/etl_ecommerce.py
[2026-05-05T01:48:59.051+0000] {processor.py:830} INFO - Processing file /opt/airflow/dags/etl_ecommerce.py for tasks to queue
[2026-05-05T01:48:59.052+0000] {logging_mixin.py:188} INFO - [2026-05-05T01:48:59.051+0000] {dagbag.py:538} INFO - Filling up the DagBag from /opt/airflow/dags/etl_ecommerce.py
[2026-05-05T01:48:59.084+0000] {processor.py:840} INFO - DAG(s) 'etl_ecommerce' retrieved from /opt/airflow/dags/etl_ecommerce.py
[2026-05-05T01:48:59.113+0000] {logging_mixin.py:188} INFO - [2026-05-05T01:48:59.113+0000] {dag.py:3036} INFO - Sync 1 DAGs
[2026-05-05T01:48:59.136+0000] {logging_mixin.py:188} INFO - [2026-05-05T01:48:59.136+0000] {dag.py:3823} INFO - Setting next_dagrun for etl_ecommerce to 2026-05-05 00:00:00+00:00, run_after=2026-05-06 00:00:00+00:00
[2026-05-05T01:48:59.155+0000] {processor.py:183} INFO - Processing /opt/airflow/dags/etl_ecommerce.py took 0.109 seconds
[2026-05-05T01:49:29.421+0000] {processor.py:161} INFO - Started process (PID=1484) to work on /opt/airflow/dags/etl_ecommerce.py
[2026-05-05T01:49:29.422+0000] {processor.py:830} INFO - Processing file /opt/airflow/dags/etl_ecommerce.py for tasks to queue
[2026-05-05T01:49:29.423+0000] {logging_mixin.py:188} INFO - [2026-05-05T01:49:29.423+0000] {dagbag.py:538} INFO - Filling up the DagBag from /opt/airflow/dags/etl_ecommerce.py
[2026-05-05T01:49:29.452+0000] {processor.py:840} INFO - DAG(s) 'etl_ecommerce' retrieved from /opt/airflow/dags/etl_ecommerce.py
[2026-05-05T01:49:29.482+0000] {logging_mixin.py:188} INFO - [2026-05-05T01:49:29.482+0000] {dag.py:3036} INFO - Sync 1 DAGs
[2026-05-05T01:49:29.506+0000] {logging_mixin.py:188} INFO - [2026-05-05T01:49:29.505+0000] {dag.py:3823} INFO - Setting next_dagrun for etl_ecommerce to 2026-05-05 00:00:00+00:00, run_after=2026-05-06 00:00:00+00:00
[2026-05-05T01:49:29.524+0000] {processor.py:183} INFO - Processing /opt/airflow/dags/etl_ecommerce.py took 0.107 seconds
[2026-05-05T01:49:59.843+0000] {processor.py:161} INFO - Started process (PID=1489) to work on /opt/airflow/dags/etl_ecommerce.py
[2026-05-05T01:49:59.844+0000] {processor.py:830} INFO - Processing file /opt/airflow/dags/etl_ecommerce.py for tasks to queue
[2026-05-05T01:49:59.845+0000] {logging_mixin.py:188} INFO - [2026-05-05T01:49:59.845+0000] {dagbag.py:538} INFO - Filling up the DagBag from /opt/airflow/dags/etl_ecommerce.py
[2026-05-05T01:49:59.881+0000] {processor.py:840} INFO - DAG(s) 'etl_ecommerce' retrieved from /opt/airflow/dags/etl_ecommerce.py
[2026-05-05T01:49:59.915+0000] {logging_mixin.py:188} INFO - [2026-05-05T01:49:59.915+0000] {dag.py:3036} INFO - Sync 1 DAGs
[2026-05-05T01:49:59.941+0000] {logging_mixin.py:188} INFO - [2026-05-05T01:49:59.940+0000] {dag.py:3823} INFO - Setting next_dagrun for etl_ecommerce to 2026-05-05 00:00:00+00:00, run_after=2026-05-06 00:00:00+00:00
[2026-05-05T01:49:59.961+0000] {processor.py:183} INFO - Processing /opt/airflow/dags/etl_ecommerce.py took 0.122 seconds
[2026-05-05T01:50:30.180+0000] {processor.py:161} INFO - Started process (PID=1494) to work on /opt/airflow/dags/etl_ecommerce.py
[2026-05-05T01:50:30.181+0000] {processor.py:830} INFO - Processing file /opt/airflow/dags/etl_ecommerce.py for tasks to queue
[2026-05-05T01:50:30.183+0000] {logging_mixin.py:188} INFO - [2026-05-05T01:50:30.182+0000] {dagbag.py:538} INFO - Filling up the DagBag from /opt/airflow/dags/etl_ecommerce.py
[2026-05-05T01:50:30.210+0000] {processor.py:840} INFO - DAG(s) 'etl_ecommerce' retrieved from /opt/airflow/dags/etl_ecommerce.py
[2026-05-05T01:50:30.241+0000] {logging_mixin.py:188} INFO - [2026-05-05T01:50:30.241+0000] {dag.py:3036} INFO - Sync 1 DAGs
[2026-05-05T01:50:30.264+0000] {logging_mixin.py:188} INFO - [2026-05-05T01:50:30.264+0000] {dag.py:3823} INFO - Setting next_dagrun for etl_ecommerce to 2026-05-05 00:00:00+00:00, run_after=2026-05-06 00:00:00+00:00
[2026-05-05T01:50:30.282+0000] {processor.py:183} INFO - Processing /opt/airflow/dags/etl_ecommerce.py took 0.111 seconds
[2026-05-05T01:51:00.732+0000] {processor.py:161} INFO - Started process (PID=1499) to work on /opt/airflow/dags/etl_ecommerce.py
[2026-05-05T01:51:00.734+0000] {processor.py:830} INFO - Processing file /opt/airflow/dags/etl_ecommerce.py for tasks to queue
[2026-05-05T01:51:00.735+0000] {logging_mixin.py:188} INFO - [2026-05-05T01:51:00.735+0000] {dagbag.py:538} INFO - Filling up the DagBag from /opt/airflow/dags/etl_ecommerce.py
[2026-05-05T01:51:00.773+0000] {processor.py:840} INFO - DAG(s) 'etl_ecommerce' retrieved from /opt/airflow/dags/etl_ecommerce.py
[2026-05-05T01:51:00.804+0000] {logging_mixin.py:188} INFO - [2026-05-05T01:51:00.804+0000] {dag.py:3036} INFO - Sync 1 DAGs
[2026-05-05T01:51:00.829+0000] {logging_mixin.py:188} INFO - [2026-05-05T01:51:00.829+0000] {dag.py:3823} INFO - Setting next_dagrun for etl_ecommerce to 2026-05-05 00:00:00+00:00, run_after=2026-05-06 00:00:00+00:00
[2026-05-05T01:51:00.849+0000] {processor.py:183} INFO - Processing /opt/airflow/dags/etl_ecommerce.py took 0.123 seconds
[2026-05-05T01:51:31.366+0000] {processor.py:161} INFO - Started process (PID=1504) to work on /opt/airflow/dags/etl_ecommerce.py
[2026-05-05T01:51:31.367+0000] {processor.py:830} INFO - Processing file /opt/airflow/dags/etl_ecommerce.py for tasks to queue
[2026-05-05T01:51:31.368+0000] {logging_mixin.py:188} INFO - [2026-05-05T01:51:31.368+0000] {dagbag.py:538} INFO - Filling up the DagBag from /opt/airflow/dags/etl_ecommerce.py
[2026-05-05T01:51:31.396+0000] {processor.py:840} INFO - DAG(s) 'etl_ecommerce' retrieved from /opt/airflow/dags/etl_ecommerce.py
[2026-05-05T01:51:31.426+0000] {logging_mixin.py:188} INFO - [2026-05-05T01:51:31.426+0000] {dag.py:3036} INFO - Sync 1 DAGs
[2026-05-05T01:51:31.449+0000] {logging_mixin.py:188} INFO - [2026-05-05T01:51:31.449+0000] {dag.py:3823} INFO - Setting next_dagrun for etl_ecommerce to 2026-05-05 00:00:00+00:00, run_after=2026-05-06 00:00:00+00:00
[2026-05-05T01:51:31.467+0000] {processor.py:183} INFO - Processing /opt/airflow/dags/etl_ecommerce.py took 0.107 seconds
[2026-05-05T01:52:01.893+0000] {processor.py:161} INFO - Started process (PID=1509) to work on /opt/airflow/dags/etl_ecommerce.py
[2026-05-05T01:52:01.895+0000] {processor.py:830} INFO - Processing file /opt/airflow/dags/etl_ecommerce.py for tasks to queue
[2026-05-05T01:52:01.897+0000] {logging_mixin.py:188} INFO - [2026-05-05T01:52:01.896+0000] {dagbag.py:538} INFO - Filling up the DagBag from /opt/airflow/dags/etl_ecommerce.py
[2026-05-05T01:52:01.937+0000] {processor.py:840} INFO - DAG(s) 'etl_ecommerce' retrieved from /opt/airflow/dags/etl_ecommerce.py
[2026-05-05T01:52:01.982+0000] {logging_mixin.py:188} INFO - [2026-05-05T01:52:01.981+0000] {dag.py:3036} INFO - Sync 1 DAGs
[2026-05-05T01:52:02.005+0000] {logging_mixin.py:188} INFO - [2026-05-05T01:52:02.005+0000] {dag.py:3823} INFO - Setting next_dagrun for etl_ecommerce to 2026-05-05 00:00:00+00:00, run_after=2026-05-06 00:00:00+00:00
[2026-05-05T01:52:02.026+0000] {processor.py:183} INFO - Processing /opt/airflow/dags/etl_ecommerce.py took 0.139 seconds
[2026-05-05T01:52:32.400+0000] {processor.py:161} INFO - Started process (PID=1514) to work on /opt/airflow/dags/etl_ecommerce.py
[2026-05-05T01:52:32.401+0000] {processor.py:830} INFO - Processing file /opt/airflow/dags/etl_ecommerce.py for tasks to queue
[2026-05-05T01:52:32.403+0000] {logging_mixin.py:188} INFO - [2026-05-05T01:52:32.402+0000] {dagbag.py:538} INFO - Filling up the DagBag from /opt/airflow/dags/etl_ecommerce.py
[2026-05-05T01:52:32.431+0000] {processor.py:840} INFO - DAG(s) 'etl_ecommerce' retrieved from /opt/airflow/dags/etl_ecommerce.py
[2026-05-05T01:52:32.460+0000] {logging_mixin.py:188} INFO - [2026-05-05T01:52:32.459+0000] {dag.py:3036} INFO - Sync 1 DAGs
[2026-05-05T01:52:32.481+0000] {logging_mixin.py:188} INFO - [2026-05-05T01:52:32.481+0000] {dag.py:3823} INFO - Setting next_dagrun for etl_ecommerce to 2026-05-05 00:00:00+00:00, run_after=2026-05-06 00:00:00+00:00
[2026-05-05T01:52:32.502+0000] {processor.py:183} INFO - Processing /opt/airflow/dags/etl_ecommerce.py took 0.105 seconds
[2026-05-05T01:53:02.794+0000] {processor.py:161} INFO - Started process (PID=1519) to work on /opt/airflow/dags/etl_ecommerce.py
[2026-05-05T01:53:02.796+0000] {processor.py:830} INFO - Processing file /opt/airflow/dags/etl_ecommerce.py for tasks to queue
[2026-05-05T01:53:02.797+0000] {logging_mixin.py:188} INFO - [2026-05-05T01:53:02.796+0000] {dagbag.py:538} INFO - Filling up the DagBag from /opt/airflow/dags/etl_ecommerce.py
[2026-05-05T01:53:02.834+0000] {processor.py:840} INFO - DAG(s) 'etl_ecommerce' retrieved from /opt/airflow/dags/etl_ecommerce.py
[2026-05-05T01:53:02.878+0000] {logging_mixin.py:188} INFO - [2026-05-05T01:53:02.878+0000] {dag.py:3036} INFO - Sync 1 DAGs
[2026-05-05T01:53:02.902+0000] {logging_mixin.py:188} INFO - [2026-05-05T01:53:02.902+0000] {dag.py:3823} INFO - Setting next_dagrun for etl_ecommerce to 2026-05-05 00:00:00+00:00, run_after=2026-05-06 00:00:00+00:00
[2026-05-05T01:53:02.921+0000] {processor.py:183} INFO - Processing /opt/airflow/dags/etl_ecommerce.py took 0.131 seconds
[2026-05-05T01:53:33.447+0000] {processor.py:161} INFO - Started process (PID=1524) to work on /opt/airflow/dags/etl_ecommerce.py
[2026-05-05T01:53:33.448+0000] {processor.py:830} INFO - Processing file /opt/airflow/dags/etl_ecommerce.py for tasks to queue
[2026-05-05T01:53:33.450+0000] {logging_mixin.py:188} INFO - [2026-05-05T01:53:33.449+0000] {dagbag.py:538} INFO - Filling up the DagBag from /opt/airflow/dags/etl_ecommerce.py
[2026-05-05T01:53:33.477+0000] {processor.py:840} INFO - DAG(s) 'etl_ecommerce' retrieved from /opt/airflow/dags/etl_ecommerce.py
[2026-05-05T01:53:33.502+0000] {logging_mixin.py:188} INFO - [2026-05-05T01:53:33.502+0000] {dag.py:3036} INFO - Sync 1 DAGs
[2026-05-05T01:53:33.523+0000] {logging_mixin.py:188} INFO - [2026-05-05T01:53:33.523+0000] {dag.py:3823} INFO - Setting next_dagrun for etl_ecommerce to 2026-05-05 00:00:00+00:00, run_after=2026-05-06 00:00:00+00:00
[2026-05-05T01:53:33.541+0000] {processor.py:183} INFO - Processing /opt/airflow/dags/etl_ecommerce.py took 0.097 seconds
[2026-05-05T01:54:03.977+0000] {processor.py:161} INFO - Started process (PID=1529) to work on /opt/airflow/dags/etl_ecommerce.py
[2026-05-05T01:54:03.979+0000] {processor.py:830} INFO - Processing file /opt/airflow/dags/etl_ecommerce.py for tasks to queue
[2026-05-05T01:54:03.980+0000] {logging_mixin.py:188} INFO - [2026-05-05T01:54:03.979+0000] {dagbag.py:538} INFO - Filling up the DagBag from /opt/airflow/dags/etl_ecommerce.py
[2026-05-05T01:54:04.013+0000] {processor.py:840} INFO - DAG(s) 'etl_ecommerce' retrieved from /opt/airflow/dags/etl_ecommerce.py
[2026-05-05T01:54:04.056+0000] {logging_mixin.py:188} INFO - [2026-05-05T01:54:04.056+0000] {dag.py:3036} INFO - Sync 1 DAGs
[2026-05-05T01:54:04.077+0000] {logging_mixin.py:188} INFO - [2026-05-05T01:54:04.077+0000] {dag.py:3823} INFO - Setting next_dagrun for etl_ecommerce to 2026-05-05 00:00:00+00:00, run_after=2026-05-06 00:00:00+00:00
[2026-05-05T01:54:04.097+0000] {processor.py:183} INFO - Processing /opt/airflow/dags/etl_ecommerce.py took 0.124 seconds
[2026-05-05T01:54:34.495+0000] {processor.py:161} INFO - Started process (PID=1534) to work on /opt/airflow/dags/etl_ecommerce.py
[2026-05-05T01:54:34.496+0000] {processor.py:830} INFO - Processing file /opt/airflow/dags/etl_ecommerce.py for tasks to queue
[2026-05-05T01:54:34.498+0000] {logging_mixin.py:188} INFO - [2026-05-05T01:54:34.497+0000] {dagbag.py:538} INFO - Filling up the DagBag from /opt/airflow/dags/etl_ecommerce.py
[2026-05-05T01:54:34.527+0000] {processor.py:840} INFO - DAG(s) 'etl_ecommerce' retrieved from /opt/airflow/dags/etl_ecommerce.py
[2026-05-05T01:54:34.553+0000] {logging_mixin.py:188} INFO - [2026-05-05T01:54:34.553+0000] {dag.py:3036} INFO - Sync 1 DAGs
[2026-05-05T01:54:34.573+0000] {logging_mixin.py:188} INFO - [2026-05-05T01:54:34.573+0000] {dag.py:3823} INFO - Setting next_dagrun for etl_ecommerce to 2026-05-05 00:00:00+00:00, run_after=2026-05-06 00:00:00+00:00
[2026-05-05T01:54:34.592+0000] {processor.py:183} INFO - Processing /opt/airflow/dags/etl_ecommerce.py took 0.101 seconds
[2026-05-05T01:55:04.884+0000] {processor.py:161} INFO - Started process (PID=1539) to work on /opt/airflow/dags/etl_ecommerce.py
[2026-05-05T01:55:04.885+0000] {processor.py:830} INFO - Processing file /opt/airflow/dags/etl_ecommerce.py for tasks to queue
[2026-05-05T01:55:04.887+0000] {logging_mixin.py:188} INFO - [2026-05-05T01:55:04.886+0000] {dagbag.py:538} INFO - Filling up the DagBag from /opt/airflow/dags/etl_ecommerce.py
[2026-05-05T01:55:04.918+0000] {processor.py:840} INFO - DAG(s) 'etl_ecommerce' retrieved from /opt/airflow/dags/etl_ecommerce.py
[2026-05-05T01:55:04.958+0000] {logging_mixin.py:188} INFO - [2026-05-05T01:55:04.958+0000] {dag.py:3036} INFO - Sync 1 DAGs
[2026-05-05T01:55:04.978+0000] {logging_mixin.py:188} INFO - [2026-05-05T01:55:04.978+0000] {dag.py:3823} INFO - Setting next_dagrun for etl_ecommerce to 2026-05-05 00:00:00+00:00, run_after=2026-05-06 00:00:00+00:00
[2026-05-05T01:55:04.996+0000] {processor.py:183} INFO - Processing /opt/airflow/dags/etl_ecommerce.py took 0.116 seconds
[2026-05-05T01:55:35.261+0000] {processor.py:161} INFO - Started process (PID=1544) to work on /opt/airflow/dags/etl_ecommerce.py
[2026-05-05T01:55:35.262+0000] {processor.py:830} INFO - Processing file /opt/airflow/dags/etl_ecommerce.py for tasks to queue
[2026-05-05T01:55:35.263+0000] {logging_mixin.py:188} INFO - [2026-05-05T01:55:35.263+0000] {dagbag.py:538} INFO - Filling up the DagBag from /opt/airflow/dags/etl_ecommerce.py
[2026-05-05T01:55:35.291+0000] {processor.py:840} INFO - DAG(s) 'etl_ecommerce' retrieved from /opt/airflow/dags/etl_ecommerce.py
[2026-05-05T01:55:35.318+0000] {logging_mixin.py:188} INFO - [2026-05-05T01:55:35.317+0000] {dag.py:3036} INFO - Sync 1 DAGs
[2026-05-05T01:55:35.340+0000] {logging_mixin.py:188} INFO - [2026-05-05T01:55:35.340+0000] {dag.py:3823} INFO - Setting next_dagrun for etl_ecommerce to 2026-05-05 00:00:00+00:00, run_after=2026-05-06 00:00:00+00:00
[2026-05-05T01:55:35.361+0000] {processor.py:183} INFO - Processing /opt/airflow/dags/etl_ecommerce.py took 0.104 seconds
[2026-05-05T01:56:05.804+0000] {processor.py:161} INFO - Started process (PID=1549) to work on /opt/airflow/dags/etl_ecommerce.py
[2026-05-05T01:56:05.805+0000] {processor.py:830} INFO - Processing file /opt/airflow/dags/etl_ecommerce.py for tasks to queue
[2026-05-05T01:56:05.806+0000] {logging_mixin.py:188} INFO - [2026-05-05T01:56:05.806+0000] {dagbag.py:538} INFO - Filling up the DagBag from /opt/airflow/dags/etl_ecommerce.py
[2026-05-05T01:56:05.843+0000] {processor.py:840} INFO - DAG(s) 'etl_ecommerce' retrieved from /opt/airflow/dags/etl_ecommerce.py
[2026-05-05T01:56:05.883+0000] {logging_mixin.py:188} INFO - [2026-05-05T01:56:05.883+0000] {dag.py:3036} INFO - Sync 1 DAGs
[2026-05-05T01:56:05.904+0000] {logging_mixin.py:188} INFO - [2026-05-05T01:56:05.903+0000] {dag.py:3823} INFO - Setting next_dagrun for etl_ecommerce to 2026-05-05 00:00:00+00:00, run_after=2026-05-06 00:00:00+00:00
[2026-05-05T01:56:05.925+0000] {processor.py:183} INFO - Processing /opt/airflow/dags/etl_ecommerce.py took 0.124 seconds
[2026-05-05T01:56:36.294+0000] {processor.py:161} INFO - Started process (PID=1554) to work on /opt/airflow/dags/etl_ecommerce.py
[2026-05-05T01:56:36.295+0000] {processor.py:830} INFO - Processing file /opt/airflow/dags/etl_ecommerce.py for tasks to queue
[2026-05-05T01:56:36.296+0000] {logging_mixin.py:188} INFO - [2026-05-05T01:56:36.296+0000] {dagbag.py:538} INFO - Filling up the DagBag from /opt/airflow/dags/etl_ecommerce.py
[2026-05-05T01:56:36.321+0000] {processor.py:840} INFO - DAG(s) 'etl_ecommerce' retrieved from /opt/airflow/dags/etl_ecommerce.py
[2026-05-05T01:56:36.346+0000] {logging_mixin.py:188} INFO - [2026-05-05T01:56:36.346+0000] {dag.py:3036} INFO - Sync 1 DAGs
[2026-05-05T01:56:36.366+0000] {logging_mixin.py:188} INFO - [2026-05-05T01:56:36.366+0000] {dag.py:3823} INFO - Setting next_dagrun for etl_ecommerce to 2026-05-05 00:00:00+00:00, run_after=2026-05-06 00:00:00+00:00
[2026-05-05T01:56:36.387+0000] {processor.py:183} INFO - Processing /opt/airflow/dags/etl_ecommerce.py took 0.097 seconds
[2026-05-05T01:57:06.790+0000] {processor.py:161} INFO - Started process (PID=1559) to work on /opt/airflow/dags/etl_ecommerce.py
[2026-05-05T01:57:06.792+0000] {processor.py:830} INFO - Processing file /opt/airflow/dags/etl_ecommerce.py for tasks to queue
[2026-05-05T01:57:06.793+0000] {logging_mixin.py:188} INFO - [2026-05-05T01:57:06.793+0000] {dagbag.py:538} INFO - Filling up the DagBag from /opt/airflow/dags/etl_ecommerce.py
[2026-05-05T01:57:06.817+0000] {processor.py:840} INFO - DAG(s) 'etl_ecommerce' retrieved from /opt/airflow/dags/etl_ecommerce.py
[2026-05-05T01:57:06.845+0000] {logging_mixin.py:188} INFO - [2026-05-05T01:57:06.845+0000] {dag.py:3036} INFO - Sync 1 DAGs
[2026-05-05T01:57:06.867+0000] {logging_mixin.py:188} INFO - [2026-05-05T01:57:06.867+0000] {dag.py:3823} INFO - Setting next_dagrun for etl_ecommerce to 2026-05-05 00:00:00+00:00, run_after=2026-05-06 00:00:00+00:00
[2026-05-05T01:57:06.886+0000] {processor.py:183} INFO - Processing /opt/airflow/dags/etl_ecommerce.py took 0.099 seconds
[2026-05-05T01:57:37.215+0000] {processor.py:161} INFO - Started process (PID=1564) to work on /opt/airflow/dags/etl_ecommerce.py
[2026-05-05T01:57:37.216+0000] {processor.py:830} INFO - Processing file /opt/airflow/dags/etl_ecommerce.py for tasks to queue
[2026-05-05T01:57:37.217+0000] {logging_mixin.py:188} INFO - [2026-05-05T01:57:37.217+0000] {dagbag.py:538} INFO - Filling up the DagBag from /opt/airflow/dags/etl_ecommerce.py
[2026-05-05T01:57:37.246+0000] {processor.py:840} INFO - DAG(s) 'etl_ecommerce' retrieved from /opt/airflow/dags/etl_ecommerce.py
[2026-05-05T01:57:37.273+0000] {logging_mixin.py:188} INFO - [2026-05-05T01:57:37.272+0000] {dag.py:3036} INFO - Sync 1 DAGs
[2026-05-05T01:57:37.296+0000] {logging_mixin.py:188} INFO - [2026-05-05T01:57:37.295+0000] {dag.py:3823} INFO - Setting next_dagrun for etl_ecommerce to 2026-05-05 00:00:00+00:00, run_after=2026-05-06 00:00:00+00:00
[2026-05-05T01:57:37.315+0000] {processor.py:183} INFO - Processing /opt/airflow/dags/etl_ecommerce.py took 0.104 seconds
[2026-05-05T01:58:07.786+0000] {processor.py:161} INFO - Started process (PID=1569) to work on /opt/airflow/dags/etl_ecommerce.py
[2026-05-05T01:58:07.787+0000] {processor.py:830} INFO - Processing file /opt/airflow/dags/etl_ecommerce.py for tasks to queue
[2026-05-05T01:58:07.788+0000] {logging_mixin.py:188} INFO - [2026-05-05T01:58:07.788+0000] {dagbag.py:538} INFO - Filling up the DagBag from /opt/airflow/dags/etl_ecommerce.py
[2026-05-05T01:58:07.849+0000] {processor.py:840} INFO - DAG(s) 'etl_ecommerce' retrieved from /opt/airflow/dags/etl_ecommerce.py
[2026-05-05T01:58:07.915+0000] {logging_mixin.py:188} INFO - [2026-05-05T01:58:07.914+0000] {dag.py:3036} INFO - Sync 1 DAGs
[2026-05-05T01:58:07.954+0000] {logging_mixin.py:188} INFO - [2026-05-05T01:58:07.953+0000] {dag.py:3823} INFO - Setting next_dagrun for etl_ecommerce to 2026-05-05 00:00:00+00:00, run_after=2026-05-06 00:00:00+00:00
[2026-05-05T01:58:07.979+0000] {processor.py:183} INFO - Processing /opt/airflow/dags/etl_ecommerce.py took 0.198 seconds
[2026-05-05T01:58:38.306+0000] {processor.py:161} INFO - Started process (PID=1574) to work on /opt/airflow/dags/etl_ecommerce.py
[2026-05-05T01:58:38.307+0000] {processor.py:830} INFO - Processing file /opt/airflow/dags/etl_ecommerce.py for tasks to queue
[2026-05-05T01:58:38.308+0000] {logging_mixin.py:188} INFO - [2026-05-05T01:58:38.308+0000] {dagbag.py:538} INFO - Filling up the DagBag from /opt/airflow/dags/etl_ecommerce.py
[2026-05-05T01:58:38.340+0000] {processor.py:840} INFO - DAG(s) 'etl_ecommerce' retrieved from /opt/airflow/dags/etl_ecommerce.py
[2026-05-05T01:58:38.371+0000] {logging_mixin.py:188} INFO - [2026-05-05T01:58:38.371+0000] {dag.py:3036} INFO - Sync 1 DAGs
[2026-05-05T01:58:38.394+0000] {logging_mixin.py:188} INFO - [2026-05-05T01:58:38.394+0000] {dag.py:3823} INFO - Setting next_dagrun for etl_ecommerce to 2026-05-05 00:00:00+00:00, run_after=2026-05-06 00:00:00+00:00
[2026-05-05T01:58:38.415+0000] {processor.py:183} INFO - Processing /opt/airflow/dags/etl_ecommerce.py took 0.113 seconds
[2026-05-05T01:59:08.785+0000] {processor.py:161} INFO - Started process (PID=1579) to work on /opt/airflow/dags/etl_ecommerce.py
[2026-05-05T01:59:08.786+0000] {processor.py:830} INFO - Processing file /opt/airflow/dags/etl_ecommerce.py for tasks to queue
[2026-05-05T01:59:08.787+0000] {logging_mixin.py:188} INFO - [2026-05-05T01:59:08.787+0000] {dagbag.py:538} INFO - Filling up the DagBag from /opt/airflow/dags/etl_ecommerce.py
[2026-05-05T01:59:08.823+0000] {processor.py:840} INFO - DAG(s) 'etl_ecommerce' retrieved from /opt/airflow/dags/etl_ecommerce.py
[2026-05-05T01:59:08.864+0000] {logging_mixin.py:188} INFO - [2026-05-05T01:59:08.864+0000] {dag.py:3036} INFO - Sync 1 DAGs
[2026-05-05T01:59:08.884+0000] {logging_mixin.py:188} INFO - [2026-05-05T01:59:08.884+0000] {dag.py:3823} INFO - Setting next_dagrun for etl_ecommerce to 2026-05-05 00:00:00+00:00, run_after=2026-05-06 00:00:00+00:00
[2026-05-05T01:59:08.902+0000] {processor.py:183} INFO - Processing /opt/airflow/dags/etl_ecommerce.py took 0.121 seconds
[2026-05-05T01:59:39.225+0000] {processor.py:161} INFO - Started process (PID=1584) to work on /opt/airflow/dags/etl_ecommerce.py
[2026-05-05T01:59:39.226+0000] {processor.py:830} INFO - Processing file /opt/airflow/dags/etl_ecommerce.py for tasks to queue
[2026-05-05T01:59:39.227+0000] {logging_mixin.py:188} INFO - [2026-05-05T01:59:39.227+0000] {dagbag.py:538} INFO - Filling up the DagBag from /opt/airflow/dags/etl_ecommerce.py
[2026-05-05T01:59:39.257+0000] {processor.py:840} INFO - DAG(s) 'etl_ecommerce' retrieved from /opt/airflow/dags/etl_ecommerce.py
[2026-05-05T01:59:39.284+0000] {logging_mixin.py:188} INFO - [2026-05-05T01:59:39.283+0000] {dag.py:3036} INFO - Sync 1 DAGs
[2026-05-05T01:59:39.306+0000] {logging_mixin.py:188} INFO - [2026-05-05T01:59:39.306+0000] {dag.py:3823} INFO - Setting next_dagrun for etl_ecommerce to 2026-05-05 00:00:00+00:00, run_after=2026-05-06 00:00:00+00:00
[2026-05-05T01:59:39.325+0000] {processor.py:183} INFO - Processing /opt/airflow/dags/etl_ecommerce.py took 0.104 seconds
[2026-05-05T02:00:09.890+0000] {processor.py:161} INFO - Started process (PID=1589) to work on /opt/airflow/dags/etl_ecommerce.py
[2026-05-05T02:00:09.891+0000] {processor.py:830} INFO - Processing file /opt/airflow/dags/etl_ecommerce.py for tasks to queue
[2026-05-05T02:00:09.892+0000] {logging_mixin.py:188} INFO - [2026-05-05T02:00:09.892+0000] {dagbag.py:538} INFO - Filling up the DagBag from /opt/airflow/dags/etl_ecommerce.py
[2026-05-05T02:00:09.919+0000] {processor.py:840} INFO - DAG(s) 'etl_ecommerce' retrieved from /opt/airflow/dags/etl_ecommerce.py
[2026-05-05T02:00:09.944+0000] {logging_mixin.py:188} INFO - [2026-05-05T02:00:09.944+0000] {dag.py:3036} INFO - Sync 1 DAGs
[2026-05-05T02:00:09.966+0000] {logging_mixin.py:188} INFO - [2026-05-05T02:00:09.966+0000] {dag.py:3823} INFO - Setting next_dagrun for etl_ecommerce to 2026-05-05 00:00:00+00:00, run_after=2026-05-06 00:00:00+00:00
[2026-05-05T02:00:09.985+0000] {processor.py:183} INFO - Processing /opt/airflow/dags/etl_ecommerce.py took 0.098 seconds
[2026-05-05T02:00:40.275+0000] {processor.py:161} INFO - Started process (PID=1594) to work on /opt/airflow/dags/etl_ecommerce.py
[2026-05-05T02:00:40.276+0000] {processor.py:830} INFO - Processing file /opt/airflow/dags/etl_ecommerce.py for tasks to queue
[2026-05-05T02:00:40.277+0000] {logging_mixin.py:188} INFO - [2026-05-05T02:00:40.277+0000] {dagbag.py:538} INFO - Filling up the DagBag from /opt/airflow/dags/etl_ecommerce.py
[2026-05-05T02:00:40.308+0000] {processor.py:840} INFO - DAG(s) 'etl_ecommerce' retrieved from /opt/airflow/dags/etl_ecommerce.py
[2026-05-05T02:00:40.339+0000] {logging_mixin.py:188} INFO - [2026-05-05T02:00:40.339+0000] {dag.py:3036} INFO - Sync 1 DAGs
[2026-05-05T02:00:40.367+0000] {logging_mixin.py:188} INFO - [2026-05-05T02:00:40.367+0000] {dag.py:3823} INFO - Setting next_dagrun for etl_ecommerce to 2026-05-05 00:00:00+00:00, run_after=2026-05-06 00:00:00+00:00
[2026-05-05T02:00:40.392+0000] {processor.py:183} INFO - Processing /opt/airflow/dags/etl_ecommerce.py took 0.122 seconds
[2026-05-05T02:01:10.751+0000] {processor.py:161} INFO - Started process (PID=1599) to work on /opt/airflow/dags/etl_ecommerce.py
[2026-05-05T02:01:10.812+0000] {processor.py:830} INFO - Processing file /opt/airflow/dags/etl_ecommerce.py for tasks to queue
[2026-05-05T02:01:10.813+0000] {logging_mixin.py:188} INFO - [2026-05-05T02:01:10.813+0000] {dagbag.py:538} INFO - Filling up the DagBag from /opt/airflow/dags/etl_ecommerce.py
[2026-05-05T02:01:10.877+0000] {processor.py:840} INFO - DAG(s) 'etl_ecommerce' retrieved from /opt/airflow/dags/etl_ecommerce.py
[2026-05-05T02:01:10.910+0000] {logging_mixin.py:188} INFO - [2026-05-05T02:01:10.910+0000] {dag.py:3036} INFO - Sync 1 DAGs
[2026-05-05T02:01:10.942+0000] {logging_mixin.py:188} INFO - [2026-05-05T02:01:10.942+0000] {dag.py:3823} INFO - Setting next_dagrun for etl_ecommerce to 2026-05-05 00:00:00+00:00, run_after=2026-05-06 00:00:00+00:00
[2026-05-05T02:01:10.963+0000] {processor.py:183} INFO - Processing /opt/airflow/dags/etl_ecommerce.py took 0.215 seconds
[2026-05-05T02:01:41.270+0000] {processor.py:161} INFO - Started process (PID=1604) to work on /opt/airflow/dags/etl_ecommerce.py
[2026-05-05T02:01:41.273+0000] {processor.py:830} INFO - Processing file /opt/airflow/dags/etl_ecommerce.py for tasks to queue
[2026-05-05T02:01:41.274+0000] {logging_mixin.py:188} INFO - [2026-05-05T02:01:41.274+0000] {dagbag.py:538} INFO - Filling up the DagBag from /opt/airflow/dags/etl_ecommerce.py
[2026-05-05T02:01:41.305+0000] {processor.py:840} INFO - DAG(s) 'etl_ecommerce' retrieved from /opt/airflow/dags/etl_ecommerce.py
[2026-05-05T02:01:41.341+0000] {logging_mixin.py:188} INFO - [2026-05-05T02:01:41.340+0000] {dag.py:3036} INFO - Sync 1 DAGs
[2026-05-05T02:01:41.370+0000] {logging_mixin.py:188} INFO - [2026-05-05T02:01:41.370+0000] {dag.py:3823} INFO - Setting next_dagrun for etl_ecommerce to 2026-05-05 00:00:00+00:00, run_after=2026-05-06 00:00:00+00:00
[2026-05-05T02:01:41.394+0000] {processor.py:183} INFO - Processing /opt/airflow/dags/etl_ecommerce.py took 0.128 seconds
[2026-05-05T02:02:11.777+0000] {processor.py:161} INFO - Started process (PID=1609) to work on /opt/airflow/dags/etl_ecommerce.py
[2026-05-05T02:02:11.779+0000] {processor.py:830} INFO - Processing file /opt/airflow/dags/etl_ecommerce.py for tasks to queue
[2026-05-05T02:02:11.781+0000] {logging_mixin.py:188} INFO - [2026-05-05T02:02:11.780+0000] {dagbag.py:538} INFO - Filling up the DagBag from /opt/airflow/dags/etl_ecommerce.py
[2026-05-05T02:02:11.810+0000] {processor.py:840} INFO - DAG(s) 'etl_ecommerce' retrieved from /opt/airflow/dags/etl_ecommerce.py
[2026-05-05T02:02:11.844+0000] {logging_mixin.py:188} INFO - [2026-05-05T02:02:11.844+0000] {dag.py:3036} INFO - Sync 1 DAGs
[2026-05-05T02:02:11.872+0000] {logging_mixin.py:188} INFO - [2026-05-05T02:02:11.872+0000] {dag.py:3823} INFO - Setting next_dagrun for etl_ecommerce to 2026-05-05 00:00:00+00:00, run_after=2026-05-06 00:00:00+00:00
[2026-05-05T02:02:11.895+0000] {processor.py:183} INFO - Processing /opt/airflow/dags/etl_ecommerce.py took 0.122 seconds
[2026-05-05T02:02:42.139+0000] {processor.py:161} INFO - Started process (PID=1614) to work on /opt/airflow/dags/etl_ecommerce.py
[2026-05-05T02:02:42.140+0000] {processor.py:830} INFO - Processing file /opt/airflow/dags/etl_ecommerce.py for tasks to queue
[2026-05-05T02:02:42.141+0000] {logging_mixin.py:188} INFO - [2026-05-05T02:02:42.141+0000] {dagbag.py:538} INFO - Filling up the DagBag from /opt/airflow/dags/etl_ecommerce.py
[2026-05-05T02:02:42.170+0000] {processor.py:840} INFO - DAG(s) 'etl_ecommerce' retrieved from /opt/airflow/dags/etl_ecommerce.py
[2026-05-05T02:02:42.202+0000] {logging_mixin.py:188} INFO - [2026-05-05T02:02:42.202+0000] {dag.py:3036} INFO - Sync 1 DAGs
[2026-05-05T02:02:42.229+0000] {logging_mixin.py:188} INFO - [2026-05-05T02:02:42.229+0000] {dag.py:3823} INFO - Setting next_dagrun for etl_ecommerce to 2026-05-05 00:00:00+00:00, run_after=2026-05-06 00:00:00+00:00
[2026-05-05T02:02:42.250+0000] {processor.py:183} INFO - Processing /opt/airflow/dags/etl_ecommerce.py took 0.116 seconds
[2026-05-05T02:03:12.620+0000] {processor.py:161} INFO - Started process (PID=1619) to work on /opt/airflow/dags/etl_ecommerce.py
[2026-05-05T02:03:12.623+0000] {processor.py:830} INFO - Processing file /opt/airflow/dags/etl_ecommerce.py for tasks to queue
[2026-05-05T02:03:12.626+0000] {logging_mixin.py:188} INFO - [2026-05-05T02:03:12.625+0000] {dagbag.py:538} INFO - Filling up the DagBag from /opt/airflow/dags/etl_ecommerce.py
[2026-05-05T02:03:12.664+0000] {processor.py:840} INFO - DAG(s) 'etl_ecommerce' retrieved from /opt/airflow/dags/etl_ecommerce.py
[2026-05-05T02:03:12.719+0000] {logging_mixin.py:188} INFO - [2026-05-05T02:03:12.719+0000] {dag.py:3036} INFO - Sync 1 DAGs
[2026-05-05T02:03:12.751+0000] {logging_mixin.py:188} INFO - [2026-05-05T02:03:12.751+0000] {dag.py:3823} INFO - Setting next_dagrun for etl_ecommerce to 2026-05-05 00:00:00+00:00, run_after=2026-05-06 00:00:00+00:00
[2026-05-05T02:03:12.781+0000] {processor.py:183} INFO - Processing /opt/airflow/dags/etl_ecommerce.py took 0.166 seconds
[2026-05-05T02:03:42.943+0000] {processor.py:161} INFO - Started process (PID=1624) to work on /opt/airflow/dags/etl_ecommerce.py
[2026-05-05T02:03:42.945+0000] {processor.py:830} INFO - Processing file /opt/airflow/dags/etl_ecommerce.py for tasks to queue
[2026-05-05T02:03:42.946+0000] {logging_mixin.py:188} INFO - [2026-05-05T02:03:42.946+0000] {dagbag.py:538} INFO - Filling up the DagBag from /opt/airflow/dags/etl_ecommerce.py
[2026-05-05T02:03:42.978+0000] {processor.py:840} INFO - DAG(s) 'etl_ecommerce' retrieved from /opt/airflow/dags/etl_ecommerce.py
[2026-05-05T02:03:43.017+0000] {logging_mixin.py:188} INFO - [2026-05-05T02:03:43.017+0000] {dag.py:3036} INFO - Sync 1 DAGs
[2026-05-05T02:03:43.048+0000] {logging_mixin.py:188} INFO - [2026-05-05T02:03:43.048+0000] {dag.py:3823} INFO - Setting next_dagrun for etl_ecommerce to 2026-05-05 00:00:00+00:00, run_after=2026-05-06 00:00:00+00:00
[2026-05-05T02:03:43.075+0000] {processor.py:183} INFO - Processing /opt/airflow/dags/etl_ecommerce.py took 0.136 seconds
[2026-05-05T02:04:13.304+0000] {processor.py:161} INFO - Started process (PID=1629) to work on /opt/airflow/dags/etl_ecommerce.py
[2026-05-05T02:04:13.308+0000] {processor.py:830} INFO - Processing file /opt/airflow/dags/etl_ecommerce.py for tasks to queue
[2026-05-05T02:04:13.311+0000] {logging_mixin.py:188} INFO - [2026-05-05T02:04:13.310+0000] {dagbag.py:538} INFO - Filling up the DagBag from /opt/airflow/dags/etl_ecommerce.py
[2026-05-05T02:04:13.412+0000] {processor.py:840} INFO - DAG(s) 'etl_ecommerce' retrieved from /opt/airflow/dags/etl_ecommerce.py
[2026-05-05T02:04:13.566+0000] {logging_mixin.py:188} INFO - [2026-05-05T02:04:13.565+0000] {dag.py:3036} INFO - Sync 1 DAGs
[2026-05-05T02:04:13.635+0000] {logging_mixin.py:188} INFO - [2026-05-05T02:04:13.635+0000] {dag.py:3823} INFO - Setting next_dagrun for etl_ecommerce to 2026-05-05 00:00:00+00:00, run_after=2026-05-06 00:00:00+00:00
[2026-05-05T02:04:13.675+0000] {processor.py:183} INFO - Processing /opt/airflow/dags/etl_ecommerce.py took 0.383 seconds
[2026-05-05T02:04:43.755+0000] {processor.py:161} INFO - Started process (PID=1634) to work on /opt/airflow/dags/etl_ecommerce.py
[2026-05-05T02:04:43.757+0000] {processor.py:830} INFO - Processing file /opt/airflow/dags/etl_ecommerce.py for tasks to queue
[2026-05-05T02:04:43.758+0000] {logging_mixin.py:188} INFO - [2026-05-05T02:04:43.758+0000] {dagbag.py:538} INFO - Filling up the DagBag from /opt/airflow/dags/etl_ecommerce.py
[2026-05-05T02:04:43.787+0000] {processor.py:840} INFO - DAG(s) 'etl_ecommerce' retrieved from /opt/airflow/dags/etl_ecommerce.py
[2026-05-05T02:04:43.821+0000] {logging_mixin.py:188} INFO - [2026-05-05T02:04:43.820+0000] {dag.py:3036} INFO - Sync 1 DAGs
[2026-05-05T02:04:43.845+0000] {logging_mixin.py:188} INFO - [2026-05-05T02:04:43.845+0000] {dag.py:3823} INFO - Setting next_dagrun for etl_ecommerce to 2026-05-05 00:00:00+00:00, run_after=2026-05-06 00:00:00+00:00
[2026-05-05T02:04:43.868+0000] {processor.py:183} INFO - Processing /opt/airflow/dags/etl_ecommerce.py took 0.117 seconds
[2026-05-05T02:05:14.148+0000] {processor.py:161} INFO - Started process (PID=1639) to work on /opt/airflow/dags/etl_ecommerce.py
[2026-05-05T02:05:14.149+0000] {processor.py:830} INFO - Processing file /opt/airflow/dags/etl_ecommerce.py for tasks to queue
[2026-05-05T02:05:14.151+0000] {logging_mixin.py:188} INFO - [2026-05-05T02:05:14.150+0000] {dagbag.py:538} INFO - Filling up the DagBag from /opt/airflow/dags/etl_ecommerce.py
[2026-05-05T02:05:14.179+0000] {processor.py:840} INFO - DAG(s) 'etl_ecommerce' retrieved from /opt/airflow/dags/etl_ecommerce.py
[2026-05-05T02:05:14.225+0000] {logging_mixin.py:188} INFO - [2026-05-05T02:05:14.225+0000] {dag.py:3036} INFO - Sync 1 DAGs
[2026-05-05T02:05:14.251+0000] {logging_mixin.py:188} INFO - [2026-05-05T02:05:14.251+0000] {dag.py:3823} INFO - Setting next_dagrun for etl_ecommerce to 2026-05-05 00:00:00+00:00, run_after=2026-05-06 00:00:00+00:00
[2026-05-05T02:05:14.277+0000] {processor.py:183} INFO - Processing /opt/airflow/dags/etl_ecommerce.py took 0.133 seconds
[2026-05-05T02:05:44.612+0000] {processor.py:161} INFO - Started process (PID=1644) to work on /opt/airflow/dags/etl_ecommerce.py
[2026-05-05T02:05:44.614+0000] {processor.py:830} INFO - Processing file /opt/airflow/dags/etl_ecommerce.py for tasks to queue
[2026-05-05T02:05:44.615+0000] {logging_mixin.py:188} INFO - [2026-05-05T02:05:44.615+0000] {dagbag.py:538} INFO - Filling up the DagBag from /opt/airflow/dags/etl_ecommerce.py
[2026-05-05T02:05:44.649+0000] {processor.py:840} INFO - DAG(s) 'etl_ecommerce' retrieved from /opt/airflow/dags/etl_ecommerce.py
[2026-05-05T02:05:44.681+0000] {logging_mixin.py:188} INFO - [2026-05-05T02:05:44.681+0000] {dag.py:3036} INFO - Sync 1 DAGs
[2026-05-05T02:05:44.705+0000] {logging_mixin.py:188} INFO - [2026-05-05T02:05:44.705+0000] {dag.py:3823} INFO - Setting next_dagrun for etl_ecommerce to 2026-05-05 00:00:00+00:00, run_after=2026-05-06 00:00:00+00:00
[2026-05-05T02:05:44.726+0000] {processor.py:183} INFO - Processing /opt/airflow/dags/etl_ecommerce.py took 0.118 seconds
[2026-05-05T02:06:15.028+0000] {processor.py:161} INFO - Started process (PID=1649) to work on /opt/airflow/dags/etl_ecommerce.py
[2026-05-05T02:06:15.030+0000] {processor.py:830} INFO - Processing file /opt/airflow/dags/etl_ecommerce.py for tasks to queue
[2026-05-05T02:06:15.032+0000] {logging_mixin.py:188} INFO - [2026-05-05T02:06:15.032+0000] {dagbag.py:538} INFO - Filling up the DagBag from /opt/airflow/dags/etl_ecommerce.py
[2026-05-05T02:06:15.071+0000] {processor.py:840} INFO - DAG(s) 'etl_ecommerce' retrieved from /opt/airflow/dags/etl_ecommerce.py
[2026-05-05T02:06:15.109+0000] {logging_mixin.py:188} INFO - [2026-05-05T02:06:15.108+0000] {dag.py:3036} INFO - Sync 1 DAGs
[2026-05-05T02:06:15.142+0000] {logging_mixin.py:188} INFO - [2026-05-05T02:06:15.142+0000] {dag.py:3823} INFO - Setting next_dagrun for etl_ecommerce to 2026-05-05 00:00:00+00:00, run_after=2026-05-06 00:00:00+00:00
[2026-05-05T02:06:15.170+0000] {processor.py:183} INFO - Processing /opt/airflow/dags/etl_ecommerce.py took 0.148 seconds
[2026-05-05T02:06:45.393+0000] {processor.py:161} INFO - Started process (PID=1654) to work on /opt/airflow/dags/etl_ecommerce.py
[2026-05-05T02:06:45.395+0000] {processor.py:830} INFO - Processing file /opt/airflow/dags/etl_ecommerce.py for tasks to queue
[2026-05-05T02:06:45.396+0000] {logging_mixin.py:188} INFO - [2026-05-05T02:06:45.396+0000] {dagbag.py:538} INFO - Filling up the DagBag from /opt/airflow/dags/etl_ecommerce.py
[2026-05-05T02:06:45.427+0000] {processor.py:840} INFO - DAG(s) 'etl_ecommerce' retrieved from /opt/airflow/dags/etl_ecommerce.py
[2026-05-05T02:06:45.459+0000] {logging_mixin.py:188} INFO - [2026-05-05T02:06:45.459+0000] {dag.py:3036} INFO - Sync 1 DAGs
[2026-05-05T02:06:45.484+0000] {logging_mixin.py:188} INFO - [2026-05-05T02:06:45.484+0000] {dag.py:3823} INFO - Setting next_dagrun for etl_ecommerce to 2026-05-05 00:00:00+00:00, run_after=2026-05-06 00:00:00+00:00
[2026-05-05T02:06:45.503+0000] {processor.py:183} INFO - Processing /opt/airflow/dags/etl_ecommerce.py took 0.114 seconds
[2026-05-05T02:07:15.828+0000] {processor.py:161} INFO - Started process (PID=1659) to work on /opt/airflow/dags/etl_ecommerce.py
[2026-05-05T02:07:15.829+0000] {processor.py:830} INFO - Processing file /opt/airflow/dags/etl_ecommerce.py for tasks to queue
[2026-05-05T02:07:15.830+0000] {logging_mixin.py:188} INFO - [2026-05-05T02:07:15.830+0000] {dagbag.py:538} INFO - Filling up the DagBag from /opt/airflow/dags/etl_ecommerce.py
[2026-05-05T02:07:15.858+0000] {processor.py:840} INFO - DAG(s) 'etl_ecommerce' retrieved from /opt/airflow/dags/etl_ecommerce.py
[2026-05-05T02:07:15.889+0000] {logging_mixin.py:188} INFO - [2026-05-05T02:07:15.889+0000] {dag.py:3036} INFO - Sync 1 DAGs
[2026-05-05T02:07:15.913+0000] {logging_mixin.py:188} INFO - [2026-05-05T02:07:15.913+0000] {dag.py:3823} INFO - Setting next_dagrun for etl_ecommerce to 2026-05-05 00:00:00+00:00, run_after=2026-05-06 00:00:00+00:00
[2026-05-05T02:07:15.933+0000] {processor.py:183} INFO - Processing /opt/airflow/dags/etl_ecommerce.py took 0.109 seconds
[2026-05-05T02:07:46.200+0000] {processor.py:161} INFO - Started process (PID=1664) to work on /opt/airflow/dags/etl_ecommerce.py
[2026-05-05T02:07:46.202+0000] {processor.py:830} INFO - Processing file /opt/airflow/dags/etl_ecommerce.py for tasks to queue
[2026-05-05T02:07:46.203+0000] {logging_mixin.py:188} INFO - [2026-05-05T02:07:46.203+0000] {dagbag.py:538} INFO - Filling up the DagBag from /opt/airflow/dags/etl_ecommerce.py
[2026-05-05T02:07:46.239+0000] {processor.py:840} INFO - DAG(s) 'etl_ecommerce' retrieved from /opt/airflow/dags/etl_ecommerce.py
[2026-05-05T02:07:46.275+0000] {logging_mixin.py:188} INFO - [2026-05-05T02:07:46.275+0000] {dag.py:3036} INFO - Sync 1 DAGs
[2026-05-05T02:07:46.312+0000] {logging_mixin.py:188} INFO - [2026-05-05T02:07:46.311+0000] {dag.py:3823} INFO - Setting next_dagrun for etl_ecommerce to 2026-05-05 00:00:00+00:00, run_after=2026-05-06 00:00:00+00:00
[2026-05-05T02:07:46.336+0000] {processor.py:183} INFO - Processing /opt/airflow/dags/etl_ecommerce.py took 0.142 seconds
[2026-05-05T02:08:16.675+0000] {processor.py:161} INFO - Started process (PID=1669) to work on /opt/airflow/dags/etl_ecommerce.py
[2026-05-05T02:08:16.676+0000] {processor.py:830} INFO - Processing file /opt/airflow/dags/etl_ecommerce.py for tasks to queue
[2026-05-05T02:08:16.678+0000] {logging_mixin.py:188} INFO - [2026-05-05T02:08:16.677+0000] {dagbag.py:538} INFO - Filling up the DagBag from /opt/airflow/dags/etl_ecommerce.py
[2026-05-05T02:08:16.703+0000] {processor.py:840} INFO - DAG(s) 'etl_ecommerce' retrieved from /opt/airflow/dags/etl_ecommerce.py
[2026-05-05T02:08:16.729+0000] {logging_mixin.py:188} INFO - [2026-05-05T02:08:16.729+0000] {dag.py:3036} INFO - Sync 1 DAGs
[2026-05-05T02:08:16.750+0000] {logging_mixin.py:188} INFO - [2026-05-05T02:08:16.750+0000] {dag.py:3823} INFO - Setting next_dagrun for etl_ecommerce to 2026-05-05 00:00:00+00:00, run_after=2026-05-06 00:00:00+00:00
[2026-05-05T02:08:16.769+0000] {processor.py:183} INFO - Processing /opt/airflow/dags/etl_ecommerce.py took 0.098 seconds
[2026-05-05T02:08:47.022+0000] {processor.py:161} INFO - Started process (PID=1674) to work on /opt/airflow/dags/etl_ecommerce.py
[2026-05-05T02:08:47.024+0000] {processor.py:830} INFO - Processing file /opt/airflow/dags/etl_ecommerce.py for tasks to queue
[2026-05-05T02:08:47.025+0000] {logging_mixin.py:188} INFO - [2026-05-05T02:08:47.025+0000] {dagbag.py:538} INFO - Filling up the DagBag from /opt/airflow/dags/etl_ecommerce.py
[2026-05-05T02:08:47.056+0000] {processor.py:840} INFO - DAG(s) 'etl_ecommerce' retrieved from /opt/airflow/dags/etl_ecommerce.py
[2026-05-05T02:08:47.091+0000] {logging_mixin.py:188} INFO - [2026-05-05T02:08:47.091+0000] {dag.py:3036} INFO - Sync 1 DAGs
[2026-05-05T02:08:47.115+0000] {logging_mixin.py:188} INFO - [2026-05-05T02:08:47.114+0000] {dag.py:3823} INFO - Setting next_dagrun for etl_ecommerce to 2026-05-05 00:00:00+00:00, run_after=2026-05-06 00:00:00+00:00
[2026-05-05T02:08:47.135+0000] {processor.py:183} INFO - Processing /opt/airflow/dags/etl_ecommerce.py took 0.118 seconds
[2026-05-05T02:09:17.567+0000] {processor.py:161} INFO - Started process (PID=1679) to work on /opt/airflow/dags/etl_ecommerce.py
[2026-05-05T02:09:17.568+0000] {processor.py:830} INFO - Processing file /opt/airflow/dags/etl_ecommerce.py for tasks to queue
[2026-05-05T02:09:17.569+0000] {logging_mixin.py:188} INFO - [2026-05-05T02:09:17.569+0000] {dagbag.py:538} INFO - Filling up the DagBag from /opt/airflow/dags/etl_ecommerce.py
[2026-05-05T02:09:17.598+0000] {processor.py:840} INFO - DAG(s) 'etl_ecommerce' retrieved from /opt/airflow/dags/etl_ecommerce.py
[2026-05-05T02:09:17.628+0000] {logging_mixin.py:188} INFO - [2026-05-05T02:09:17.628+0000] {dag.py:3036} INFO - Sync 1 DAGs
[2026-05-05T02:09:17.650+0000] {logging_mixin.py:188} INFO - [2026-05-05T02:09:17.650+0000] {dag.py:3823} INFO - Setting next_dagrun for etl_ecommerce to 2026-05-05 00:00:00+00:00, run_after=2026-05-06 00:00:00+00:00
[2026-05-05T02:09:17.671+0000] {processor.py:183} INFO - Processing /opt/airflow/dags/etl_ecommerce.py took 0.109 seconds
[2026-05-05T02:09:48.017+0000] {processor.py:161} INFO - Started process (PID=1684) to work on /opt/airflow/dags/etl_ecommerce.py
[2026-05-05T02:09:48.018+0000] {processor.py:830} INFO - Processing file /opt/airflow/dags/etl_ecommerce.py for tasks to queue
[2026-05-05T02:09:48.019+0000] {logging_mixin.py:188} INFO - [2026-05-05T02:09:48.019+0000] {dagbag.py:538} INFO - Filling up the DagBag from /opt/airflow/dags/etl_ecommerce.py
[2026-05-05T02:09:48.048+0000] {processor.py:840} INFO - DAG(s) 'etl_ecommerce' retrieved from /opt/airflow/dags/etl_ecommerce.py
[2026-05-05T02:09:48.079+0000] {logging_mixin.py:188} INFO - [2026-05-05T02:09:48.079+0000] {dag.py:3036} INFO - Sync 1 DAGs
[2026-05-05T02:09:48.107+0000] {logging_mixin.py:188} INFO - [2026-05-05T02:09:48.107+0000] {dag.py:3823} INFO - Setting next_dagrun for etl_ecommerce to 2026-05-05 00:00:00+00:00, run_after=2026-05-06 00:00:00+00:00
[2026-05-05T02:09:48.135+0000] {processor.py:183} INFO - Processing /opt/airflow/dags/etl_ecommerce.py took 0.123 seconds
[2026-05-05T02:10:18.542+0000] {processor.py:161} INFO - Started process (PID=1689) to work on /opt/airflow/dags/etl_ecommerce.py
[2026-05-05T02:10:18.543+0000] {processor.py:830} INFO - Processing file /opt/airflow/dags/etl_ecommerce.py for tasks to queue
[2026-05-05T02:10:18.544+0000] {logging_mixin.py:188} INFO - [2026-05-05T02:10:18.544+0000] {dagbag.py:538} INFO - Filling up the DagBag from /opt/airflow/dags/etl_ecommerce.py
[2026-05-05T02:10:18.571+0000] {processor.py:840} INFO - DAG(s) 'etl_ecommerce' retrieved from /opt/airflow/dags/etl_ecommerce.py
[2026-05-05T02:10:18.601+0000] {logging_mixin.py:188} INFO - [2026-05-05T02:10:18.601+0000] {dag.py:3036} INFO - Sync 1 DAGs
[2026-05-05T02:10:18.627+0000] {logging_mixin.py:188} INFO - [2026-05-05T02:10:18.627+0000] {dag.py:3823} INFO - Setting next_dagrun for etl_ecommerce to 2026-05-05 00:00:00+00:00, run_after=2026-05-06 00:00:00+00:00
[2026-05-05T02:10:18.650+0000] {processor.py:183} INFO - Processing /opt/airflow/dags/etl_ecommerce.py took 0.112 seconds
[2026-05-05T02:10:48.938+0000] {processor.py:161} INFO - Started process (PID=1694) to work on /opt/airflow/dags/etl_ecommerce.py
[2026-05-05T02:10:48.940+0000] {processor.py:830} INFO - Processing file /opt/airflow/dags/etl_ecommerce.py for tasks to queue
[2026-05-05T02:10:48.941+0000] {logging_mixin.py:188} INFO - [2026-05-05T02:10:48.940+0000] {dagbag.py:538} INFO - Filling up the DagBag from /opt/airflow/dags/etl_ecommerce.py
[2026-05-05T02:10:48.966+0000] {processor.py:840} INFO - DAG(s) 'etl_ecommerce' retrieved from /opt/airflow/dags/etl_ecommerce.py
[2026-05-05T02:10:48.996+0000] {logging_mixin.py:188} INFO - [2026-05-05T02:10:48.996+0000] {dag.py:3036} INFO - Sync 1 DAGs
[2026-05-05T02:10:49.019+0000] {logging_mixin.py:188} INFO - [2026-05-05T02:10:49.018+0000] {dag.py:3823} INFO - Setting next_dagrun for etl_ecommerce to 2026-05-05 00:00:00+00:00, run_after=2026-05-06 00:00:00+00:00
[2026-05-05T02:10:49.039+0000] {processor.py:183} INFO - Processing /opt/airflow/dags/etl_ecommerce.py took 0.104 seconds
[2026-05-05T02:11:19.437+0000] {processor.py:161} INFO - Started process (PID=1699) to work on /opt/airflow/dags/etl_ecommerce.py
[2026-05-05T02:11:19.438+0000] {processor.py:830} INFO - Processing file /opt/airflow/dags/etl_ecommerce.py for tasks to queue
[2026-05-05T02:11:19.439+0000] {logging_mixin.py:188} INFO - [2026-05-05T02:11:19.439+0000] {dagbag.py:538} INFO - Filling up the DagBag from /opt/airflow/dags/etl_ecommerce.py
[2026-05-05T02:11:19.468+0000] {processor.py:840} INFO - DAG(s) 'etl_ecommerce' retrieved from /opt/airflow/dags/etl_ecommerce.py
[2026-05-05T02:11:19.499+0000] {logging_mixin.py:188} INFO - [2026-05-05T02:11:19.499+0000] {dag.py:3036} INFO - Sync 1 DAGs
[2026-05-05T02:11:19.525+0000] {logging_mixin.py:188} INFO - [2026-05-05T02:11:19.524+0000] {dag.py:3823} INFO - Setting next_dagrun for etl_ecommerce to 2026-05-05 00:00:00+00:00, run_after=2026-05-06 00:00:00+00:00
[2026-05-05T02:11:19.547+0000] {processor.py:183} INFO - Processing /opt/airflow/dags/etl_ecommerce.py took 0.113 seconds
[2026-05-05T02:11:49.804+0000] {processor.py:161} INFO - Started process (PID=1704) to work on /opt/airflow/dags/etl_ecommerce.py
[2026-05-05T02:11:49.805+0000] {processor.py:830} INFO - Processing file /opt/airflow/dags/etl_ecommerce.py for tasks to queue
[2026-05-05T02:11:49.806+0000] {logging_mixin.py:188} INFO - [2026-05-05T02:11:49.806+0000] {dagbag.py:538} INFO - Filling up the DagBag from /opt/airflow/dags/etl_ecommerce.py
[2026-05-05T02:11:49.835+0000] {processor.py:840} INFO - DAG(s) 'etl_ecommerce' retrieved from /opt/airflow/dags/etl_ecommerce.py
[2026-05-05T02:11:49.867+0000] {logging_mixin.py:188} INFO - [2026-05-05T02:11:49.867+0000] {dag.py:3036} INFO - Sync 1 DAGs
[2026-05-05T02:11:49.892+0000] {logging_mixin.py:188} INFO - [2026-05-05T02:11:49.892+0000] {dag.py:3823} INFO - Setting next_dagrun for etl_ecommerce to 2026-05-05 00:00:00+00:00, run_after=2026-05-06 00:00:00+00:00
[2026-05-05T02:11:49.912+0000] {processor.py:183} INFO - Processing /opt/airflow/dags/etl_ecommerce.py took 0.112 seconds
[2026-05-05T02:12:20.324+0000] {processor.py:161} INFO - Started process (PID=1709) to work on /opt/airflow/dags/etl_ecommerce.py
[2026-05-05T02:12:20.326+0000] {processor.py:830} INFO - Processing file /opt/airflow/dags/etl_ecommerce.py for tasks to queue
[2026-05-05T02:12:20.327+0000] {logging_mixin.py:188} INFO - [2026-05-05T02:12:20.327+0000] {dagbag.py:538} INFO - Filling up the DagBag from /opt/airflow/dags/etl_ecommerce.py
[2026-05-05T02:12:20.355+0000] {processor.py:840} INFO - DAG(s) 'etl_ecommerce' retrieved from /opt/airflow/dags/etl_ecommerce.py
[2026-05-05T02:12:20.384+0000] {logging_mixin.py:188} INFO - [2026-05-05T02:12:20.384+0000] {dag.py:3036} INFO - Sync 1 DAGs
[2026-05-05T02:12:20.408+0000] {logging_mixin.py:188} INFO - [2026-05-05T02:12:20.408+0000] {dag.py:3823} INFO - Setting next_dagrun for etl_ecommerce to 2026-05-05 00:00:00+00:00, run_after=2026-05-06 00:00:00+00:00
[2026-05-05T02:12:20.428+0000] {processor.py:183} INFO - Processing /opt/airflow/dags/etl_ecommerce.py took 0.107 seconds
[2026-05-05T02:12:50.730+0000] {processor.py:161} INFO - Started process (PID=1714) to work on /opt/airflow/dags/etl_ecommerce.py
[2026-05-05T02:12:50.732+0000] {processor.py:830} INFO - Processing file /opt/airflow/dags/etl_ecommerce.py for tasks to queue
[2026-05-05T02:12:50.733+0000] {logging_mixin.py:188} INFO - [2026-05-05T02:12:50.733+0000] {dagbag.py:538} INFO - Filling up the DagBag from /opt/airflow/dags/etl_ecommerce.py
[2026-05-05T02:12:50.767+0000] {processor.py:840} INFO - DAG(s) 'etl_ecommerce' retrieved from /opt/airflow/dags/etl_ecommerce.py
[2026-05-05T02:12:50.799+0000] {logging_mixin.py:188} INFO - [2026-05-05T02:12:50.799+0000] {dag.py:3036} INFO - Sync 1 DAGs
[2026-05-05T02:12:50.823+0000] {logging_mixin.py:188} INFO - [2026-05-05T02:12:50.823+0000] {dag.py:3823} INFO - Setting next_dagrun for etl_ecommerce to 2026-05-05 00:00:00+00:00, run_after=2026-05-06 00:00:00+00:00
[2026-05-05T02:12:50.846+0000] {processor.py:183} INFO - Processing /opt/airflow/dags/etl_ecommerce.py took 0.119 seconds
[2026-05-05T02:13:21.151+0000] {processor.py:161} INFO - Started process (PID=1719) to work on /opt/airflow/dags/etl_ecommerce.py
[2026-05-05T02:13:21.152+0000] {processor.py:830} INFO - Processing file /opt/airflow/dags/etl_ecommerce.py for tasks to queue
[2026-05-05T02:13:21.154+0000] {logging_mixin.py:188} INFO - [2026-05-05T02:13:21.153+0000] {dagbag.py:538} INFO - Filling up the DagBag from /opt/airflow/dags/etl_ecommerce.py
[2026-05-05T02:13:21.185+0000] {processor.py:840} INFO - DAG(s) 'etl_ecommerce' retrieved from /opt/airflow/dags/etl_ecommerce.py
[2026-05-05T02:13:21.217+0000] {logging_mixin.py:188} INFO - [2026-05-05T02:13:21.217+0000] {dag.py:3036} INFO - Sync 1 DAGs
[2026-05-05T02:13:21.241+0000] {logging_mixin.py:188} INFO - [2026-05-05T02:13:21.241+0000] {dag.py:3823} INFO - Setting next_dagrun for etl_ecommerce to 2026-05-05 00:00:00+00:00, run_after=2026-05-06 00:00:00+00:00
[2026-05-05T02:13:21.263+0000] {processor.py:183} INFO - Processing /opt/airflow/dags/etl_ecommerce.py took 0.118 seconds
[2026-05-05T02:13:51.581+0000] {processor.py:161} INFO - Started process (PID=1724) to work on /opt/airflow/dags/etl_ecommerce.py
[2026-05-05T02:13:51.583+0000] {processor.py:830} INFO - Processing file /opt/airflow/dags/etl_ecommerce.py for tasks to queue
[2026-05-05T02:13:51.585+0000] {logging_mixin.py:188} INFO - [2026-05-05T02:13:51.585+0000] {dagbag.py:538} INFO - Filling up the DagBag from /opt/airflow/dags/etl_ecommerce.py
[2026-05-05T02:13:51.626+0000] {processor.py:840} INFO - DAG(s) 'etl_ecommerce' retrieved from /opt/airflow/dags/etl_ecommerce.py
[2026-05-05T02:13:51.680+0000] {logging_mixin.py:188} INFO - [2026-05-05T02:13:51.679+0000] {dag.py:3036} INFO - Sync 1 DAGs
[2026-05-05T02:13:51.708+0000] {logging_mixin.py:188} INFO - [2026-05-05T02:13:51.708+0000] {dag.py:3823} INFO - Setting next_dagrun for etl_ecommerce to 2026-05-05 00:00:00+00:00, run_after=2026-05-06 00:00:00+00:00
[2026-05-05T02:13:51.727+0000] {processor.py:183} INFO - Processing /opt/airflow/dags/etl_ecommerce.py took 0.151 seconds
[2026-05-05T02:14:22.011+0000] {processor.py:161} INFO - Started process (PID=1729) to work on /opt/airflow/dags/etl_ecommerce.py
[2026-05-05T02:14:22.012+0000] {processor.py:830} INFO - Processing file /opt/airflow/dags/etl_ecommerce.py for tasks to queue
[2026-05-05T02:14:22.013+0000] {logging_mixin.py:188} INFO - [2026-05-05T02:14:22.013+0000] {dagbag.py:538} INFO - Filling up the DagBag from /opt/airflow/dags/etl_ecommerce.py
[2026-05-05T02:14:22.044+0000] {processor.py:840} INFO - DAG(s) 'etl_ecommerce' retrieved from /opt/airflow/dags/etl_ecommerce.py
[2026-05-05T02:14:22.070+0000] {logging_mixin.py:188} INFO - [2026-05-05T02:14:22.070+0000] {dag.py:3036} INFO - Sync 1 DAGs
[2026-05-05T02:14:22.092+0000] {logging_mixin.py:188} INFO - [2026-05-05T02:14:22.092+0000] {dag.py:3823} INFO - Setting next_dagrun for etl_ecommerce to 2026-05-05 00:00:00+00:00, run_after=2026-05-06 00:00:00+00:00
[2026-05-05T02:14:22.112+0000] {processor.py:183} INFO - Processing /opt/airflow/dags/etl_ecommerce.py took 0.105 seconds
[2026-05-05T02:14:52.445+0000] {processor.py:161} INFO - Started process (PID=1734) to work on /opt/airflow/dags/etl_ecommerce.py
[2026-05-05T02:14:52.447+0000] {processor.py:830} INFO - Processing file /opt/airflow/dags/etl_ecommerce.py for tasks to queue
[2026-05-05T02:14:52.448+0000] {logging_mixin.py:188} INFO - [2026-05-05T02:14:52.447+0000] {dagbag.py:538} INFO - Filling up the DagBag from /opt/airflow/dags/etl_ecommerce.py
[2026-05-05T02:14:52.478+0000] {processor.py:840} INFO - DAG(s) 'etl_ecommerce' retrieved from /opt/airflow/dags/etl_ecommerce.py
[2026-05-05T02:14:52.506+0000] {logging_mixin.py:188} INFO - [2026-05-05T02:14:52.506+0000] {dag.py:3036} INFO - Sync 1 DAGs
[2026-05-05T02:14:52.530+0000] {logging_mixin.py:188} INFO - [2026-05-05T02:14:52.530+0000] {dag.py:3823} INFO - Setting next_dagrun for etl_ecommerce to 2026-05-05 00:00:00+00:00, run_after=2026-05-06 00:00:00+00:00
[2026-05-05T02:14:52.552+0000] {processor.py:183} INFO - Processing /opt/airflow/dags/etl_ecommerce.py took 0.110 seconds
[2026-05-05T02:15:22.850+0000] {processor.py:161} INFO - Started process (PID=1739) to work on /opt/airflow/dags/etl_ecommerce.py
[2026-05-05T02:15:22.851+0000] {processor.py:830} INFO - Processing file /opt/airflow/dags/etl_ecommerce.py for tasks to queue
[2026-05-05T02:15:22.852+0000] {logging_mixin.py:188} INFO - [2026-05-05T02:15:22.852+0000] {dagbag.py:538} INFO - Filling up the DagBag from /opt/airflow/dags/etl_ecommerce.py
[2026-05-05T02:15:22.882+0000] {processor.py:840} INFO - DAG(s) 'etl_ecommerce' retrieved from /opt/airflow/dags/etl_ecommerce.py
[2026-05-05T02:15:22.911+0000] {logging_mixin.py:188} INFO - [2026-05-05T02:15:22.910+0000] {dag.py:3036} INFO - Sync 1 DAGs
[2026-05-05T02:15:22.935+0000] {logging_mixin.py:188} INFO - [2026-05-05T02:15:22.935+0000] {dag.py:3823} INFO - Setting next_dagrun for etl_ecommerce to 2026-05-05 00:00:00+00:00, run_after=2026-05-06 00:00:00+00:00
[2026-05-05T02:15:22.957+0000] {processor.py:183} INFO - Processing /opt/airflow/dags/etl_ecommerce.py took 0.112 seconds
[2026-05-05T02:15:53.257+0000] {processor.py:161} INFO - Started process (PID=1744) to work on /opt/airflow/dags/etl_ecommerce.py
[2026-05-05T02:15:53.258+0000] {processor.py:830} INFO - Processing file /opt/airflow/dags/etl_ecommerce.py for tasks to queue
[2026-05-05T02:15:53.260+0000] {logging_mixin.py:188} INFO - [2026-05-05T02:15:53.259+0000] {dagbag.py:538} INFO - Filling up the DagBag from /opt/airflow/dags/etl_ecommerce.py
[2026-05-05T02:15:53.289+0000] {processor.py:840} INFO - DAG(s) 'etl_ecommerce' retrieved from /opt/airflow/dags/etl_ecommerce.py
[2026-05-05T02:15:53.321+0000] {logging_mixin.py:188} INFO - [2026-05-05T02:15:53.320+0000] {dag.py:3036} INFO - Sync 1 DAGs
[2026-05-05T02:15:53.346+0000] {logging_mixin.py:188} INFO - [2026-05-05T02:15:53.345+0000] {dag.py:3823} INFO - Setting next_dagrun for etl_ecommerce to 2026-05-05 00:00:00+00:00, run_after=2026-05-06 00:00:00+00:00
[2026-05-05T02:15:53.367+0000] {processor.py:183} INFO - Processing /opt/airflow/dags/etl_ecommerce.py took 0.114 seconds
[2026-05-05T02:16:23.647+0000] {processor.py:161} INFO - Started process (PID=1749) to work on /opt/airflow/dags/etl_ecommerce.py
[2026-05-05T02:16:23.649+0000] {processor.py:830} INFO - Processing file /opt/airflow/dags/etl_ecommerce.py for tasks to queue
[2026-05-05T02:16:23.650+0000] {logging_mixin.py:188} INFO - [2026-05-05T02:16:23.650+0000] {dagbag.py:538} INFO - Filling up the DagBag from /opt/airflow/dags/etl_ecommerce.py
[2026-05-05T02:16:23.679+0000] {processor.py:840} INFO - DAG(s) 'etl_ecommerce' retrieved from /opt/airflow/dags/etl_ecommerce.py
[2026-05-05T02:16:23.713+0000] {logging_mixin.py:188} INFO - [2026-05-05T02:16:23.713+0000] {dag.py:3036} INFO - Sync 1 DAGs
[2026-05-05T02:16:23.737+0000] {logging_mixin.py:188} INFO - [2026-05-05T02:16:23.736+0000] {dag.py:3823} INFO - Setting next_dagrun for etl_ecommerce to 2026-05-05 00:00:00+00:00, run_after=2026-05-06 00:00:00+00:00
[2026-05-05T02:16:23.757+0000] {processor.py:183} INFO - Processing /opt/airflow/dags/etl_ecommerce.py took 0.113 seconds
[2026-05-05T02:16:54.070+0000] {processor.py:161} INFO - Started process (PID=1754) to work on /opt/airflow/dags/etl_ecommerce.py
[2026-05-05T02:16:54.071+0000] {processor.py:830} INFO - Processing file /opt/airflow/dags/etl_ecommerce.py for tasks to queue
[2026-05-05T02:16:54.072+0000] {logging_mixin.py:188} INFO - [2026-05-05T02:16:54.072+0000] {dagbag.py:538} INFO - Filling up the DagBag from /opt/airflow/dags/etl_ecommerce.py
[2026-05-05T02:16:54.102+0000] {processor.py:840} INFO - DAG(s) 'etl_ecommerce' retrieved from /opt/airflow/dags/etl_ecommerce.py
[2026-05-05T02:16:54.134+0000] {logging_mixin.py:188} INFO - [2026-05-05T02:16:54.133+0000] {dag.py:3036} INFO - Sync 1 DAGs
[2026-05-05T02:16:54.158+0000] {logging_mixin.py:188} INFO - [2026-05-05T02:16:54.157+0000] {dag.py:3823} INFO - Setting next_dagrun for etl_ecommerce to 2026-05-05 00:00:00+00:00, run_after=2026-05-06 00:00:00+00:00
[2026-05-05T02:16:54.178+0000] {processor.py:183} INFO - Processing /opt/airflow/dags/etl_ecommerce.py took 0.111 seconds
[2026-05-05T02:17:24.498+0000] {processor.py:161} INFO - Started process (PID=1759) to work on /opt/airflow/dags/etl_ecommerce.py
[2026-05-05T02:17:24.499+0000] {processor.py:830} INFO - Processing file /opt/airflow/dags/etl_ecommerce.py for tasks to queue
[2026-05-05T02:17:24.500+0000] {logging_mixin.py:188} INFO - [2026-05-05T02:17:24.500+0000] {dagbag.py:538} INFO - Filling up the DagBag from /opt/airflow/dags/etl_ecommerce.py
[2026-05-05T02:17:24.527+0000] {processor.py:840} INFO - DAG(s) 'etl_ecommerce' retrieved from /opt/airflow/dags/etl_ecommerce.py
[2026-05-05T02:17:24.558+0000] {logging_mixin.py:188} INFO - [2026-05-05T02:17:24.558+0000] {dag.py:3036} INFO - Sync 1 DAGs
[2026-05-05T02:17:24.581+0000] {logging_mixin.py:188} INFO - [2026-05-05T02:17:24.581+0000] {dag.py:3823} INFO - Setting next_dagrun for etl_ecommerce to 2026-05-05 00:00:00+00:00, run_after=2026-05-06 00:00:00+00:00
[2026-05-05T02:17:24.601+0000] {processor.py:183} INFO - Processing /opt/airflow/dags/etl_ecommerce.py took 0.107 seconds
[2026-05-05T02:17:54.952+0000] {processor.py:161} INFO - Started process (PID=1764) to work on /opt/airflow/dags/etl_ecommerce.py
[2026-05-05T02:17:54.954+0000] {processor.py:830} INFO - Processing file /opt/airflow/dags/etl_ecommerce.py for tasks to queue
[2026-05-05T02:17:54.955+0000] {logging_mixin.py:188} INFO - [2026-05-05T02:17:54.955+0000] {dagbag.py:538} INFO - Filling up the DagBag from /opt/airflow/dags/etl_ecommerce.py
[2026-05-05T02:17:54.987+0000] {processor.py:840} INFO - DAG(s) 'etl_ecommerce' retrieved from /opt/airflow/dags/etl_ecommerce.py
[2026-05-05T02:17:55.022+0000] {logging_mixin.py:188} INFO - [2026-05-05T02:17:55.021+0000] {dag.py:3036} INFO - Sync 1 DAGs
[2026-05-05T02:17:55.050+0000] {logging_mixin.py:188} INFO - [2026-05-05T02:17:55.050+0000] {dag.py:3823} INFO - Setting next_dagrun for etl_ecommerce to 2026-05-05 00:00:00+00:00, run_after=2026-05-06 00:00:00+00:00
[2026-05-05T02:17:55.073+0000] {processor.py:183} INFO - Processing /opt/airflow/dags/etl_ecommerce.py took 0.125 seconds
[2026-05-05T02:18:25.338+0000] {processor.py:161} INFO - Started process (PID=1769) to work on /opt/airflow/dags/etl_ecommerce.py
[2026-05-05T02:18:25.340+0000] {processor.py:830} INFO - Processing file /opt/airflow/dags/etl_ecommerce.py for tasks to queue
[2026-05-05T02:18:25.341+0000] {logging_mixin.py:188} INFO - [2026-05-05T02:18:25.341+0000] {dagbag.py:538} INFO - Filling up the DagBag from /opt/airflow/dags/etl_ecommerce.py
[2026-05-05T02:18:25.373+0000] {processor.py:840} INFO - DAG(s) 'etl_ecommerce' retrieved from /opt/airflow/dags/etl_ecommerce.py
[2026-05-05T02:18:25.408+0000] {logging_mixin.py:188} INFO - [2026-05-05T02:18:25.407+0000] {dag.py:3036} INFO - Sync 1 DAGs
[2026-05-05T02:18:25.432+0000] {logging_mixin.py:188} INFO - [2026-05-05T02:18:25.431+0000] {dag.py:3823} INFO - Setting next_dagrun for etl_ecommerce to 2026-05-05 00:00:00+00:00, run_after=2026-05-06 00:00:00+00:00
[2026-05-05T02:18:25.451+0000] {processor.py:183} INFO - Processing /opt/airflow/dags/etl_ecommerce.py took 0.117 seconds
[2026-05-05T02:18:55.830+0000] {processor.py:161} INFO - Started process (PID=1774) to work on /opt/airflow/dags/etl_ecommerce.py
[2026-05-05T02:18:55.832+0000] {processor.py:830} INFO - Processing file /opt/airflow/dags/etl_ecommerce.py for tasks to queue
[2026-05-05T02:18:55.833+0000] {logging_mixin.py:188} INFO - [2026-05-05T02:18:55.833+0000] {dagbag.py:538} INFO - Filling up the DagBag from /opt/airflow/dags/etl_ecommerce.py
[2026-05-05T02:18:55.862+0000] {processor.py:840} INFO - DAG(s) 'etl_ecommerce' retrieved from /opt/airflow/dags/etl_ecommerce.py
[2026-05-05T02:18:55.893+0000] {logging_mixin.py:188} INFO - [2026-05-05T02:18:55.893+0000] {dag.py:3036} INFO - Sync 1 DAGs
[2026-05-05T02:18:55.932+0000] {logging_mixin.py:188} INFO - [2026-05-05T02:18:55.932+0000] {dag.py:3823} INFO - Setting next_dagrun for etl_ecommerce to 2026-05-05 00:00:00+00:00, run_after=2026-05-06 00:00:00+00:00
[2026-05-05T02:18:55.977+0000] {processor.py:183} INFO - Processing /opt/airflow/dags/etl_ecommerce.py took 0.150 seconds
[2026-05-05T02:19:26.226+0000] {processor.py:161} INFO - Started process (PID=1779) to work on /opt/airflow/dags/etl_ecommerce.py
[2026-05-05T02:19:26.228+0000] {processor.py:830} INFO - Processing file /opt/airflow/dags/etl_ecommerce.py for tasks to queue
[2026-05-05T02:19:26.229+0000] {logging_mixin.py:188} INFO - [2026-05-05T02:19:26.229+0000] {dagbag.py:538} INFO - Filling up the DagBag from /opt/airflow/dags/etl_ecommerce.py
[2026-05-05T02:19:26.260+0000] {processor.py:840} INFO - DAG(s) 'etl_ecommerce' retrieved from /opt/airflow/dags/etl_ecommerce.py
[2026-05-05T02:19:26.295+0000] {logging_mixin.py:188} INFO - [2026-05-05T02:19:26.295+0000] {dag.py:3036} INFO - Sync 1 DAGs
[2026-05-05T02:19:26.322+0000] {logging_mixin.py:188} INFO - [2026-05-05T02:19:26.322+0000] {dag.py:3823} INFO - Setting next_dagrun for etl_ecommerce to 2026-05-05 00:00:00+00:00, run_after=2026-05-06 00:00:00+00:00
[2026-05-05T02:19:26.344+0000] {processor.py:183} INFO - Processing /opt/airflow/dags/etl_ecommerce.py took 0.123 seconds
[2026-05-05T02:19:56.801+0000] {processor.py:161} INFO - Started process (PID=1784) to work on /opt/airflow/dags/etl_ecommerce.py
[2026-05-05T02:19:56.804+0000] {processor.py:830} INFO - Processing file /opt/airflow/dags/etl_ecommerce.py for tasks to queue
[2026-05-05T02:19:56.807+0000] {logging_mixin.py:188} INFO - [2026-05-05T02:19:56.806+0000] {dagbag.py:538} INFO - Filling up the DagBag from /opt/airflow/dags/etl_ecommerce.py
[2026-05-05T02:19:56.867+0000] {processor.py:840} INFO - DAG(s) 'etl_ecommerce' retrieved from /opt/airflow/dags/etl_ecommerce.py
[2026-05-05T02:19:56.921+0000] {logging_mixin.py:188} INFO - [2026-05-05T02:19:56.921+0000] {dag.py:3036} INFO - Sync 1 DAGs
[2026-05-05T02:19:56.951+0000] {logging_mixin.py:188} INFO - [2026-05-05T02:19:56.950+0000] {dag.py:3823} INFO - Setting next_dagrun for etl_ecommerce to 2026-05-05 00:00:00+00:00, run_after=2026-05-06 00:00:00+00:00
[2026-05-05T02:19:56.972+0000] {processor.py:183} INFO - Processing /opt/airflow/dags/etl_ecommerce.py took 0.178 seconds
[2026-05-05T02:20:27.176+0000] {processor.py:161} INFO - Started process (PID=1789) to work on /opt/airflow/dags/etl_ecommerce.py
[2026-05-05T02:20:27.178+0000] {processor.py:830} INFO - Processing file /opt/airflow/dags/etl_ecommerce.py for tasks to queue
[2026-05-05T02:20:27.179+0000] {logging_mixin.py:188} INFO - [2026-05-05T02:20:27.179+0000] {dagbag.py:538} INFO - Filling up the DagBag from /opt/airflow/dags/etl_ecommerce.py
[2026-05-05T02:20:27.210+0000] {processor.py:840} INFO - DAG(s) 'etl_ecommerce' retrieved from /opt/airflow/dags/etl_ecommerce.py
[2026-05-05T02:20:27.241+0000] {logging_mixin.py:188} INFO - [2026-05-05T02:20:27.241+0000] {dag.py:3036} INFO - Sync 1 DAGs
[2026-05-05T02:20:27.264+0000] {logging_mixin.py:188} INFO - [2026-05-05T02:20:27.264+0000] {dag.py:3823} INFO - Setting next_dagrun for etl_ecommerce to 2026-05-05 00:00:00+00:00, run_after=2026-05-06 00:00:00+00:00
[2026-05-05T02:20:27.285+0000] {processor.py:183} INFO - Processing /opt/airflow/dags/etl_ecommerce.py took 0.114 seconds
[2026-05-05T02:20:57.533+0000] {processor.py:161} INFO - Started process (PID=1794) to work on /opt/airflow/dags/etl_ecommerce.py
[2026-05-05T02:20:57.535+0000] {processor.py:830} INFO - Processing file /opt/airflow/dags/etl_ecommerce.py for tasks to queue
[2026-05-05T02:20:57.536+0000] {logging_mixin.py:188} INFO - [2026-05-05T02:20:57.536+0000] {dagbag.py:538} INFO - Filling up the DagBag from /opt/airflow/dags/etl_ecommerce.py
[2026-05-05T02:20:57.569+0000] {processor.py:840} INFO - DAG(s) 'etl_ecommerce' retrieved from /opt/airflow/dags/etl_ecommerce.py
[2026-05-05T02:20:57.611+0000] {logging_mixin.py:188} INFO - [2026-05-05T02:20:57.611+0000] {dag.py:3036} INFO - Sync 1 DAGs
[2026-05-05T02:20:57.633+0000] {logging_mixin.py:188} INFO - [2026-05-05T02:20:57.632+0000] {dag.py:3823} INFO - Setting next_dagrun for etl_ecommerce to 2026-05-05 00:00:00+00:00, run_after=2026-05-06 00:00:00+00:00
[2026-05-05T02:20:57.653+0000] {processor.py:183} INFO - Processing /opt/airflow/dags/etl_ecommerce.py took 0.124 seconds
[2026-05-05T02:21:28.024+0000] {processor.py:161} INFO - Started process (PID=1799) to work on /opt/airflow/dags/etl_ecommerce.py
[2026-05-05T02:21:28.025+0000] {processor.py:830} INFO - Processing file /opt/airflow/dags/etl_ecommerce.py for tasks to queue
[2026-05-05T02:21:28.027+0000] {logging_mixin.py:188} INFO - [2026-05-05T02:21:28.026+0000] {dagbag.py:538} INFO - Filling up the DagBag from /opt/airflow/dags/etl_ecommerce.py
[2026-05-05T02:21:28.057+0000] {processor.py:840} INFO - DAG(s) 'etl_ecommerce' retrieved from /opt/airflow/dags/etl_ecommerce.py
[2026-05-05T02:21:28.083+0000] {logging_mixin.py:188} INFO - [2026-05-05T02:21:28.082+0000] {dag.py:3036} INFO - Sync 1 DAGs
[2026-05-05T02:21:28.103+0000] {logging_mixin.py:188} INFO - [2026-05-05T02:21:28.102+0000] {dag.py:3823} INFO - Setting next_dagrun for etl_ecommerce to 2026-05-05 00:00:00+00:00, run_after=2026-05-06 00:00:00+00:00
[2026-05-05T02:21:28.121+0000] {processor.py:183} INFO - Processing /opt/airflow/dags/etl_ecommerce.py took 0.100 seconds
[2026-05-05T02:21:58.419+0000] {processor.py:161} INFO - Started process (PID=1804) to work on /opt/airflow/dags/etl_ecommerce.py
[2026-05-05T02:21:58.420+0000] {processor.py:830} INFO - Processing file /opt/airflow/dags/etl_ecommerce.py for tasks to queue
[2026-05-05T02:21:58.422+0000] {logging_mixin.py:188} INFO - [2026-05-05T02:21:58.421+0000] {dagbag.py:538} INFO - Filling up the DagBag from /opt/airflow/dags/etl_ecommerce.py
[2026-05-05T02:21:58.450+0000] {processor.py:840} INFO - DAG(s) 'etl_ecommerce' retrieved from /opt/airflow/dags/etl_ecommerce.py
[2026-05-05T02:21:58.477+0000] {logging_mixin.py:188} INFO - [2026-05-05T02:21:58.477+0000] {dag.py:3036} INFO - Sync 1 DAGs
[2026-05-05T02:21:58.498+0000] {logging_mixin.py:188} INFO - [2026-05-05T02:21:58.498+0000] {dag.py:3823} INFO - Setting next_dagrun for etl_ecommerce to 2026-05-05 00:00:00+00:00, run_after=2026-05-06 00:00:00+00:00
[2026-05-05T02:21:58.517+0000] {processor.py:183} INFO - Processing /opt/airflow/dags/etl_ecommerce.py took 0.101 seconds
[2026-05-05T02:22:28.917+0000] {processor.py:161} INFO - Started process (PID=1809) to work on /opt/airflow/dags/etl_ecommerce.py
[2026-05-05T02:22:28.918+0000] {processor.py:830} INFO - Processing file /opt/airflow/dags/etl_ecommerce.py for tasks to queue
[2026-05-05T02:22:28.919+0000] {logging_mixin.py:188} INFO - [2026-05-05T02:22:28.919+0000] {dagbag.py:538} INFO - Filling up the DagBag from /opt/airflow/dags/etl_ecommerce.py
[2026-05-05T02:22:28.944+0000] {processor.py:840} INFO - DAG(s) 'etl_ecommerce' retrieved from /opt/airflow/dags/etl_ecommerce.py
[2026-05-05T02:22:28.970+0000] {logging_mixin.py:188} INFO - [2026-05-05T02:22:28.970+0000] {dag.py:3036} INFO - Sync 1 DAGs
[2026-05-05T02:22:28.991+0000] {logging_mixin.py:188} INFO - [2026-05-05T02:22:28.991+0000] {dag.py:3823} INFO - Setting next_dagrun for etl_ecommerce to 2026-05-05 00:00:00+00:00, run_after=2026-05-06 00:00:00+00:00
[2026-05-05T02:22:29.010+0000] {processor.py:183} INFO - Processing /opt/airflow/dags/etl_ecommerce.py took 0.096 seconds
[2026-05-05T02:22:59.319+0000] {processor.py:161} INFO - Started process (PID=1814) to work on /opt/airflow/dags/etl_ecommerce.py
[2026-05-05T02:22:59.321+0000] {processor.py:830} INFO - Processing file /opt/airflow/dags/etl_ecommerce.py for tasks to queue
[2026-05-05T02:22:59.322+0000] {logging_mixin.py:188} INFO - [2026-05-05T02:22:59.322+0000] {dagbag.py:538} INFO - Filling up the DagBag from /opt/airflow/dags/etl_ecommerce.py
[2026-05-05T02:22:59.351+0000] {processor.py:840} INFO - DAG(s) 'etl_ecommerce' retrieved from /opt/airflow/dags/etl_ecommerce.py
[2026-05-05T02:22:59.380+0000] {logging_mixin.py:188} INFO - [2026-05-05T02:22:59.380+0000] {dag.py:3036} INFO - Sync 1 DAGs
[2026-05-05T02:22:59.406+0000] {logging_mixin.py:188} INFO - [2026-05-05T02:22:59.406+0000] {dag.py:3823} INFO - Setting next_dagrun for etl_ecommerce to 2026-05-05 00:00:00+00:00, run_after=2026-05-06 00:00:00+00:00
[2026-05-05T02:22:59.427+0000] {processor.py:183} INFO - Processing /opt/airflow/dags/etl_ecommerce.py took 0.111 seconds
[2026-05-05T02:23:29.863+0000] {processor.py:161} INFO - Started process (PID=1819) to work on /opt/airflow/dags/etl_ecommerce.py
[2026-05-05T02:23:29.864+0000] {processor.py:830} INFO - Processing file /opt/airflow/dags/etl_ecommerce.py for tasks to queue
[2026-05-05T02:23:29.865+0000] {logging_mixin.py:188} INFO - [2026-05-05T02:23:29.865+0000] {dagbag.py:538} INFO - Filling up the DagBag from /opt/airflow/dags/etl_ecommerce.py
[2026-05-05T02:23:29.890+0000] {processor.py:840} INFO - DAG(s) 'etl_ecommerce' retrieved from /opt/airflow/dags/etl_ecommerce.py
[2026-05-05T02:23:29.916+0000] {logging_mixin.py:188} INFO - [2026-05-05T02:23:29.915+0000] {dag.py:3036} INFO - Sync 1 DAGs
[2026-05-05T02:23:29.935+0000] {logging_mixin.py:188} INFO - [2026-05-05T02:23:29.935+0000] {dag.py:3823} INFO - Setting next_dagrun for etl_ecommerce to 2026-05-05 00:00:00+00:00, run_after=2026-05-06 00:00:00+00:00
[2026-05-05T02:23:29.954+0000] {processor.py:183} INFO - Processing /opt/airflow/dags/etl_ecommerce.py took 0.094 seconds
[2026-05-05T02:24:00.210+0000] {processor.py:161} INFO - Started process (PID=1824) to work on /opt/airflow/dags/etl_ecommerce.py
[2026-05-05T02:24:00.211+0000] {processor.py:830} INFO - Processing file /opt/airflow/dags/etl_ecommerce.py for tasks to queue
[2026-05-05T02:24:00.212+0000] {logging_mixin.py:188} INFO - [2026-05-05T02:24:00.212+0000] {dagbag.py:538} INFO - Filling up the DagBag from /opt/airflow/dags/etl_ecommerce.py
[2026-05-05T02:24:00.251+0000] {processor.py:840} INFO - DAG(s) 'etl_ecommerce' retrieved from /opt/airflow/dags/etl_ecommerce.py
[2026-05-05T02:24:00.294+0000] {logging_mixin.py:188} INFO - [2026-05-05T02:24:00.293+0000] {dag.py:3036} INFO - Sync 1 DAGs
[2026-05-05T02:24:00.316+0000] {logging_mixin.py:188} INFO - [2026-05-05T02:24:00.316+0000] {dag.py:3823} INFO - Setting next_dagrun for etl_ecommerce to 2026-05-05 00:00:00+00:00, run_after=2026-05-06 00:00:00+00:00
[2026-05-05T02:24:00.336+0000] {processor.py:183} INFO - Processing /opt/airflow/dags/etl_ecommerce.py took 0.130 seconds
[2026-05-05T02:24:30.669+0000] {processor.py:161} INFO - Started process (PID=1829) to work on /opt/airflow/dags/etl_ecommerce.py
[2026-05-05T02:24:30.671+0000] {processor.py:830} INFO - Processing file /opt/airflow/dags/etl_ecommerce.py for tasks to queue
[2026-05-05T02:24:30.672+0000] {logging_mixin.py:188} INFO - [2026-05-05T02:24:30.672+0000] {dagbag.py:538} INFO - Filling up the DagBag from /opt/airflow/dags/etl_ecommerce.py
[2026-05-05T02:24:30.701+0000] {processor.py:840} INFO - DAG(s) 'etl_ecommerce' retrieved from /opt/airflow/dags/etl_ecommerce.py
[2026-05-05T02:24:30.738+0000] {logging_mixin.py:188} INFO - [2026-05-05T02:24:30.737+0000] {dag.py:3036} INFO - Sync 1 DAGs
[2026-05-05T02:24:30.765+0000] {logging_mixin.py:188} INFO - [2026-05-05T02:24:30.764+0000] {dag.py:3823} INFO - Setting next_dagrun for etl_ecommerce to 2026-05-05 00:00:00+00:00, run_after=2026-05-06 00:00:00+00:00
[2026-05-05T02:24:30.788+0000] {processor.py:183} INFO - Processing /opt/airflow/dags/etl_ecommerce.py took 0.123 seconds
[2026-05-05T02:25:01.099+0000] {processor.py:161} INFO - Started process (PID=1834) to work on /opt/airflow/dags/etl_ecommerce.py
[2026-05-05T02:25:01.100+0000] {processor.py:830} INFO - Processing file /opt/airflow/dags/etl_ecommerce.py for tasks to queue
[2026-05-05T02:25:01.101+0000] {logging_mixin.py:188} INFO - [2026-05-05T02:25:01.101+0000] {dagbag.py:538} INFO - Filling up the DagBag from /opt/airflow/dags/etl_ecommerce.py
[2026-05-05T02:25:01.131+0000] {processor.py:840} INFO - DAG(s) 'etl_ecommerce' retrieved from /opt/airflow/dags/etl_ecommerce.py
[2026-05-05T02:25:01.160+0000] {logging_mixin.py:188} INFO - [2026-05-05T02:25:01.160+0000] {dag.py:3036} INFO - Sync 1 DAGs
[2026-05-05T02:25:01.183+0000] {logging_mixin.py:188} INFO - [2026-05-05T02:25:01.183+0000] {dag.py:3823} INFO - Setting next_dagrun for etl_ecommerce to 2026-05-05 00:00:00+00:00, run_after=2026-05-06 00:00:00+00:00
[2026-05-05T02:25:01.204+0000] {processor.py:183} INFO - Processing /opt/airflow/dags/etl_ecommerce.py took 0.109 seconds
[2026-05-05T02:25:31.454+0000] {processor.py:161} INFO - Started process (PID=1839) to work on /opt/airflow/dags/etl_ecommerce.py
[2026-05-05T02:25:31.455+0000] {processor.py:830} INFO - Processing file /opt/airflow/dags/etl_ecommerce.py for tasks to queue
[2026-05-05T02:25:31.457+0000] {logging_mixin.py:188} INFO - [2026-05-05T02:25:31.456+0000] {dagbag.py:538} INFO - Filling up the DagBag from /opt/airflow/dags/etl_ecommerce.py
[2026-05-05T02:25:31.486+0000] {processor.py:840} INFO - DAG(s) 'etl_ecommerce' retrieved from /opt/airflow/dags/etl_ecommerce.py
[2026-05-05T02:25:31.517+0000] {logging_mixin.py:188} INFO - [2026-05-05T02:25:31.516+0000] {dag.py:3036} INFO - Sync 1 DAGs
[2026-05-05T02:25:31.543+0000] {logging_mixin.py:188} INFO - [2026-05-05T02:25:31.543+0000] {dag.py:3823} INFO - Setting next_dagrun for etl_ecommerce to 2026-05-05 00:00:00+00:00, run_after=2026-05-06 00:00:00+00:00
[2026-05-05T02:25:31.570+0000] {processor.py:183} INFO - Processing /opt/airflow/dags/etl_ecommerce.py took 0.121 seconds
